역번호,요일유형,시,구분,일평균인원,연도
95,일,0,승차,0.3076923076923077,2025
95,일,0,하차,44.32692307692308,2025
95,일,1,승차,0.057692307692307696,2025
95,일,1,하차,0.2692307692307692,2025
95,일,2,승차,0.0,2025
95,일,2,하차,0.019230769230769232,2025
95,일,3,승차,0.09615384615384616,2025
95,일,3,하차,0.09615384615384616,2025
95,일,4,승차,17.846153846153847,2025
95,일,4,하차,0.38461538461538464,2025
95,일,5,승차,41.21153846153846,2025
95,일,5,하차,45.96153846153846,2025
95,일,6,승차,83.78846153846153,2025
95,일,6,하차,104.23076923076923,2025
95,일,7,승차,125.84615384615384,2025
95,일,7,하차,110.42307692307692,2025
95,일,8,승차,213.21153846153845,2025
95,일,8,하차,185.6153846153846,2025
95,일,9,승차,253.21153846153845,2025
95,일,9,하차,250.8846153846154,2025
95,일,10,승차,298.38461538461536,2025
95,일,10,하차,362.13461538461536,2025
95,일,11,승차,348.40384615384613,2025
95,일,11,하차,379.0576923076923,2025
95,일,12,승차,377.21153846153845,2025
95,일,12,하차,349.65384615384613,2025
95,일,13,승차,401.38461538461536,2025
95,일,13,하차,385.71153846153845,2025
95,일,14,승차,453.5192307692308,2025
95,일,14,하차,431.8269230769231,2025
95,일,15,승차,530.3076923076923,2025
95,일,15,하차,388.61538461538464,2025
95,일,16,승차,521.0576923076923,2025
95,일,16,하차,355.5769230769231,2025
95,일,17,승차,427.5192307692308,2025
95,일,17,하차,326.7692307692308,2025
95,일,18,승차,292.38461538461536,2025
95,일,18,하차,266.38461538461536,2025
95,일,19,승차,208.30769230769232,2025
95,일,19,하차,211.84615384615384,2025
95,일,20,승차,209.07692307692307,2025
95,일,20,하차,135.53846153846155,2025
95,일,21,승차,170.48076923076923,2025
95,일,21,하차,112.9423076923077,2025
95,일,22,승차,100.01923076923077,2025
95,일,22,하차,76.17307692307692,2025
95,일,23,승차,17.903846153846153,2025
95,일,23,하차,57.28846153846154,2025
95,주중,0,승차,0.5517241379310345,2025
95,주중,0,하차,54.452107279693486,2025
95,주중,1,승차,0.4559386973180077,2025
95,주중,1,하차,0.685823754789272,2025
95,주중,2,승차,0.1685823754789272,2025
95,주중,2,하차,0.6436781609195402,2025
95,주중,3,승차,0.367816091954023,2025
95,주중,3,하차,0.2413793103448276,2025
95,주중,4,승차,26.413793103448278,2025
95,주중,4,하차,0.7049808429118773,2025
95,주중,5,승차,67.55555555555556,2025
95,주중,5,하차,53.923371647509576,2025
95,주중,6,승차,182.50191570881225,2025
95,주중,6,하차,132.79310344827587,2025
95,주중,7,승차,430.4022988505747,2025
95,주중,7,하차,188.70498084291188,2025
95,주중,8,승차,471.86973180076626,2025
95,주중,8,하차,228.60536398467434,2025
95,주중,9,승차,364.2605363984674,2025
95,주중,9,하차,210.51340996168582,2025
95,주중,10,승차,356.3831417624521,2025
95,주중,10,하차,240.40996168582376,2025
95,주중,11,승차,366.93486590038316,2025
95,주중,11,하차,270.57471264367814,2025
95,주중,12,승차,353.42911877394636,2025
95,주중,12,하차,315.6896551724138,2025
95,주중,13,승차,359.4597701149425,2025
95,주중,13,하차,326.808429118774,2025
95,주중,14,승차,378.5249042145594,2025
95,주중,14,하차,316.39463601532566,2025
95,주중,15,승차,443.8582375478927,2025
95,주중,15,하차,321.42911877394636,2025
95,주중,16,승차,402.7049808429119,2025
95,주중,16,하차,362.71264367816093,2025
95,주중,17,승차,379.2145593869732,2025
95,주중,17,하차,356.7662835249042,2025
95,주중,18,승차,272.55555555555554,2025
95,주중,18,하차,375.4942528735632,2025
95,주중,19,승차,177.42528735632183,2025
95,주중,19,하차,273.55555555555554,2025
95,주중,20,승차,185.37164750957854,2025
95,주중,20,하차,153.24521072796935,2025
95,주중,21,승차,118.03831417624521,2025
95,주중,21,하차,129.10344827586206,2025
95,주중,22,승차,75.816091954023,2025
95,주중,22,하차,112.51724137931035,2025
95,주중,23,승차,17.735632183908045,2025
95,주중,23,하차,84.62452107279694,2025
95,토,0,승차,0.4423076923076923,2025
95,토,0,하차,65.57692307692308,2025
95,토,1,승차,0.3076923076923077,2025
95,토,1,하차,0.17307692307692307,2025
95,토,2,승차,0.07692307692307693,2025
95,토,2,하차,0.3269230769230769,2025
95,토,3,승차,0.07692307692307693,2025
95,토,3,하차,0.17307692307692307,2025
95,토,4,승차,24.173076923076923,2025
95,토,4,하차,0.6538461538461539,2025
95,토,5,승차,52.32692307692308,2025
95,토,5,하차,51.30769230769231,2025
95,토,6,승차,107.59615384615384,2025
95,토,6,하차,109.21153846153847,2025
95,토,7,승차,175.59615384615384,2025
95,토,7,하차,110.40384615384616,2025
95,토,8,승차,280.7692307692308,2025
95,토,8,하차,175.94230769230768,2025
95,토,9,승차,312.0192307692308,2025
95,토,9,하차,246.34615384615384,2025
95,토,10,승차,349.09615384615387,2025
95,토,10,하차,313.8076923076923,2025
95,토,11,승차,399.88461538461536,2025
95,토,11,하차,362.75,2025
95,토,12,승차,424.84615384615387,2025
95,토,12,하차,383.4230769230769,2025
95,토,13,승차,414.38461538461536,2025
95,토,13,하차,382.7307692307692,2025
95,토,14,승차,430.65384615384613,2025
95,토,14,하차,391.13461538461536,2025
95,토,15,승차,491.86538461538464,2025
95,토,15,하차,383.2307692307692,2025
95,토,16,승차,489.63461538461536,2025
95,토,16,하차,394.4807692307692,2025
95,토,17,승차,434.71153846153845,2025
95,토,17,하차,400.46153846153845,2025
95,토,18,승차,315.63461538461536,2025
95,토,18,하차,332.4230769230769,2025
95,토,19,승차,239.69230769230768,2025
95,토,19,하차,246.30769230769232,2025
95,토,20,승차,268.40384615384613,2025
95,토,20,하차,189.82692307692307,2025
95,토,21,승차,213.40384615384616,2025
95,토,21,하차,136.09615384615384,2025
95,토,22,승차,150.48076923076923,2025
95,토,22,하차,119.61538461538461,2025
95,토,23,승차,22.634615384615383,2025
95,토,23,하차,85.46153846153847,2025
96,일,0,승차,1.3269230769230769,2025
96,일,0,하차,17.884615384615383,2025
96,일,1,승차,0.25,2025
96,일,1,하차,0.25,2025
96,일,2,승차,0.019230769230769232,2025
96,일,2,하차,0.17307692307692307,2025
96,일,3,승차,0.0,2025
96,일,3,하차,0.057692307692307696,2025
96,일,4,승차,6.423076923076923,2025
96,일,4,하차,0.15384615384615385,2025
96,일,5,승차,42.07692307692308,2025
96,일,5,하차,16.653846153846153,2025
96,일,6,승차,53.61538461538461,2025
96,일,6,하차,68.78846153846153,2025
96,일,7,승차,72.13461538461539,2025
96,일,7,하차,48.65384615384615,2025
96,일,8,승차,100.63461538461539,2025
96,일,8,하차,72.07692307692308,2025
96,일,9,승차,135.42307692307693,2025
96,일,9,하차,95.07692307692308,2025
96,일,10,승차,169.5,2025
96,일,10,하차,145.26923076923077,2025
96,일,11,승차,179.21153846153845,2025
96,일,11,하차,206.69230769230768,2025
96,일,12,승차,183.82692307692307,2025
96,일,12,하차,201.01923076923077,2025
96,일,13,승차,196.92307692307693,2025
96,일,13,하차,184.75,2025
96,일,14,승차,233.8653846153846,2025
96,일,14,하차,188.19230769230768,2025
96,일,15,승차,212.30769230769232,2025
96,일,15,하차,223.48076923076923,2025
96,일,16,승차,184.90384615384616,2025
96,일,16,하차,235.57692307692307,2025
96,일,17,승차,157.73076923076923,2025
96,일,17,하차,217.17307692307693,2025
96,일,18,승차,128.30769230769232,2025
96,일,18,하차,180.6346153846154,2025
96,일,19,승차,91.26923076923077,2025
96,일,19,하차,131.34615384615384,2025
96,일,20,승차,66.38461538461539,2025
96,일,20,하차,112.5,2025
96,일,21,승차,48.5,2025
96,일,21,하차,91.53846153846153,2025
96,일,22,승차,33.57692307692308,2025
96,일,22,하차,71.5576923076923,2025
96,일,23,승차,7.884615384615385,2025
96,일,23,하차,46.23076923076923,2025
96,주중,0,승차,1.4329501915708813,2025
96,주중,0,하차,23.582375478927204,2025
96,주중,1,승차,0.2950191570881226,2025
96,주중,1,하차,0.5019157088122606,2025
96,주중,2,승차,0.04980842911877394,2025
96,주중,2,하차,0.1685823754789272,2025
96,주중,3,승차,0.0038314176245210726,2025
96,주중,3,하차,0.01532567049808429,2025
96,주중,4,승차,13.191570881226054,2025
96,주중,4,하차,0.36398467432950193,2025
96,주중,5,승차,71.25670498084291,2025
96,주중,5,하차,22.337164750957854,2025
96,주중,6,승차,126.29501915708812,2025
96,주중,6,하차,114.44061302681992,2025
96,주중,7,승차,280.6551724137931,2025
96,주중,7,하차,148.11494252873564,2025
96,주중,8,승차,303.7931034482759,2025
96,주중,8,하차,267.16858237547893,2025
96,주중,9,승차,237.727969348659,2025
96,주중,9,하차,201.05747126436782,2025
96,주중,10,승차,249.57088122605364,2025
96,주중,10,하차,217.38697318007664,2025
96,주중,11,승차,266.7892720306513,2025
96,주중,11,하차,262.0383141762452,2025
96,주중,12,승차,266.5249042145594,2025
96,주중,12,하차,241.96934865900383,2025
96,주중,13,승차,235.33716475095787,2025
96,주중,13,하차,258.7547892720307,2025
96,주중,14,승차,245.632183908046,2025
96,주중,14,하차,287.3448275862069,2025
96,주중,15,승차,281.1800766283525,2025
96,주중,15,하차,342.4176245210728,2025
96,주중,16,승차,266.51724137931035,2025
96,주중,16,하차,343.09961685823754,2025
96,주중,17,승차,273.6513409961686,2025
96,주중,17,하차,377.71264367816093,2025
96,주중,18,승차,227.3065134099617,2025
96,주중,18,하차,386.7931034482759,2025
96,주중,19,승차,110.11494252873563,2025
96,주중,19,하차,207.9463601532567,2025
96,주중,20,승차,87.3639846743295,2025
96,주중,20,하차,131.5977011494253,2025
96,주중,21,승차,69.39080459770115,2025
96,주중,21,하차,127.52107279693486,2025
96,주중,22,승차,47.452107279693486,2025
96,주중,22,하차,91.5478927203065,2025
96,주중,23,승차,10.551724137931034,2025
96,주중,23,하차,60.90421455938697,2025
96,토,0,승차,1.3653846153846154,2025
96,토,0,하차,29.21153846153846,2025
96,토,1,승차,0.1346153846153846,2025
96,토,1,하차,0.23076923076923078,2025
96,토,2,승차,0.0,2025
96,토,2,하차,0.09615384615384616,2025
96,토,3,승차,0.0,2025
96,토,3,하차,0.038461538461538464,2025
96,토,4,승차,11.615384615384615,2025
96,토,4,하차,0.21153846153846154,2025
96,토,5,승차,58.96153846153846,2025
96,토,5,하차,22.096153846153847,2025
96,토,6,승차,67.63461538461539,2025
96,토,6,하차,87.1923076923077,2025
96,토,7,승차,106.59615384615384,2025
96,토,7,하차,82.76923076923077,2025
96,토,8,승차,162.40384615384616,2025
96,토,8,하차,153.6346153846154,2025
96,토,9,승차,209.71153846153845,2025
96,토,9,하차,195.28846153846155,2025
96,토,10,승차,258.5,2025
96,토,10,하차,203.75,2025
96,토,11,승차,306.36538461538464,2025
96,토,11,하차,283.3269230769231,2025
96,토,12,승차,288.28846153846155,2025
96,토,12,하차,275.78846153846155,2025
96,토,13,승차,282.2307692307692,2025
96,토,13,하차,236.26923076923077,2025
96,토,14,승차,249.23076923076923,2025
96,토,14,하차,232.84615384615384,2025
96,토,15,승차,251.07692307692307,2025
96,토,15,하차,265.5576923076923,2025
96,토,16,승차,225.48076923076923,2025
96,토,16,하차,310.96153846153845,2025
96,토,17,승차,217.1346153846154,2025
96,토,17,하차,324.9807692307692,2025
96,토,18,승차,163.3846153846154,2025
96,토,18,하차,244.82692307692307,2025
96,토,19,승차,132.19230769230768,2025
96,토,19,하차,173.59615384615384,2025
96,토,20,승차,113.0576923076923,2025
96,토,20,하차,130.8653846153846,2025
96,토,21,승차,79.13461538461539,2025
96,토,21,하차,124.34615384615384,2025
96,토,22,승차,54.42307692307692,2025
96,토,22,하차,101.36538461538461,2025
96,토,23,승차,12.365384615384615,2025
96,토,23,하차,67.63461538461539,2025
97,일,0,승차,1.7884615384615385,2025
97,일,0,하차,29.057692307692307,2025
97,일,1,승차,0.38461538461538464,2025
97,일,1,하차,0.5384615384615384,2025
97,일,2,승차,0.23076923076923078,2025
97,일,2,하차,0.11538461538461539,2025
97,일,3,승차,0.0,2025
97,일,3,하차,0.0,2025
97,일,4,승차,11.115384615384615,2025
97,일,4,하차,0.2692307692307692,2025
97,일,5,승차,70.3076923076923,2025
97,일,5,하차,10.173076923076923,2025
97,일,6,승차,91.40384615384616,2025
97,일,6,하차,46.34615384615385,2025
97,일,7,승차,131.65384615384616,2025
97,일,7,하차,53.48076923076923,2025
97,일,8,승차,200.82692307692307,2025
97,일,8,하차,88.0,2025
97,일,9,승차,273.88461538461536,2025
97,일,9,하차,103.26923076923077,2025
97,일,10,승차,281.5769230769231,2025
97,일,10,하차,136.96153846153845,2025
97,일,11,승차,294.21153846153845,2025
97,일,11,하차,160.71153846153845,2025
97,일,12,승차,295.8269230769231,2025
97,일,12,하차,182.98076923076923,2025
97,일,13,승차,270.3076923076923,2025
97,일,13,하차,217.07692307692307,2025
97,일,14,승차,240.3846153846154,2025
97,일,14,하차,261.38461538461536,2025
97,일,15,승차,226.25,2025
97,일,15,하차,306.8076923076923,2025
97,일,16,승차,207.5,2025
97,일,16,하차,335.9807692307692,2025
97,일,17,승차,176.55769230769232,2025
97,일,17,하차,329.15384615384613,2025
97,일,18,승차,132.3846153846154,2025
97,일,18,하차,289.1730769230769,2025
97,일,19,승차,101.8076923076923,2025
97,일,19,하차,221.0,2025
97,일,20,승차,80.53846153846153,2025
97,일,20,하차,208.69230769230768,2025
97,일,21,승차,61.30769230769231,2025
97,일,21,하차,167.03846153846155,2025
97,일,22,승차,48.90384615384615,2025
97,일,22,하차,129.21153846153845,2025
97,일,23,승차,15.615384615384615,2025
97,일,23,하차,81.8076923076923,2025
97,주중,0,승차,2.1839080459770117,2025
97,주중,0,하차,42.87356321839081,2025
97,주중,1,승차,0.36015325670498083,2025
97,주중,1,하차,0.8505747126436781,2025
97,주중,2,승차,0.2567049808429119,2025
97,주중,2,하차,0.3218390804597701,2025
97,주중,3,승차,0.07662835249042145,2025
97,주중,3,하차,0.06896551724137931,2025
97,주중,4,승차,17.007662835249043,2025
97,주중,4,하차,0.5440613026819924,2025
97,주중,5,승차,113.19157088122606,2025
97,주중,5,하차,14.973180076628353,2025
97,주중,6,승차,237.12260536398466,2025
97,주중,6,하차,73.96934865900383,2025
97,주중,7,승차,562.471264367816,2025
97,주중,7,하차,139.4367816091954,2025
97,주중,8,승차,610.823754789272,2025
97,주중,8,하차,283.9272030651341,2025
97,주중,9,승차,451.04597701149424,2025
97,주중,9,하차,172.80842911877394,2025
97,주중,10,승차,401.06513409961684,2025
97,주중,10,하차,206.24521072796935,2025
97,주중,11,승차,360.6130268199234,2025
97,주중,11,하차,267.68199233716473,2025
97,주중,12,승차,328.7662835249042,2025
97,주중,12,하차,303.23754789272033,2025
97,주중,13,승차,332.76245210727967,2025
97,주중,13,하차,303.5402298850575,2025
97,주중,14,승차,295.2835249042146,2025
97,주중,14,하차,334.9846743295019,2025
97,주중,15,승차,294.7432950191571,2025
97,주중,15,하차,424.8735632183908,2025
97,주중,16,승차,295.5977011494253,2025
97,주중,16,하차,486.58620689655174,2025
97,주중,17,승차,300.36015325670496,2025
97,주중,17,하차,572.8735632183908,2025
97,주중,18,승차,230.42911877394636,2025
97,주중,18,하차,633.4559386973181,2025
97,주중,19,승차,121.57088122605364,2025
97,주중,19,하차,391.09578544061304,2025
97,주중,20,승차,93.45977011494253,2025
97,주중,20,하차,263.37164750957857,2025
97,주중,21,승차,74.51340996168582,2025
97,주중,21,하차,235.07662835249042,2025
97,주중,22,승차,53.90421455938697,2025
97,주중,22,하차,184.59386973180077,2025
97,주중,23,승차,19.24904214559387,2025
97,주중,23,하차,119.36781609195403,2025
97,토,0,승차,2.230769230769231,2025
97,토,0,하차,52.25,2025
97,토,1,승차,0.4230769230769231,2025
97,토,1,하차,0.8076923076923077,2025
97,토,2,승차,0.5576923076923077,2025
97,토,2,하차,0.5,2025
97,토,3,승차,0.0,2025
97,토,3,하차,0.0,2025
97,토,4,승차,17.596153846153847,2025
97,토,4,하차,0.4230769230769231,2025
97,토,5,승차,101.32692307692308,2025
97,토,5,하차,14.48076923076923,2025
97,토,6,승차,124.09615384615384,2025
97,토,6,하차,61.55769230769231,2025
97,토,7,승차,209.82692307692307,2025
97,토,7,하차,75.5576923076923,2025
97,토,8,승차,333.4807692307692,2025
97,토,8,하차,122.61538461538461,2025
97,토,9,승차,384.13461538461536,2025
97,토,9,하차,149.8653846153846,2025
97,토,10,승차,383.4230769230769,2025
97,토,10,하차,186.80769230769232,2025
97,토,11,승차,400.21153846153845,2025
97,토,11,하차,254.32692307692307,2025
97,토,12,승차,396.5,2025
97,토,12,하차,286.6730769230769,2025
97,토,13,승차,335.25,2025
97,토,13,하차,293.4423076923077,2025
97,토,14,승차,289.1923076923077,2025
97,토,14,하차,300.9423076923077,2025
97,토,15,승차,281.59615384615387,2025
97,토,15,하차,352.9230769230769,2025
97,토,16,승차,285.2692307692308,2025
97,토,16,하차,388.46153846153845,2025
97,토,17,승차,267.5576923076923,2025
97,토,17,하차,405.65384615384613,2025
97,토,18,승차,187.59615384615384,2025
97,토,18,하차,349.8076923076923,2025
97,토,19,승차,129.8846153846154,2025
97,토,19,하차,281.8269230769231,2025
97,토,20,승차,104.42307692307692,2025
97,토,20,하차,245.01923076923077,2025
97,토,21,승차,74.63461538461539,2025
97,토,21,하차,251.30769230769232,2025
97,토,22,승차,64.25,2025
97,토,22,하차,187.73076923076923,2025
97,토,23,승차,19.0,2025
97,토,23,하차,131.42307692307693,2025
98,일,0,승차,1.1923076923076923,2025
98,일,0,하차,15.75,2025
98,일,1,승차,0.07692307692307693,2025
98,일,1,하차,0.07692307692307693,2025
98,일,2,승차,0.019230769230769232,2025
98,일,2,하차,0.11538461538461539,2025
98,일,3,승차,0.0,2025
98,일,3,하차,0.0,2025
98,일,4,승차,5.961538461538462,2025
98,일,4,하차,0.23076923076923078,2025
98,일,5,승차,50.71153846153846,2025
98,일,5,하차,6.846153846153846,2025
98,일,6,승차,59.55769230769231,2025
98,일,6,하차,36.09615384615385,2025
98,일,7,승차,80.57692307692308,2025
98,일,7,하차,39.44230769230769,2025
98,일,8,승차,141.51923076923077,2025
98,일,8,하차,51.30769230769231,2025
98,일,9,승차,180.94230769230768,2025
98,일,9,하차,60.55769230769231,2025
98,일,10,승차,187.6153846153846,2025
98,일,10,하차,76.59615384615384,2025
98,일,11,승차,186.75,2025
98,일,11,하차,87.42307692307692,2025
98,일,12,승차,177.57692307692307,2025
98,일,12,하차,103.0,2025
98,일,13,승차,161.90384615384616,2025
98,일,13,하차,121.0576923076923,2025
98,일,14,승차,147.53846153846155,2025
98,일,14,하차,151.67307692307693,2025
98,일,15,승차,131.53846153846155,2025
98,일,15,하차,180.05769230769232,2025
98,일,16,승차,124.11538461538461,2025
98,일,16,하차,191.80769230769232,2025
98,일,17,승차,108.46153846153847,2025
98,일,17,하차,181.09615384615384,2025
98,일,18,승차,77.48076923076923,2025
98,일,18,하차,168.98076923076923,2025
98,일,19,승차,51.73076923076923,2025
98,일,19,하차,136.42307692307693,2025
98,일,20,승차,37.90384615384615,2025
98,일,20,하차,106.90384615384616,2025
98,일,21,승차,23.884615384615383,2025
98,일,21,하차,95.15384615384616,2025
98,일,22,승차,14.76923076923077,2025
98,일,22,하차,68.53846153846153,2025
98,일,23,승차,4.711538461538462,2025
98,일,23,하차,44.42307692307692,2025
98,주중,0,승차,1.6091954022988506,2025
98,주중,0,하차,20.628352490421456,2025
98,주중,1,승차,0.22988505747126436,2025
98,주중,1,하차,0.3831417624521073,2025
98,주중,2,승차,0.06896551724137931,2025
98,주중,2,하차,0.20689655172413793,2025
98,주중,3,승차,0.03065134099616858,2025
98,주중,3,하차,0.04597701149425287,2025
98,주중,4,승차,9.03831417624521,2025
98,주중,4,하차,0.39080459770114945,2025
98,주중,5,승차,88.17241379310344,2025
98,주중,5,하차,14.651340996168582,2025
98,주중,6,승차,138.79310344827587,2025
98,주중,6,하차,82.2183908045977,2025
98,주중,7,승차,347.8773946360153,2025
98,주중,7,하차,231.92337164750958,2025
98,주중,8,승차,390.11877394636014,2025
98,주중,8,하차,276.9655172413793,2025
98,주중,9,승차,263.8582375478927,2025
98,주중,9,하차,178.26436781609195,2025
98,주중,10,승차,263.0344827586207,2025
98,주중,10,하차,209.09961685823754,2025
98,주중,11,승차,283.11494252873564,2025
98,주중,11,하차,228.98467432950193,2025
98,주중,12,승차,279.52107279693485,2025
98,주중,12,하차,185.93869731800766,2025
98,주중,13,승차,237.75095785440612,2025
98,주중,13,하차,184.98467432950193,2025
98,주중,14,승차,199.183908045977,2025
98,주중,14,하차,206.93486590038313,2025
98,주중,15,승차,214.40996168582376,2025
98,주중,15,하차,247.72030651340995,2025
98,주중,16,승차,223.3793103448276,2025
98,주중,16,하차,300.0727969348659,2025
98,주중,17,승차,323.4750957854406,2025
98,주중,17,하차,290.4942528735632,2025
98,주중,18,승차,212.99233716475095,2025
98,주중,18,하차,316.62068965517244,2025
98,주중,19,승차,94.27969348659003,2025
98,주중,19,하차,199.37164750957854,2025
98,주중,20,승차,66.52107279693486,2025
98,주중,20,하차,142.27586206896552,2025
98,주중,21,승차,35.67432950191571,2025
98,주중,21,하차,112.40229885057471,2025
98,주중,22,승차,23.984674329501917,2025
98,주중,22,하차,92.15708812260536,2025
98,주중,23,승차,6.846743295019157,2025
98,주중,23,하차,56.89655172413793,2025
98,토,0,승차,1.7115384615384615,2025
98,토,0,하차,26.98076923076923,2025
98,토,1,승차,0.21153846153846154,2025
98,토,1,하차,0.34615384615384615,2025
98,토,2,승차,0.15384615384615385,2025
98,토,2,하차,0.1346153846153846,2025
98,토,3,승차,0.038461538461538464,2025
98,토,3,하차,0.057692307692307696,2025
98,토,4,승차,9.576923076923077,2025
98,토,4,하차,0.3076923076923077,2025
98,토,5,승차,71.78846153846153,2025
98,토,5,하차,10.788461538461538,2025
98,토,6,승차,77.73076923076923,2025
98,토,6,하차,58.63461538461539,2025
98,토,7,승차,145.19230769230768,2025
98,토,7,하차,77.42307692307692,2025
98,토,8,승차,223.80769230769232,2025
98,토,8,하차,131.1153846153846,2025
98,토,9,승차,242.44230769230768,2025
98,토,9,하차,109.59615384615384,2025
98,토,10,승차,257.8269230769231,2025
98,토,10,하차,127.09615384615384,2025
98,토,11,승차,263.9230769230769,2025
98,토,11,하차,143.07692307692307,2025
98,토,12,승차,281.71153846153845,2025
98,토,12,하차,158.55769230769232,2025
98,토,13,승차,201.03846153846155,2025
98,토,13,하차,161.6153846153846,2025
98,토,14,승차,171.96153846153845,2025
98,토,14,하차,169.57692307692307,2025
98,토,15,승차,173.92307692307693,2025
98,토,15,하차,196.17307692307693,2025
98,토,16,승차,188.26923076923077,2025
98,토,16,하차,214.92307692307693,2025
98,토,17,승차,199.8846153846154,2025
98,토,17,하차,207.96153846153845,2025
98,토,18,승차,116.3076923076923,2025
98,토,18,하차,188.6346153846154,2025
98,토,19,승차,72.86538461538461,2025
98,토,19,하차,152.46153846153845,2025
98,토,20,승차,49.71153846153846,2025
98,토,20,하차,151.17307692307693,2025
98,토,21,승차,31.576923076923077,2025
98,토,21,하차,121.51923076923077,2025
98,토,22,승차,24.5,2025
98,토,22,하차,98.63461538461539,2025
98,토,23,승차,6.4423076923076925,2025
98,토,23,하차,74.5576923076923,2025
99,일,0,승차,1.6923076923076923,2025
99,일,0,하차,20.903846153846153,2025
99,일,1,승차,0.2692307692307692,2025
99,일,1,하차,0.2692307692307692,2025
99,일,2,승차,0.057692307692307696,2025
99,일,2,하차,0.07692307692307693,2025
99,일,3,승차,0.0,2025
99,일,3,하차,0.0,2025
99,일,4,승차,3.6538461538461537,2025
99,일,4,하차,0.21153846153846154,2025
99,일,5,승차,50.46153846153846,2025
99,일,5,하차,12.538461538461538,2025
99,일,6,승차,55.84615384615385,2025
99,일,6,하차,59.28846153846154,2025
99,일,7,승차,94.09615384615384,2025
99,일,7,하차,47.82692307692308,2025
99,일,8,승차,119.23076923076923,2025
99,일,8,하차,63.48076923076923,2025
99,일,9,승차,140.34615384615384,2025
99,일,9,하차,92.09615384615384,2025
99,일,10,승차,177.75,2025
99,일,10,하차,87.32692307692308,2025
99,일,11,승차,204.55769230769232,2025
99,일,11,하차,100.78846153846153,2025
99,일,12,승차,198.55769230769232,2025
99,일,12,하차,112.42307692307692,2025
99,일,13,승차,195.1153846153846,2025
99,일,13,하차,136.67307692307693,2025
99,일,14,승차,175.09615384615384,2025
99,일,14,하차,159.17307692307693,2025
99,일,15,승차,167.03846153846155,2025
99,일,15,하차,182.94230769230768,2025
99,일,16,승차,158.8653846153846,2025
99,일,16,하차,201.15384615384616,2025
99,일,17,승차,152.09615384615384,2025
99,일,17,하차,200.65384615384616,2025
99,일,18,승차,106.61538461538461,2025
99,일,18,하차,169.26923076923077,2025
99,일,19,승차,78.73076923076923,2025
99,일,19,하차,133.65384615384616,2025
99,일,20,승차,55.61538461538461,2025
99,일,20,하차,109.65384615384616,2025
99,일,21,승차,47.61538461538461,2025
99,일,21,하차,103.3076923076923,2025
99,일,22,승차,36.75,2025
99,일,22,하차,81.48076923076923,2025
99,일,23,승차,16.78846153846154,2025
99,일,23,하차,48.90384615384615,2025
99,주중,0,승차,2.4597701149425286,2025
99,주중,0,하차,26.09961685823755,2025
99,주중,1,승차,0.12260536398467432,2025
99,주중,1,하차,0.3065134099616858,2025
99,주중,2,승차,0.08812260536398467,2025
99,주중,2,하차,0.26053639846743293,2025
99,주중,3,승차,0.022988505747126436,2025
99,주중,3,하차,0.038314176245210725,2025
99,주중,4,승차,6.126436781609195,2025
99,주중,4,하차,0.42911877394636017,2025
99,주중,5,승차,81.20306513409962,2025
99,주중,5,하차,25.704980842911876,2025
99,주중,6,승차,128.00766283524905,2025
99,주중,6,하차,176.6743295019157,2025
99,주중,7,승차,334.79693486590037,2025
99,주중,7,하차,450.4942528735632,2025
99,주중,8,승차,365.69348659003833,2025
99,주중,8,하차,502.95785440613025,2025
99,주중,9,승차,234.17241379310346,2025
99,주중,9,하차,179.15708812260536,2025
99,주중,10,승차,220.47892720306513,2025
99,주중,10,하차,153.0191570881226,2025
99,주중,11,승차,283.2337164750958,2025
99,주중,11,하차,177.71647509578543,2025
99,주중,12,승차,301.0,2025
99,주중,12,하차,177.35632183908046,2025
99,주중,13,승차,400.09961685823754,2025
99,주중,13,하차,195.49425287356323,2025
99,주중,14,승차,251.5095785440613,2025
99,주중,14,하차,207.1455938697318,2025
99,주중,15,승차,274.3295019157088,2025
99,주중,15,하차,257.8544061302682,2025
99,주중,16,승차,325.0919540229885,2025
99,주중,16,하차,320.9616858237548,2025
99,주중,17,승차,422.8390804597701,2025
99,주중,17,하차,323.86973180076626,2025
99,주중,18,승차,334.77777777777777,2025
99,주중,18,하차,334.13409961685824,2025
99,주중,19,승차,161.91954022988506,2025
99,주중,19,하차,206.24521072796935,2025
99,주중,20,승차,115.58620689655173,2025
99,주중,20,하차,146.367816091954,2025
99,주중,21,승차,138.367816091954,2025
99,주중,21,하차,136.21455938697318,2025
99,주중,22,승차,58.34099616858238,2025
99,주중,22,하차,94.57088122605364,2025
99,주중,23,승차,27.478927203065133,2025
99,주중,23,하차,62.662835249042146,2025
99,토,0,승차,2.3461538461538463,2025
99,토,0,하차,35.98076923076923,2025
99,토,1,승차,0.09615384615384616,2025
99,토,1,하차,0.1346153846153846,2025
99,토,2,승차,0.057692307692307696,2025
99,토,2,하차,0.09615384615384616,2025
99,토,3,승차,0.0,2025
99,토,3,하차,0.0,2025
99,토,4,승차,6.326923076923077,2025
99,토,4,하차,0.25,2025
99,토,5,승차,75.34615384615384,2025
99,토,5,하차,16.53846153846154,2025
99,토,6,승차,79.73076923076923,2025
99,토,6,하차,89.6923076923077,2025
99,토,7,승차,147.76923076923077,2025
99,토,7,하차,100.3076923076923,2025
99,토,8,승차,184.73076923076923,2025
99,토,8,하차,132.23076923076923,2025
99,토,9,승차,206.03846153846155,2025
99,토,9,하차,115.92307692307692,2025
99,토,10,승차,228.32692307692307,2025
99,토,10,하차,126.32692307692308,2025
99,토,11,승차,264.13461538461536,2025
99,토,11,하차,150.55769230769232,2025
99,토,12,승차,282.0,2025
99,토,12,하차,171.55769230769232,2025
99,토,13,승차,248.8846153846154,2025
99,토,13,하차,187.98076923076923,2025
99,토,14,승차,213.03846153846155,2025
99,토,14,하차,197.1153846153846,2025
99,토,15,승차,214.26923076923077,2025
99,토,15,하차,212.28846153846155,2025
99,토,16,승차,237.48076923076923,2025
99,토,16,하차,231.69230769230768,2025
99,토,17,승차,252.6153846153846,2025
99,토,17,하차,243.8846153846154,2025
99,토,18,승차,169.51923076923077,2025
99,토,18,하차,196.57692307692307,2025
99,토,19,승차,118.82692307692308,2025
99,토,19,하차,158.78846153846155,2025
99,토,20,승차,82.98076923076923,2025
99,토,20,하차,146.8846153846154,2025
99,토,21,승차,64.42307692307692,2025
99,토,21,하차,139.6346153846154,2025
99,토,22,승차,51.46153846153846,2025
99,토,22,하차,118.0576923076923,2025
99,토,23,승차,24.75,2025
99,토,23,하차,82.63461538461539,2025
100,일,0,승차,2.2115384615384617,2025
100,일,0,하차,12.807692307692308,2025
100,일,1,승차,0.17307692307692307,2025
100,일,1,하차,0.23076923076923078,2025
100,일,2,승차,0.0,2025
100,일,2,하차,0.17307692307692307,2025
100,일,3,승차,0.038461538461538464,2025
100,일,3,하차,0.0,2025
100,일,4,승차,2.8461538461538463,2025
100,일,4,하차,0.09615384615384616,2025
100,일,5,승차,47.34615384615385,2025
100,일,5,하차,7.365384615384615,2025
100,일,6,승차,66.67307692307692,2025
100,일,6,하차,47.98076923076923,2025
100,일,7,승차,78.76923076923077,2025
100,일,7,하차,39.15384615384615,2025
100,일,8,승차,133.0,2025
100,일,8,하차,65.65384615384616,2025
100,일,9,승차,181.32692307692307,2025
100,일,9,하차,77.57692307692308,2025
100,일,10,승차,205.90384615384616,2025
100,일,10,하차,104.17307692307692,2025
100,일,11,승차,209.44230769230768,2025
100,일,11,하차,93.9423076923077,2025
100,일,12,승차,223.21153846153845,2025
100,일,12,하차,112.15384615384616,2025
100,일,13,승차,195.8653846153846,2025
100,일,13,하차,132.30769230769232,2025
100,일,14,승차,172.51923076923077,2025
100,일,14,하차,159.01923076923077,2025
100,일,15,승차,152.01923076923077,2025
100,일,15,하차,194.8653846153846,2025
100,일,16,승차,148.6153846153846,2025
100,일,16,하차,199.30769230769232,2025
100,일,17,승차,125.9423076923077,2025
100,일,17,하차,191.44230769230768,2025
100,일,18,승차,89.86538461538461,2025
100,일,18,하차,165.59615384615384,2025
100,일,19,승차,58.01923076923077,2025
100,일,19,하차,122.11538461538461,2025
100,일,20,승차,43.32692307692308,2025
100,일,20,하차,111.76923076923077,2025
100,일,21,승차,33.78846153846154,2025
100,일,21,하차,90.34615384615384,2025
100,일,22,승차,22.23076923076923,2025
100,일,22,하차,69.76923076923077,2025
100,일,23,승차,8.653846153846153,2025
100,일,23,하차,34.48076923076923,2025
100,주중,0,승차,2.5593869731800765,2025
100,주중,0,하차,19.245210727969347,2025
100,주중,1,승차,0.1724137931034483,2025
100,주중,1,하차,0.2720306513409962,2025
100,주중,2,승차,0.0421455938697318,2025
100,주중,2,하차,0.22988505747126436,2025
100,주중,3,승차,0.019157088122605363,2025
100,주중,3,하차,0.03065134099616858,2025
100,주중,4,승차,5.10727969348659,2025
100,주중,4,하차,0.20306513409961685,2025
100,주중,5,승차,87.2911877394636,2025
100,주중,5,하차,17.9272030651341,2025
100,주중,6,승차,163.53639846743295,2025
100,주중,6,하차,230.27969348659005,2025
100,주중,7,승차,388.16858237547893,2025
100,주중,7,하차,518.1072796934866,2025
100,주중,8,승차,428.2145593869732,2025
100,주중,8,하차,448.71264367816093,2025
100,주중,9,승차,304.3869731800766,2025
100,주중,9,하차,167.7471264367816,2025
100,주중,10,승차,268.90038314176246,2025
100,주중,10,하차,179.2030651340996,2025
100,주중,11,승차,276.9463601532567,2025
100,주중,11,하차,183.72030651340995,2025
100,주중,12,승차,270.39463601532566,2025
100,주중,12,하차,222.9272030651341,2025
100,주중,13,승차,246.10344827586206,2025
100,주중,13,하차,217.27586206896552,2025
100,주중,14,승차,228.31800766283524,2025
100,주중,14,하차,218.61302681992336,2025
100,주중,15,승차,225.816091954023,2025
100,주중,15,하차,281.7816091954023,2025
100,주중,16,승차,418.4904214559387,2025
100,주중,16,하차,295.4712643678161,2025
100,주중,17,승차,509.6858237547893,2025
100,주중,17,하차,311.65900383141764,2025
100,주중,18,승차,402.99233716475095,2025
100,주중,18,하차,312.07662835249045,2025
100,주중,19,승차,125.98850574712644,2025
100,주중,19,하차,182.84291187739464,2025
100,주중,20,승차,104.47509578544062,2025
100,주중,20,하차,119.46360153256705,2025
100,주중,21,승차,54.22605363984675,2025
100,주중,21,하차,119.19540229885058,2025
100,주중,22,승차,31.919540229885058,2025
100,주중,22,하차,84.00766283524904,2025
100,주중,23,승차,13.015325670498084,2025
100,주중,23,하차,43.7816091954023,2025
100,토,0,승차,2.6923076923076925,2025
100,토,0,하차,24.78846153846154,2025
100,토,1,승차,0.0,2025
100,토,1,하차,0.019230769230769232,2025
100,토,2,승차,0.038461538461538464,2025
100,토,2,하차,0.038461538461538464,2025
100,토,3,승차,0.0,2025
100,토,3,하차,0.038461538461538464,2025
100,토,4,승차,4.480769230769231,2025
100,토,4,하차,0.1346153846153846,2025
100,토,5,승차,76.17307692307692,2025
100,토,5,하차,15.826923076923077,2025
100,토,6,승차,100.21153846153847,2025
100,토,6,하차,121.3076923076923,2025
100,토,7,승차,140.98076923076923,2025
100,토,7,하차,110.48076923076923,2025
100,토,8,승차,218.1153846153846,2025
100,토,8,하차,144.98076923076923,2025
100,토,9,승차,323.6730769230769,2025
100,토,9,하차,108.88461538461539,2025
100,토,10,승차,263.65384615384613,2025
100,토,10,하차,121.42307692307692,2025
100,토,11,승차,280.21153846153845,2025
100,토,11,하차,154.57692307692307,2025
100,토,12,승차,284.38461538461536,2025
100,토,12,하차,192.8846153846154,2025
100,토,13,승차,235.92307692307693,2025
100,토,13,하차,194.69230769230768,2025
100,토,14,승차,208.23076923076923,2025
100,토,14,하차,207.6346153846154,2025
100,토,15,승차,224.76923076923077,2025
100,토,15,하차,215.44230769230768,2025
100,토,16,승차,243.94230769230768,2025
100,토,16,하차,233.73076923076923,2025
100,토,17,승차,252.23076923076923,2025
100,토,17,하차,228.48076923076923,2025
100,토,18,승차,155.40384615384616,2025
100,토,18,하차,190.53846153846155,2025
100,토,19,승차,91.28846153846153,2025
100,토,19,하차,143.46153846153845,2025
100,토,20,승차,61.11538461538461,2025
100,토,20,하차,131.44230769230768,2025
100,토,21,승차,41.32692307692308,2025
100,토,21,하차,132.01923076923077,2025
100,토,22,승차,33.26923076923077,2025
100,토,22,하차,100.51923076923077,2025
100,토,23,승차,11.788461538461538,2025
100,토,23,하차,55.80769230769231,2025
101,일,0,승차,5.711538461538462,2025
101,일,0,하차,38.86538461538461,2025
101,일,1,승차,0.46153846153846156,2025
101,일,1,하차,0.2692307692307692,2025
101,일,2,승차,0.1346153846153846,2025
101,일,2,하차,1.0192307692307692,2025
101,일,3,승차,0.11538461538461539,2025
101,일,3,하차,0.17307692307692307,2025
101,일,4,승차,27.115384615384617,2025
101,일,4,하차,1.5384615384615385,2025
101,일,5,승차,59.21153846153846,2025
101,일,5,하차,14.096153846153847,2025
101,일,6,승차,94.73076923076923,2025
101,일,6,하차,74.71153846153847,2025
101,일,7,승차,139.03846153846155,2025
101,일,7,하차,97.07692307692308,2025
101,일,8,승차,203.42307692307693,2025
101,일,8,하차,130.46153846153845,2025
101,일,9,승차,268.8076923076923,2025
101,일,9,하차,137.05769230769232,2025
101,일,10,승차,291.5,2025
101,일,10,하차,163.15384615384616,2025
101,일,11,승차,284.71153846153845,2025
101,일,11,하차,166.07692307692307,2025
101,일,12,승차,297.5,2025
101,일,12,하차,188.92307692307693,2025
101,일,13,승차,290.59615384615387,2025
101,일,13,하차,220.03846153846155,2025
101,일,14,승차,267.90384615384613,2025
101,일,14,하차,258.3269230769231,2025
101,일,15,승차,237.3846153846154,2025
101,일,15,하차,328.2692307692308,2025
101,일,16,승차,224.8653846153846,2025
101,일,16,하차,348.34615384615387,2025
101,일,17,승차,225.73076923076923,2025
101,일,17,하차,373.34615384615387,2025
101,일,18,승차,188.71153846153845,2025
101,일,18,하차,326.1923076923077,2025
101,일,19,승차,128.96153846153845,2025
101,일,19,하차,248.67307692307693,2025
101,일,20,승차,92.21153846153847,2025
101,일,20,하차,218.8846153846154,2025
101,일,21,승차,82.21153846153847,2025
101,일,21,하차,178.76923076923077,2025
101,일,22,승차,49.15384615384615,2025
101,일,22,하차,145.05769230769232,2025
101,일,23,승차,19.53846153846154,2025
101,일,23,하차,75.38461538461539,2025
101,주중,0,승차,6.931034482758621,2025
101,주중,0,하차,51.14176245210728,2025
101,주중,1,승차,0.4942528735632184,2025
101,주중,1,하차,0.6513409961685823,2025
101,주중,2,승차,0.09961685823754789,2025
101,주중,2,하차,0.9233716475095786,2025
101,주중,3,승차,0.09195402298850575,2025
101,주중,3,하차,0.36015325670498083,2025
101,주중,4,승차,41.84674329501916,2025
101,주중,4,하차,1.524904214559387,2025
101,주중,5,승차,94.87739463601532,2025
101,주중,5,하차,24.022988505747126,2025
101,주중,6,승차,213.39463601532566,2025
101,주중,6,하차,304.95785440613025,2025
101,주중,7,승차,563.2337164750958,2025
101,주중,7,하차,670.1302681992337,2025
101,주중,8,승차,706.9386973180077,2025
101,주중,8,하차,731.7586206896551,2025
101,주중,9,승차,488.0038314176245,2025
101,주중,9,하차,285.93486590038316,2025
101,주중,10,승차,389.69348659003833,2025
101,주중,10,하차,283.57471264367814,2025
101,주중,11,승차,379.18773946360153,2025
101,주중,11,하차,331.2107279693487,2025
101,주중,12,승차,368.46743295019155,2025
101,주중,12,하차,367.7394636015326,2025
101,주중,13,승차,389.9501915708812,2025
101,주중,13,하차,401.6475095785441,2025
101,주중,14,승차,360.7318007662835,2025
101,주중,14,하차,372.7509578544061,2025
101,주중,15,승차,399.34099616858236,2025
101,주중,15,하차,441.57088122605364,2025
101,주중,16,승차,470.99233716475095,2025
101,주중,16,하차,504.0153256704981,2025
101,주중,17,승차,687.1992337164751,2025
101,주중,17,하차,597.1455938697318,2025
101,주중,18,승차,741.4214559386974,2025
101,주중,18,하차,708.352490421456,2025
101,주중,19,승차,298.93486590038316,2025
101,주중,19,하차,378.6168582375479,2025
101,주중,20,승차,184.18007662835248,2025
101,주중,20,하차,265.4904214559387,2025
101,주중,21,승차,133.59386973180077,2025
101,주중,21,하차,220.77777777777777,2025
101,주중,22,승차,72.816091954023,2025
101,주중,22,하차,182.44061302681993,2025
101,주중,23,승차,25.693486590038315,2025
101,주중,23,하차,102.9272030651341,2025
101,토,0,승차,6.788461538461538,2025
101,토,0,하차,68.59615384615384,2025
101,토,1,승차,0.38461538461538464,2025
101,토,1,하차,0.1346153846153846,2025
101,토,2,승차,0.11538461538461539,2025
101,토,2,하차,0.5192307692307693,2025
101,토,3,승차,0.019230769230769232,2025
101,토,3,하차,0.2692307692307692,2025
101,토,4,승차,38.5,2025
101,토,4,하차,1.8076923076923077,2025
101,토,5,승차,88.96153846153847,2025
101,토,5,하차,19.173076923076923,2025
101,토,6,승차,131.6346153846154,2025
101,토,6,하차,120.84615384615384,2025
101,토,7,승차,234.75,2025
101,토,7,하차,188.8846153846154,2025
101,토,8,승차,332.88461538461536,2025
101,토,8,하차,212.73076923076923,2025
101,토,9,승차,367.1923076923077,2025
101,토,9,하차,189.8653846153846,2025
101,토,10,승차,396.36538461538464,2025
101,토,10,하차,228.09615384615384,2025
101,토,11,승차,396.90384615384613,2025
101,토,11,하차,271.3269230769231,2025
101,토,12,승차,419.0192307692308,2025
101,토,12,하차,298.5192307692308,2025
101,토,13,승차,366.59615384615387,2025
101,토,13,하차,323.8269230769231,2025
101,토,14,승차,322.1730769230769,2025
101,토,14,하차,317.9423076923077,2025
101,토,15,승차,306.9423076923077,2025
101,토,15,하차,371.53846153846155,2025
101,토,16,승차,351.7692307692308,2025
101,토,16,하차,427.0192307692308,2025
101,토,17,승차,378.2307692307692,2025
101,토,17,하차,455.6923076923077,2025
101,토,18,승차,266.88461538461536,2025
101,토,18,하차,373.53846153846155,2025
101,토,19,승차,174.92307692307693,2025
101,토,19,하차,278.86538461538464,2025
101,토,20,승차,128.5,2025
101,토,20,하차,278.4230769230769,2025
101,토,21,승차,109.25,2025
101,토,21,하차,235.90384615384616,2025
101,토,22,승차,65.63461538461539,2025
101,토,22,하차,208.71153846153845,2025
101,토,23,승차,28.423076923076923,2025
101,토,23,하차,128.84615384615384,2025
102,일,0,승차,12.788461538461538,2025
102,일,0,하차,82.17307692307692,2025
102,일,1,승차,0.3269230769230769,2025
102,일,1,하차,0.34615384615384615,2025
102,일,2,승차,0.019230769230769232,2025
102,일,2,하차,0.09615384615384616,2025
102,일,3,승차,0.0,2025
102,일,3,하차,0.0,2025
102,일,4,승차,22.096153846153847,2025
102,일,4,하차,1.3846153846153846,2025
102,일,5,승차,115.01923076923077,2025
102,일,5,하차,36.17307692307692,2025
102,일,6,승차,194.57692307692307,2025
102,일,6,하차,288.8269230769231,2025
102,일,7,승차,314.4807692307692,2025
102,일,7,하차,336.09615384615387,2025
102,일,8,승차,509.86538461538464,2025
102,일,8,하차,636.8076923076923,2025
102,일,9,승차,687.6538461538462,2025
102,일,9,하차,679.1923076923077,2025
102,일,10,승차,924.3846153846154,2025
102,일,10,하차,718.1538461538462,2025
102,일,11,승차,1064.076923076923,2025
102,일,11,하차,920.9038461538462,2025
102,일,12,승차,1020.6923076923077,2025
102,일,12,하차,709.4038461538462,2025
102,일,13,승차,1150.7884615384614,2025
102,일,13,하차,795.7115384615385,2025
102,일,14,승차,1262.5,2025
102,일,14,하차,879.5769230769231,2025
102,일,15,승차,1118.25,2025
102,일,15,하차,984.4038461538462,2025
102,일,16,승차,1080.2884615384614,2025
102,일,16,하차,1036.826923076923,2025
102,일,17,승차,1051.7307692307693,2025
102,일,17,하차,1042.2692307692307,2025
102,일,18,승차,874.0769230769231,2025
102,일,18,하차,972.8461538461538,2025
102,일,19,승차,609.1153846153846,2025
102,일,19,하차,810.9807692307693,2025
102,일,20,승차,535.3269230769231,2025
102,일,20,하차,638.6923076923077,2025
102,일,21,승차,447.71153846153845,2025
102,일,21,하차,599.2115384615385,2025
102,일,22,승차,294.15384615384613,2025
102,일,22,하차,453.63461538461536,2025
102,일,23,승차,104.1923076923077,2025
102,일,23,하차,275.5769230769231,2025
102,주중,0,승차,16.685823754789272,2025
102,주중,0,하차,94.14176245210729,2025
102,주중,1,승차,0.36398467432950193,2025
102,주중,1,하차,1.0957854406130267,2025
102,주중,2,승차,0.23371647509578544,2025
102,주중,2,하차,0.4329501915708812,2025
102,주중,3,승차,0.06130268199233716,2025
102,주중,3,하차,0.18007662835249041,2025
102,주중,4,승차,28.77777777777778,2025
102,주중,4,하차,1.8045977011494252,2025
102,주중,5,승차,156.07662835249042,2025
102,주중,5,하차,79.82375478927203,2025
102,주중,6,승차,499.60536398467434,2025
102,주중,6,하차,950.9157088122605,2025
102,주중,7,승차,1429.9386973180076,2025
102,주중,7,하차,1080.1149425287356,2025
102,주중,8,승차,1824.9655172413793,2025
102,주중,8,하차,1489.1302681992338,2025
102,주중,9,승차,1106.2375478927204,2025
102,주중,9,하차,1209.2068965517242,2025
102,주중,10,승차,1074.3409961685825,2025
102,주중,10,하차,980.44061302682,2025
102,주중,11,승차,1149.6628352490422,2025
102,주중,11,하차,981.5708812260536,2025
102,주중,12,승차,1200.5134099616857,2025
102,주중,12,하차,948.5057471264367,2025
102,주중,13,승차,1166.1149425287356,2025
102,주중,13,하차,1084.0191570881227,2025
102,주중,14,승차,1151.2413793103449,2025
102,주중,14,하차,1080.5095785440612,2025
102,주중,15,승차,1314.8429118773947,2025
102,주중,15,하차,1156.8199233716475,2025
102,주중,16,승차,1574.6091954022988,2025
102,주중,16,하차,1351.4865900383143,2025
102,주중,17,승차,1932.111111111111,2025
102,주중,17,하차,1580.8620689655172,2025
102,주중,18,승차,2035.9118773946361,2025
102,주중,18,하차,1805.4444444444443,2025
102,주중,19,승차,997.3869731800767,2025
102,주중,19,하차,995.992337164751,2025
102,주중,20,승차,813.4674329501916,2025
102,주중,20,하차,650.448275862069,2025
102,주중,21,승차,617.2950191570882,2025
102,주중,21,하차,630.4444444444445,2025
102,주중,22,승차,412.8965517241379,2025
102,주중,22,하차,459.264367816092,2025
102,주중,23,승차,162.54022988505747,2025
102,주중,23,하차,309.6896551724138,2025
102,토,0,승차,19.23076923076923,2025
102,토,0,하차,150.90384615384616,2025
102,토,1,승차,0.25,2025
102,토,1,하차,0.28846153846153844,2025
102,토,2,승차,0.15384615384615385,2025
102,토,2,하차,0.21153846153846154,2025
102,토,3,승차,0.07692307692307693,2025
102,토,3,하차,0.1346153846153846,2025
102,토,4,승차,30.134615384615383,2025
102,토,4,하차,2.173076923076923,2025
102,토,5,승차,159.48076923076923,2025
102,토,5,하차,64.90384615384616,2025
102,토,6,승차,300.09615384615387,2025
102,토,6,하차,446.61538461538464,2025
102,토,7,승차,520.1346153846154,2025
102,토,7,하차,479.13461538461536,2025
102,토,8,승차,838.7884615384615,2025
102,토,8,하차,801.5192307692307,2025
102,토,9,승차,1020.3269230769231,2025
102,토,9,하차,948.7692307692307,2025
102,토,10,승차,1244.2884615384614,2025
102,토,10,하차,840.7115384615385,2025
102,토,11,승차,1465.2115384615386,2025
102,토,11,하차,923.0384615384615,2025
102,토,12,승차,1612.673076923077,2025
102,토,12,하차,994.6730769230769,2025
102,토,13,승차,1480.576923076923,2025
102,토,13,하차,1050.0384615384614,2025
102,토,14,승차,1310.5384615384614,2025
102,토,14,하차,1012.3461538461538,2025
102,토,15,승차,1354.7307692307693,2025
102,토,15,하차,1095.076923076923,2025
102,토,16,승차,1415.5961538461538,2025
102,토,16,하차,1243.0,2025
102,토,17,승차,1437.6923076923076,2025
102,토,17,하차,1338.7692307692307,2025
102,토,18,승차,1101.576923076923,2025
102,토,18,하차,1214.1346153846155,2025
102,토,19,승차,706.8076923076923,2025
102,토,19,하차,880.9230769230769,2025
102,토,20,승차,661.1153846153846,2025
102,토,20,하차,802.1153846153846,2025
102,토,21,승차,527.2884615384615,2025
102,토,21,하차,764.0384615384615,2025
102,토,22,승차,402.53846153846155,2025
102,토,22,하차,598.8846153846154,2025
102,토,23,승차,169.34615384615384,2025
102,토,23,하차,429.84615384615387,2025
103,일,0,승차,3.1153846153846154,2025
103,일,0,하차,20.384615384615383,2025
103,일,1,승차,0.057692307692307696,2025
103,일,1,하차,0.11538461538461539,2025
103,일,2,승차,0.0,2025
103,일,2,하차,0.0,2025
103,일,3,승차,0.0,2025
103,일,3,하차,0.0,2025
103,일,4,승차,11.653846153846153,2025
103,일,4,하차,0.4423076923076923,2025
103,일,5,승차,51.44230769230769,2025
103,일,5,하차,6.846153846153846,2025
103,일,6,승차,87.17307692307692,2025
103,일,6,하차,61.76923076923077,2025
103,일,7,승차,108.92307692307692,2025
103,일,7,하차,100.34615384615384,2025
103,일,8,승차,191.59615384615384,2025
103,일,8,하차,139.26923076923077,2025
103,일,9,승차,284.5769230769231,2025
103,일,9,하차,204.17307692307693,2025
103,일,10,승차,339.4230769230769,2025
103,일,10,하차,246.92307692307693,2025
103,일,11,승차,351.84615384615387,2025
103,일,11,하차,254.28846153846155,2025
103,일,12,승차,385.11538461538464,2025
103,일,12,하차,239.46153846153845,2025
103,일,13,승차,381.7307692307692,2025
103,일,13,하차,279.4230769230769,2025
103,일,14,승차,335.1730769230769,2025
103,일,14,하차,316.63461538461536,2025
103,일,15,승차,302.11538461538464,2025
103,일,15,하차,371.03846153846155,2025
103,일,16,승차,276.03846153846155,2025
103,일,16,하차,385.25,2025
103,일,17,승차,247.01923076923077,2025
103,일,17,하차,376.9807692307692,2025
103,일,18,승차,203.65384615384616,2025
103,일,18,하차,309.53846153846155,2025
103,일,19,승차,132.8846153846154,2025
103,일,19,하차,248.3653846153846,2025
103,일,20,승차,103.76923076923077,2025
103,일,20,하차,223.65384615384616,2025
103,일,21,승차,70.13461538461539,2025
103,일,21,하차,161.3846153846154,2025
103,일,22,승차,47.30769230769231,2025
103,일,22,하차,133.46153846153845,2025
103,일,23,승차,18.826923076923077,2025
103,일,23,하차,77.09615384615384,2025
103,주중,0,승차,3.6551724137931036,2025
103,주중,0,하차,29.195402298850574,2025
103,주중,1,승차,0.21455938697318008,2025
103,주중,1,하차,0.367816091954023,2025
103,주중,2,승차,0.10344827586206896,2025
103,주중,2,하차,0.26053639846743293,2025
103,주중,3,승차,0.022988505747126436,2025
103,주중,3,하차,0.038314176245210725,2025
103,주중,4,승차,16.291187739463602,2025
103,주중,4,하차,0.4674329501915709,2025
103,주중,5,승차,97.3639846743295,2025
103,주중,5,하차,28.421455938697317,2025
103,주중,6,승차,229.52107279693487,2025
103,주중,6,하차,132.93486590038313,2025
103,주중,7,승차,555.5900383141762,2025
103,주중,7,하차,205.55172413793105,2025
103,주중,8,승차,765.7931034482758,2025
103,주중,8,하차,605.080459770115,2025
103,주중,9,승차,490.6704980842912,2025
103,주중,9,하차,362.69731800766283,2025
103,주중,10,승차,456.3639846743295,2025
103,주중,10,하차,357.85057471264366,2025
103,주중,11,승차,491.4521072796935,2025
103,주중,11,하차,416.5785440613027,2025
103,주중,12,승차,483.7394636015326,2025
103,주중,12,하차,432.6475095785441,2025
103,주중,13,승차,490.20306513409963,2025
103,주중,13,하차,487.09578544061304,2025
103,주중,14,승차,445.2337164750958,2025
103,주중,14,하차,482.5402298850575,2025
103,주중,15,승차,431.808429118774,2025
103,주중,15,하차,585.6130268199233,2025
103,주중,16,승차,465.60919540229884,2025
103,주중,16,하차,681.1417624521073,2025
103,주중,17,승차,481.20306513409963,2025
103,주중,17,하차,699.095785440613,2025
103,주중,18,승차,494.1570881226054,2025
103,주중,18,하차,786.088122605364,2025
103,주중,19,승차,207.5785440613027,2025
103,주중,19,하차,409.0536398467433,2025
103,주중,20,승차,168.13409961685824,2025
103,주중,20,하차,268.32567049808426,2025
103,주중,21,승차,149.5785440613027,2025
103,주중,21,하차,254.03065134099617,2025
103,주중,22,승차,86.29501915708812,2025
103,주중,22,하차,173.67049808429118,2025
103,주중,23,승차,45.088122605363985,2025
103,주중,23,하차,107.62068965517241,2025
103,토,0,승차,3.826923076923077,2025
103,토,0,하차,38.71153846153846,2025
103,토,1,승차,0.0,2025
103,토,1,하차,0.07692307692307693,2025
103,토,2,승차,0.0,2025
103,토,2,하차,0.0,2025
103,토,3,승차,0.0,2025
103,토,3,하차,0.0,2025
103,토,4,승차,16.903846153846153,2025
103,토,4,하차,0.38461538461538464,2025
103,토,5,승차,80.5576923076923,2025
103,토,5,하차,21.48076923076923,2025
103,토,6,승차,126.82692307692308,2025
103,토,6,하차,101.26923076923077,2025
103,토,7,승차,198.65384615384616,2025
103,토,7,하차,116.42307692307692,2025
103,토,8,승차,328.3269230769231,2025
103,토,8,하차,217.55769230769232,2025
103,토,9,승차,380.4230769230769,2025
103,토,9,하차,289.84615384615387,2025
103,토,10,승차,423.15384615384613,2025
103,토,10,하차,312.6923076923077,2025
103,토,11,승차,506.1730769230769,2025
103,토,11,하차,370.09615384615387,2025
103,토,12,승차,519.8846153846154,2025
103,토,12,하차,401.34615384615387,2025
103,토,13,승차,510.96153846153845,2025
103,토,13,하차,405.65384615384613,2025
103,토,14,승차,421.0576923076923,2025
103,토,14,하차,393.2307692307692,2025
103,토,15,승차,393.0192307692308,2025
103,토,15,하차,450.09615384615387,2025
103,토,16,승차,415.8269230769231,2025
103,토,16,하차,493.8269230769231,2025
103,토,17,승차,384.5192307692308,2025
103,토,17,하차,490.9807692307692,2025
103,토,18,승차,277.15384615384613,2025
103,토,18,하차,394.0769230769231,2025
103,토,19,승차,179.6153846153846,2025
103,토,19,하차,297.5,2025
103,토,20,승차,147.05769230769232,2025
103,토,20,하차,261.0,2025
103,토,21,승차,106.9423076923077,2025
103,토,21,하차,254.78846153846155,2025
103,토,22,승차,73.82692307692308,2025
103,토,22,하차,184.28846153846155,2025
103,토,23,승차,29.48076923076923,2025
103,토,23,하차,125.84615384615384,2025
104,일,0,승차,2.480769230769231,2025
104,일,0,하차,19.134615384615383,2025
104,일,1,승차,0.3269230769230769,2025
104,일,1,하차,0.4230769230769231,2025
104,일,2,승차,0.07692307692307693,2025
104,일,2,하차,0.2692307692307692,2025
104,일,3,승차,0.0,2025
104,일,3,하차,0.0,2025
104,일,4,승차,9.442307692307692,2025
104,일,4,하차,1.0769230769230769,2025
104,일,5,승차,44.44230769230769,2025
104,일,5,하차,7.115384615384615,2025
104,일,6,승차,78.42307692307692,2025
104,일,6,하차,30.0,2025
104,일,7,승차,110.61538461538461,2025
104,일,7,하차,33.80769230769231,2025
104,일,8,승차,188.03846153846155,2025
104,일,8,하차,64.15384615384616,2025
104,일,9,승차,241.17307692307693,2025
104,일,9,하차,86.23076923076923,2025
104,일,10,승차,267.75,2025
104,일,10,하차,128.40384615384616,2025
104,일,11,승차,273.96153846153845,2025
104,일,11,하차,129.46153846153845,2025
104,일,12,승차,279.3269230769231,2025
104,일,12,하차,136.19230769230768,2025
104,일,13,승차,274.0,2025
104,일,13,하차,178.51923076923077,2025
104,일,14,승차,228.15384615384616,2025
104,일,14,하차,204.51923076923077,2025
104,일,15,승차,199.78846153846155,2025
104,일,15,하차,247.3653846153846,2025
104,일,16,승차,187.30769230769232,2025
104,일,16,하차,267.8269230769231,2025
104,일,17,승차,169.51923076923077,2025
104,일,17,하차,256.4230769230769,2025
104,일,18,승차,122.78846153846153,2025
104,일,18,하차,221.5,2025
104,일,19,승차,83.28846153846153,2025
104,일,19,하차,168.73076923076923,2025
104,일,20,승차,54.61538461538461,2025
104,일,20,하차,163.6153846153846,2025
104,일,21,승차,35.92307692307692,2025
104,일,21,하차,126.3076923076923,2025
104,일,22,승차,21.923076923076923,2025
104,일,22,하차,94.42307692307692,2025
104,일,23,승차,9.711538461538462,2025
104,일,23,하차,55.76923076923077,2025
104,주중,0,승차,2.624521072796935,2025
104,주중,0,하차,26.31800766283525,2025
104,주중,1,승차,0.2260536398467433,2025
104,주중,1,하차,0.4061302681992337,2025
104,주중,2,승차,0.13026819923371646,2025
104,주중,2,하차,0.2681992337164751,2025
104,주중,3,승차,0.07662835249042145,2025
104,주중,3,하차,0.11494252873563218,2025
104,주중,4,승차,12.685823754789272,2025
104,주중,4,하차,1.049808429118774,2025
104,주중,5,승차,88.30268199233717,2025
104,주중,5,하차,13.260536398467433,2025
104,주중,6,승차,233.26819923371647,2025
104,주중,6,하차,51.71647509578544,2025
104,주중,7,승차,495.3486590038314,2025
104,주중,7,하차,114.07662835249042,2025
104,주중,8,승차,696.7126436781609,2025
104,주중,8,하차,269.09961685823754,2025
104,주중,9,승차,415.44827586206895,2025
104,주중,9,하차,181.13793103448276,2025
104,주중,10,승차,332.97318007662835,2025
104,주중,10,하차,190.4022988505747,2025
104,주중,11,승차,320.7164750957854,2025
104,주중,11,하차,243.39846743295018,2025
104,주중,12,승차,313.4176245210728,2025
104,주중,12,하차,263.0038314176245,2025
104,주중,13,승차,336.22222222222223,2025
104,주중,13,하차,257.82758620689657,2025
104,주중,14,승차,271.2068965517241,2025
104,주중,14,하차,276.90421455938696,2025
104,주중,15,승차,299.37547892720306,2025
104,주중,15,하차,350.04214559386975,2025
104,주중,16,승차,309.2068965517241,2025
104,주중,16,하차,412.81609195402297,2025
104,주중,17,승차,305.1992337164751,2025
104,주중,17,하차,456.8429118773946,2025
104,주중,18,승차,236.29501915708812,2025
104,주중,18,하차,512.3563218390805,2025
104,주중,19,승차,126.8199233716475,2025
104,주중,19,하차,277.30651340996167,2025
104,주중,20,승차,81.2911877394636,2025
104,주중,20,하차,210.5095785440613,2025
104,주중,21,승차,60.84674329501916,2025
104,주중,21,하차,181.48659003831418,2025
104,주중,22,승차,36.22605363984675,2025
104,주중,22,하차,138.81992337164752,2025
104,주중,23,승차,15.015325670498084,2025
104,주중,23,하차,77.17624521072797,2025
104,토,0,승차,3.0384615384615383,2025
104,토,0,하차,33.86538461538461,2025
104,토,1,승차,0.25,2025
104,토,1,하차,0.3076923076923077,2025
104,토,2,승차,0.019230769230769232,2025
104,토,2,하차,0.15384615384615385,2025
104,토,3,승차,0.038461538461538464,2025
104,토,3,하차,0.07692307692307693,2025
104,토,4,승차,12.653846153846153,2025
104,토,4,하차,0.9423076923076923,2025
104,토,5,승차,78.23076923076923,2025
104,토,5,하차,11.096153846153847,2025
104,토,6,승차,126.32692307692308,2025
104,토,6,하차,41.84615384615385,2025
104,토,7,승차,171.55769230769232,2025
104,토,7,하차,58.19230769230769,2025
104,토,8,승차,305.6730769230769,2025
104,토,8,하차,113.32692307692308,2025
104,토,9,승차,327.4807692307692,2025
104,토,9,하차,132.01923076923077,2025
104,토,10,승차,337.03846153846155,2025
104,토,10,하차,161.65384615384616,2025
104,토,11,승차,357.7307692307692,2025
104,토,11,하차,205.59615384615384,2025
104,토,12,승차,366.4807692307692,2025
104,토,12,하차,244.84615384615384,2025
104,토,13,승차,317.9807692307692,2025
104,토,13,하차,252.73076923076923,2025
104,토,14,승차,262.2692307692308,2025
104,토,14,하차,240.0,2025
104,토,15,승차,271.59615384615387,2025
104,토,15,하차,276.3076923076923,2025
104,토,16,승차,274.65384615384613,2025
104,토,16,하차,311.75,2025
104,토,17,승차,275.65384615384613,2025
104,토,17,하차,303.28846153846155,2025
104,토,18,승차,189.65384615384616,2025
104,토,18,하차,259.5576923076923,2025
104,토,19,승차,102.92307692307692,2025
104,토,19,하차,203.42307692307693,2025
104,토,20,승차,66.98076923076923,2025
104,토,20,하차,188.96153846153845,2025
104,토,21,승차,48.92307692307692,2025
104,토,21,하차,182.71153846153845,2025
104,토,22,승차,29.942307692307693,2025
104,토,22,하차,145.8653846153846,2025
104,토,23,승차,15.26923076923077,2025
104,토,23,하차,90.96153846153847,2025
105,일,0,승차,5.096153846153846,2025
105,일,0,하차,35.5,2025
105,일,1,승차,0.07692307692307693,2025
105,일,1,하차,0.09615384615384616,2025
105,일,2,승차,0.038461538461538464,2025
105,일,2,하차,0.07692307692307693,2025
105,일,3,승차,0.0,2025
105,일,3,하차,0.0,2025
105,일,4,승차,9.5,2025
105,일,4,하차,0.6538461538461539,2025
105,일,5,승차,82.71153846153847,2025
105,일,5,하차,18.576923076923077,2025
105,일,6,승차,128.6346153846154,2025
105,일,6,하차,77.36538461538461,2025
105,일,7,승차,158.34615384615384,2025
105,일,7,하차,83.6923076923077,2025
105,일,8,승차,282.7692307692308,2025
105,일,8,하차,141.8846153846154,2025
105,일,9,승차,389.8076923076923,2025
105,일,9,하차,204.82692307692307,2025
105,일,10,승차,464.40384615384613,2025
105,일,10,하차,267.11538461538464,2025
105,일,11,승차,460.88461538461536,2025
105,일,11,하차,294.8269230769231,2025
105,일,12,승차,511.5,2025
105,일,12,하차,385.8076923076923,2025
105,일,13,승차,507.46153846153845,2025
105,일,13,하차,434.1923076923077,2025
105,일,14,승차,493.5,2025
105,일,14,하차,451.53846153846155,2025
105,일,15,승차,475.84615384615387,2025
105,일,15,하차,538.7884615384615,2025
105,일,16,승차,427.0576923076923,2025
105,일,16,하차,576.1346153846154,2025
105,일,17,승차,380.8269230769231,2025
105,일,17,하차,530.8846153846154,2025
105,일,18,승차,277.90384615384613,2025
105,일,18,하차,474.34615384615387,2025
105,일,19,승차,199.21153846153845,2025
105,일,19,하차,323.8076923076923,2025
105,일,20,승차,132.76923076923077,2025
105,일,20,하차,279.8269230769231,2025
105,일,21,승차,105.11538461538461,2025
105,일,21,하차,233.80769230769232,2025
105,일,22,승차,91.23076923076923,2025
105,일,22,하차,178.84615384615384,2025
105,일,23,승차,27.807692307692307,2025
105,일,23,하차,91.42307692307692,2025
105,주중,0,승차,7.854406130268199,2025
105,주중,0,하차,45.111111111111114,2025
105,주중,1,승차,0.45977011494252873,2025
105,주중,1,하차,0.6781609195402298,2025
105,주중,2,승차,0.09961685823754789,2025
105,주중,2,하차,0.32950191570881227,2025
105,주중,3,승차,0.09961685823754789,2025
105,주중,3,하차,0.19157088122605365,2025
105,주중,4,승차,15.03831417624521,2025
105,주중,4,하차,0.5019157088122606,2025
105,주중,5,승차,150.03831417624522,2025
105,주중,5,하차,27.869731800766285,2025
105,주중,6,승차,329.47892720306515,2025
105,주중,6,하차,156.0191570881226,2025
105,주중,7,승차,681.4329501915709,2025
105,주중,7,하차,284.72796934865903,2025
105,주중,8,승차,982.7624521072797,2025
105,주중,8,하차,555.2068965517242,2025
105,주중,9,승차,638.3409961685824,2025
105,주중,9,하차,456.08045977011494,2025
105,주중,10,승차,603.8199233716475,2025
105,주중,10,하차,461.0574712643678,2025
105,주중,11,승차,660.3563218390805,2025
105,주중,11,하차,591.4674329501916,2025
105,주중,12,승차,689.4521072796935,2025
105,주중,12,하차,614.7854406130268,2025
105,주중,13,승차,663.3908045977012,2025
105,주중,13,하차,596.463601532567,2025
105,주중,14,승차,633.6245210727969,2025
105,주중,14,하차,651.9846743295019,2025
105,주중,15,승차,662.4521072796935,2025
105,주중,15,하차,782.7662835249042,2025
105,주중,16,승차,689.7854406130268,2025
105,주중,16,하차,831.1264367816092,2025
105,주중,17,승차,739.3026819923372,2025
105,주중,17,하차,944.1915708812261,2025
105,주중,18,승차,605.9080459770115,2025
105,주중,18,하차,1056.4406130268198,2025
105,주중,19,승차,303.0038314176245,2025
105,주중,19,하차,508.7739463601533,2025
105,주중,20,승차,203.96934865900383,2025
105,주중,20,하차,364.04597701149424,2025
105,주중,21,승차,173.26436781609195,2025
105,주중,21,하차,299.53256704980845,2025
105,주중,22,승차,110.1800766283525,2025
105,주중,22,하차,244.38697318007664,2025
105,주중,23,승차,43.099616858237546,2025
105,주중,23,하차,122.95402298850574,2025
105,토,0,승차,7.673076923076923,2025
105,토,0,하차,61.88461538461539,2025
105,토,1,승차,0.0,2025
105,토,1,하차,0.019230769230769232,2025
105,토,2,승차,0.0,2025
105,토,2,하차,0.0,2025
105,토,3,승차,0.0,2025
105,토,3,하차,0.0,2025
105,토,4,승차,15.153846153846153,2025
105,토,4,하차,0.75,2025
105,토,5,승차,127.0,2025
105,토,5,하차,26.057692307692307,2025
105,토,6,승차,184.53846153846155,2025
105,토,6,하차,113.82692307692308,2025
105,토,7,승차,270.0769230769231,2025
105,토,7,하차,135.3846153846154,2025
105,토,8,승차,439.75,2025
105,토,8,하차,299.8076923076923,2025
105,토,9,승차,546.1538461538462,2025
105,토,9,하차,348.0769230769231,2025
105,토,10,승차,625.6538461538462,2025
105,토,10,하차,386.2692307692308,2025
105,토,11,승차,706.7884615384615,2025
105,토,11,하차,490.13461538461536,2025
105,토,12,승차,724.1538461538462,2025
105,토,12,하차,622.5192307692307,2025
105,토,13,승차,706.7692307692307,2025
105,토,13,하차,601.1730769230769,2025
105,토,14,승차,617.1153846153846,2025
105,토,14,하차,542.4423076923077,2025
105,토,15,승차,597.9807692307693,2025
105,토,15,하차,637.0961538461538,2025
105,토,16,승차,606.6923076923077,2025
105,토,16,하차,712.3269230769231,2025
105,토,17,승차,572.1346153846154,2025
105,토,17,하차,724.0,2025
105,토,18,승차,394.3076923076923,2025
105,토,18,하차,566.9615384615385,2025
105,토,19,승차,273.4807692307692,2025
105,토,19,하차,409.25,2025
105,토,20,승차,192.51923076923077,2025
105,토,20,하차,379.78846153846155,2025
105,토,21,승차,146.21153846153845,2025
105,토,21,하차,320.6730769230769,2025
105,토,22,승차,125.5,2025
105,토,22,하차,262.03846153846155,2025
105,토,23,승차,48.61538461538461,2025
105,토,23,하차,153.71153846153845,2025
106,일,0,승차,3.5576923076923075,2025
106,일,0,하차,17.48076923076923,2025
106,일,1,승차,0.038461538461538464,2025
106,일,1,하차,0.038461538461538464,2025
106,일,2,승차,0.038461538461538464,2025
106,일,2,하차,0.09615384615384616,2025
106,일,3,승차,0.0,2025
106,일,3,하차,0.0,2025
106,일,4,승차,6.730769230769231,2025
106,일,4,하차,2.2884615384615383,2025
106,일,5,승차,52.19230769230769,2025
106,일,5,하차,8.807692307692308,2025
106,일,6,승차,69.5,2025
106,일,6,하차,42.46153846153846,2025
106,일,7,승차,94.42307692307692,2025
106,일,7,하차,45.40384615384615,2025
106,일,8,승차,159.71153846153845,2025
106,일,8,하차,66.67307692307692,2025
106,일,9,승차,203.1153846153846,2025
106,일,9,하차,84.48076923076923,2025
106,일,10,승차,232.03846153846155,2025
106,일,10,하차,123.21153846153847,2025
106,일,11,승차,224.48076923076923,2025
106,일,11,하차,107.90384615384616,2025
106,일,12,승차,222.28846153846155,2025
106,일,12,하차,126.90384615384616,2025
106,일,13,승차,210.78846153846155,2025
106,일,13,하차,148.26923076923077,2025
106,일,14,승차,178.01923076923077,2025
106,일,14,하차,175.25,2025
106,일,15,승차,163.03846153846155,2025
106,일,15,하차,220.71153846153845,2025
106,일,16,승차,142.19230769230768,2025
106,일,16,하차,242.1346153846154,2025
106,일,17,승차,130.32692307692307,2025
106,일,17,하차,231.03846153846155,2025
106,일,18,승차,102.0,2025
106,일,18,하차,205.6346153846154,2025
106,일,19,승차,64.42307692307692,2025
106,일,19,하차,166.80769230769232,2025
106,일,20,승차,45.38461538461539,2025
106,일,20,하차,130.19230769230768,2025
106,일,21,승차,33.61538461538461,2025
106,일,21,하차,121.5,2025
106,일,22,승차,19.615384615384617,2025
106,일,22,하차,88.98076923076923,2025
106,일,23,승차,7.634615384615385,2025
106,일,23,하차,44.09615384615385,2025
106,주중,0,승차,4.030651340996169,2025
106,주중,0,하차,26.061302681992338,2025
106,주중,1,승차,0.06130268199233716,2025
106,주중,1,하차,0.2260536398467433,2025
106,주중,2,승차,0.09195402298850575,2025
106,주중,2,하차,0.13793103448275862,2025
106,주중,3,승차,0.04597701149425287,2025
106,주중,3,하차,0.06896551724137931,2025
106,주중,4,승차,10.908045977011493,2025
106,주중,4,하차,2.0,2025
106,주중,5,승차,83.5823754789272,2025
106,주중,5,하차,10.28735632183908,2025
106,주중,6,승차,174.57471264367817,2025
106,주중,6,하차,79.24904214559388,2025
106,주중,7,승차,409.39080459770116,2025
106,주중,7,하차,138.40613026819923,2025
106,주중,8,승차,590.4444444444445,2025
106,주중,8,하차,317.5977011494253,2025
106,주중,9,승차,335.8007662835249,2025
106,주중,9,하차,232.6934865900383,2025
106,주중,10,승차,292.37931034482756,2025
106,주중,10,하차,223.87739463601534,2025
106,주중,11,승차,310.08045977011494,2025
106,주중,11,하차,250.03065134099617,2025
106,주중,12,승차,308.4942528735632,2025
106,주중,12,하차,281.33716475095787,2025
106,주중,13,승차,314.06513409961684,2025
106,주중,13,하차,245.0727969348659,2025
106,주중,14,승차,269.01149425287355,2025
106,주중,14,하차,253.3256704980843,2025
106,주중,15,승차,283.33716475095787,2025
106,주중,15,하차,324.7662835249042,2025
106,주중,16,승차,311.3141762452107,2025
106,주중,16,하차,354.9655172413793,2025
106,주중,17,승차,273.0919540229885,2025
106,주중,17,하차,391.8965517241379,2025
106,주중,18,승차,199.11877394636016,2025
106,주중,18,하차,470.27203065134097,2025
106,주중,19,승차,97.62835249042146,2025
106,주중,19,하차,260.11877394636014,2025
106,주중,20,승차,68.455938697318,2025
106,주중,20,하차,182.64750957854406,2025
106,주중,21,승차,58.99616858237548,2025
106,주중,21,하차,157.08045977011494,2025
106,주중,22,승차,29.509578544061302,2025
106,주중,22,하차,128.06130268199234,2025
106,주중,23,승차,11.264367816091953,2025
106,주중,23,하차,65.80076628352491,2025
106,토,0,승차,4.9423076923076925,2025
106,토,0,하차,31.98076923076923,2025
106,토,1,승차,0.17307692307692307,2025
106,토,1,하차,0.057692307692307696,2025
106,토,2,승차,0.0,2025
106,토,2,하차,0.09615384615384616,2025
106,토,3,승차,0.019230769230769232,2025
106,토,3,하차,0.038461538461538464,2025
106,토,4,승차,8.961538461538462,2025
106,토,4,하차,2.0,2025
106,토,5,승차,75.76923076923077,2025
106,토,5,하차,12.0,2025
106,토,6,승차,95.28846153846153,2025
106,토,6,하차,56.13461538461539,2025
106,토,7,승차,156.17307692307693,2025
106,토,7,하차,57.63461538461539,2025
106,토,8,승차,244.01923076923077,2025
106,토,8,하차,88.88461538461539,2025
106,토,9,승차,262.63461538461536,2025
106,토,9,하차,99.21153846153847,2025
106,토,10,승차,281.0576923076923,2025
106,토,10,하차,120.25,2025
106,토,11,승차,295.2692307692308,2025
106,토,11,하차,158.76923076923077,2025
106,토,12,승차,287.75,2025
106,토,12,하차,210.1153846153846,2025
106,토,13,승차,262.25,2025
106,토,13,하차,212.05769230769232,2025
106,토,14,승차,215.21153846153845,2025
106,토,14,하차,206.23076923076923,2025
106,토,15,승차,192.34615384615384,2025
106,토,15,하차,252.40384615384616,2025
106,토,16,승차,213.65384615384616,2025
106,토,16,하차,273.36538461538464,2025
106,토,17,승차,201.48076923076923,2025
106,토,17,하차,279.36538461538464,2025
106,토,18,승차,148.57692307692307,2025
106,토,18,하차,240.80769230769232,2025
106,토,19,승차,87.46153846153847,2025
106,토,19,하차,187.57692307692307,2025
106,토,20,승차,59.32692307692308,2025
106,토,20,하차,175.48076923076923,2025
106,토,21,승차,43.96153846153846,2025
106,토,21,하차,151.76923076923077,2025
106,토,22,승차,25.307692307692307,2025
106,토,22,하차,130.3846153846154,2025
106,토,23,승차,11.442307692307692,2025
106,토,23,하차,70.9423076923077,2025
107,일,0,승차,1.25,2025
107,일,0,하차,17.0,2025
107,일,1,승차,0.0,2025
107,일,1,하차,0.0,2025
107,일,2,승차,0.0,2025
107,일,2,하차,0.0,2025
107,일,3,승차,0.0,2025
107,일,3,하차,0.0,2025
107,일,4,승차,3.8653846153846154,2025
107,일,4,하차,1.7884615384615385,2025
107,일,5,승차,28.173076923076923,2025
107,일,5,하차,16.923076923076923,2025
107,일,6,승차,41.46153846153846,2025
107,일,6,하차,48.36538461538461,2025
107,일,7,승차,71.88461538461539,2025
107,일,7,하차,86.59615384615384,2025
107,일,8,승차,106.40384615384616,2025
107,일,8,하차,165.71153846153845,2025
107,일,9,승차,165.0,2025
107,일,9,하차,179.98076923076923,2025
107,일,10,승차,220.3846153846154,2025
107,일,10,하차,183.96153846153845,2025
107,일,11,승차,231.67307692307693,2025
107,일,11,하차,155.05769230769232,2025
107,일,12,승차,233.5,2025
107,일,12,하차,150.26923076923077,2025
107,일,13,승차,213.09615384615384,2025
107,일,13,하차,191.0,2025
107,일,14,승차,224.07692307692307,2025
107,일,14,하차,182.42307692307693,2025
107,일,15,승차,226.3653846153846,2025
107,일,15,하차,199.78846153846155,2025
107,일,16,승차,197.26923076923077,2025
107,일,16,하차,203.23076923076923,2025
107,일,17,승차,201.53846153846155,2025
107,일,17,하차,187.03846153846155,2025
107,일,18,승차,113.65384615384616,2025
107,일,18,하차,167.90384615384616,2025
107,일,19,승차,71.09615384615384,2025
107,일,19,하차,132.76923076923077,2025
107,일,20,승차,48.32692307692308,2025
107,일,20,하차,105.73076923076923,2025
107,일,21,승차,36.84615384615385,2025
107,일,21,하차,87.98076923076923,2025
107,일,22,승차,28.673076923076923,2025
107,일,22,하차,65.76923076923077,2025
107,일,23,승차,11.865384615384615,2025
107,일,23,하차,45.61538461538461,2025
107,주중,0,승차,2.10727969348659,2025
107,주중,0,하차,24.421455938697317,2025
107,주중,1,승차,0.03065134099616858,2025
107,주중,1,하차,0.09195402298850575,2025
107,주중,2,승차,0.0038314176245210726,2025
107,주중,2,하차,0.011494252873563218,2025
107,주중,3,승차,0.011494252873563218,2025
107,주중,3,하차,0.011494252873563218,2025
107,주중,4,승차,4.501915708812261,2025
107,주중,4,하차,1.9195402298850575,2025
107,주중,5,승차,58.37547892720306,2025
107,주중,5,하차,25.662835249042146,2025
107,주중,6,승차,118.71647509578544,2025
107,주중,6,하차,75.82758620689656,2025
107,주중,7,승차,308.2260536398467,2025
107,주중,7,하차,217.94252873563218,2025
107,주중,8,승차,446.1609195402299,2025
107,주중,8,하차,414.3333333333333,2025
107,주중,9,승차,261.57471264367814,2025
107,주중,9,하차,217.49425287356323,2025
107,주중,10,승차,256.9961685823755,2025
107,주중,10,하차,207.06896551724137,2025
107,주중,11,승차,242.96168582375478,2025
107,주중,11,하차,199.18007662835248,2025
107,주중,12,승차,238.57471264367817,2025
107,주중,12,하차,217.02298850574712,2025
107,주중,13,승차,235.09195402298852,2025
107,주중,13,하차,242.9272030651341,2025
107,주중,14,승차,230.03065134099617,2025
107,주중,14,하차,239.71264367816093,2025
107,주중,15,승차,253.95785440613028,2025
107,주중,15,하차,264.2835249042146,2025
107,주중,16,승차,282.72030651341,2025
107,주중,16,하차,275.15325670498083,2025
107,주중,17,승차,293.42911877394636,2025
107,주중,17,하차,315.7241379310345,2025
107,주중,18,승차,233.53639846743295,2025
107,주중,18,하차,394.0574712643678,2025
107,주중,19,승차,102.29885057471265,2025
107,주중,19,하차,201.65134099616859,2025
107,주중,20,승차,71.64750957854406,2025
107,주중,20,하차,152.00383141762453,2025
107,주중,21,승차,49.93103448275862,2025
107,주중,21,하차,128.4022988505747,2025
107,주중,22,승차,38.09578544061303,2025
107,주중,22,하차,94.36781609195403,2025
107,주중,23,승차,16.624521072796934,2025
107,주중,23,하차,68.92337164750958,2025
107,토,0,승차,1.8461538461538463,2025
107,토,0,하차,26.865384615384617,2025
107,토,1,승차,0.0,2025
107,토,1,하차,0.0,2025
107,토,2,승차,0.0,2025
107,토,2,하차,0.0,2025
107,토,3,승차,0.019230769230769232,2025
107,토,3,하차,0.0,2025
107,토,4,승차,4.384615384615385,2025
107,토,4,하차,1.7692307692307692,2025
107,토,5,승차,43.28846153846154,2025
107,토,5,하차,19.942307692307693,2025
107,토,6,승차,63.5,2025
107,토,6,하차,47.86538461538461,2025
107,토,7,승차,127.15384615384616,2025
107,토,7,하차,71.09615384615384,2025
107,토,8,승차,173.40384615384616,2025
107,토,8,하차,117.40384615384616,2025
107,토,9,승차,190.1346153846154,2025
107,토,9,하차,131.1153846153846,2025
107,토,10,승차,217.71153846153845,2025
107,토,10,하차,146.09615384615384,2025
107,토,11,승차,237.78846153846155,2025
107,토,11,하차,174.0,2025
107,토,12,승차,247.1346153846154,2025
107,토,12,하차,182.1153846153846,2025
107,토,13,승차,241.6346153846154,2025
107,토,13,하차,190.1153846153846,2025
107,토,14,승차,200.67307692307693,2025
107,토,14,하차,184.17307692307693,2025
107,토,15,승차,195.84615384615384,2025
107,토,15,하차,211.98076923076923,2025
107,토,16,승차,194.25,2025
107,토,16,하차,226.8846153846154,2025
107,토,17,승차,184.6346153846154,2025
107,토,17,하차,243.5,2025
107,토,18,승차,134.09615384615384,2025
107,토,18,하차,205.5,2025
107,토,19,승차,84.67307692307692,2025
107,토,19,하차,147.19230769230768,2025
107,토,20,승차,62.36538461538461,2025
107,토,20,하차,138.65384615384616,2025
107,토,21,승차,55.21153846153846,2025
107,토,21,하차,114.57692307692308,2025
107,토,22,승차,36.30769230769231,2025
107,토,22,하차,98.34615384615384,2025
107,토,23,승차,15.865384615384615,2025
107,토,23,하차,72.03846153846153,2025
108,일,0,승차,4.038461538461538,2025
108,일,0,하차,28.153846153846153,2025
108,일,1,승차,0.3269230769230769,2025
108,일,1,하차,0.23076923076923078,2025
108,일,2,승차,0.09615384615384616,2025
108,일,2,하차,0.19230769230769232,2025
108,일,3,승차,0.0,2025
108,일,3,하차,0.019230769230769232,2025
108,일,4,승차,3.9423076923076925,2025
108,일,4,하차,0.07692307692307693,2025
108,일,5,승차,67.76923076923077,2025
108,일,5,하차,13.98076923076923,2025
108,일,6,승차,89.75,2025
108,일,6,하차,66.5576923076923,2025
108,일,7,승차,124.36538461538461,2025
108,일,7,하차,61.17307692307692,2025
108,일,8,승차,201.46153846153845,2025
108,일,8,하차,105.01923076923077,2025
108,일,9,승차,282.3076923076923,2025
108,일,9,하차,188.0,2025
108,일,10,승차,314.4230769230769,2025
108,일,10,하차,243.3846153846154,2025
108,일,11,승차,358.59615384615387,2025
108,일,11,하차,179.48076923076923,2025
108,일,12,승차,386.40384615384613,2025
108,일,12,하차,215.78846153846155,2025
108,일,13,승차,383.34615384615387,2025
108,일,13,하차,249.53846153846155,2025
108,일,14,승차,357.78846153846155,2025
108,일,14,하차,276.03846153846155,2025
108,일,15,승차,392.5,2025
108,일,15,하차,290.63461538461536,2025
108,일,16,승차,341.71153846153845,2025
108,일,16,하차,332.34615384615387,2025
108,일,17,승차,281.9807692307692,2025
108,일,17,하차,333.09615384615387,2025
108,일,18,승차,209.28846153846155,2025
108,일,18,하차,309.7307692307692,2025
108,일,19,승차,146.78846153846155,2025
108,일,19,하차,213.57692307692307,2025
108,일,20,승차,111.51923076923077,2025
108,일,20,하차,208.82692307692307,2025
108,일,21,승차,86.48076923076923,2025
108,일,21,하차,161.48076923076923,2025
108,일,22,승차,55.80769230769231,2025
108,일,22,하차,143.1346153846154,2025
108,일,23,승차,28.442307692307693,2025
108,일,23,하차,111.48076923076923,2025
108,주중,0,승차,4.908045977011494,2025
108,주중,0,하차,34.21072796934866,2025
108,주중,1,승차,0.31417624521072796,2025
108,주중,1,하차,0.6130268199233716,2025
108,주중,2,승차,0.16475095785440613,2025
108,주중,2,하차,0.38697318007662834,2025
108,주중,3,승차,0.011494252873563218,2025
108,주중,3,하차,0.05747126436781609,2025
108,주중,4,승차,5.996168582375479,2025
108,주중,4,하차,0.1111111111111111,2025
108,주중,5,승차,124.99233716475096,2025
108,주중,5,하차,19.846743295019156,2025
108,주중,6,승차,219.27969348659005,2025
108,주중,6,하차,93.03831417624521,2025
108,주중,7,승차,466.27969348659,2025
108,주중,7,하차,203.5977011494253,2025
108,주중,8,승차,715.9540229885057,2025
108,주중,8,하차,492.41379310344826,2025
108,주중,9,승차,486.33716475095787,2025
108,주중,9,하차,321.9961685823755,2025
108,주중,10,승차,464.60536398467434,2025
108,주중,10,하차,304.0383141762452,2025
108,주중,11,승차,473.8352490421456,2025
108,주중,11,하차,347.3984674329502,2025
108,주중,12,승차,458.43295019157085,2025
108,주중,12,하차,359.16858237547893,2025
108,주중,13,승차,467.86206896551727,2025
108,주중,13,하차,367.96934865900386,2025
108,주중,14,승차,461.72796934865903,2025
108,주중,14,하차,406.7432950191571,2025
108,주중,15,승차,485.8429118773946,2025
108,주중,15,하차,477.4367816091954,2025
108,주중,16,승차,527.6858237547892,2025
108,주중,16,하차,488.5287356321839,2025
108,주중,17,승차,653.0306513409962,2025
108,주중,17,하차,621.3180076628353,2025
108,주중,18,승차,516.6666666666666,2025
108,주중,18,하차,707.6743295019157,2025
108,주중,19,승차,242.32950191570882,2025
108,주중,19,하차,364.9808429118774,2025
108,주중,20,승차,197.65134099616859,2025
108,주중,20,하차,260.37164750957857,2025
108,주중,21,승차,169.54022988505747,2025
108,주중,21,하차,222.5785440613027,2025
108,주중,22,승차,115.46743295019157,2025
108,주중,22,하차,172.64367816091954,2025
108,주중,23,승차,47.78927203065134,2025
108,주중,23,하차,146.56704980842912,2025
108,토,0,승차,5.269230769230769,2025
108,토,0,하차,42.76923076923077,2025
108,토,1,승차,0.07692307692307693,2025
108,토,1,하차,0.11538461538461539,2025
108,토,2,승차,0.0,2025
108,토,2,하차,0.057692307692307696,2025
108,토,3,승차,0.0,2025
108,토,3,하차,0.0,2025
108,토,4,승차,5.096153846153846,2025
108,토,4,하차,0.09615384615384616,2025
108,토,5,승차,108.84615384615384,2025
108,토,5,하차,15.365384615384615,2025
108,토,6,승차,131.1153846153846,2025
108,토,6,하차,75.34615384615384,2025
108,토,7,승차,198.30769230769232,2025
108,토,7,하차,83.34615384615384,2025
108,토,8,승차,340.7307692307692,2025
108,토,8,하차,195.8846153846154,2025
108,토,9,승차,388.6730769230769,2025
108,토,9,하차,219.59615384615384,2025
108,토,10,승차,430.6730769230769,2025
108,토,10,하차,250.84615384615384,2025
108,토,11,승차,476.40384615384613,2025
108,토,11,하차,299.03846153846155,2025
108,토,12,승차,488.3076923076923,2025
108,토,12,하차,343.40384615384613,2025
108,토,13,승차,478.1923076923077,2025
108,토,13,하차,365.78846153846155,2025
108,토,14,승차,427.53846153846155,2025
108,토,14,하차,350.5769230769231,2025
108,토,15,승차,430.3076923076923,2025
108,토,15,하차,395.09615384615387,2025
108,토,16,승차,435.0769230769231,2025
108,토,16,하차,433.5576923076923,2025
108,토,17,승차,407.3076923076923,2025
108,토,17,하차,459.09615384615387,2025
108,토,18,승차,318.38461538461536,2025
108,토,18,하차,392.03846153846155,2025
108,토,19,승차,213.84615384615384,2025
108,토,19,하차,285.38461538461536,2025
108,토,20,승차,155.1153846153846,2025
108,토,20,하차,234.82692307692307,2025
108,토,21,승차,157.59615384615384,2025
108,토,21,하차,235.59615384615384,2025
108,토,22,승차,91.92307692307692,2025
108,토,22,하차,174.3846153846154,2025
108,토,23,승차,46.73076923076923,2025
108,토,23,하차,169.98076923076923,2025
109,일,0,승차,4.230769230769231,2025
109,일,0,하차,39.76923076923077,2025
109,일,1,승차,0.019230769230769232,2025
109,일,1,하차,0.0,2025
109,일,2,승차,0.0,2025
109,일,2,하차,0.07692307692307693,2025
109,일,3,승차,0.0,2025
109,일,3,하차,0.0,2025
109,일,4,승차,3.3653846153846154,2025
109,일,4,하차,0.07692307692307693,2025
109,일,5,승차,61.98076923076923,2025
109,일,5,하차,37.01923076923077,2025
109,일,6,승차,103.40384615384616,2025
109,일,6,하차,91.32692307692308,2025
109,일,7,승차,143.3846153846154,2025
109,일,7,하차,96.61538461538461,2025
109,일,8,승차,215.8653846153846,2025
109,일,8,하차,177.73076923076923,2025
109,일,9,승차,282.36538461538464,2025
109,일,9,하차,305.9423076923077,2025
109,일,10,승차,305.5,2025
109,일,10,하차,334.40384615384613,2025
109,일,11,승차,340.9230769230769,2025
109,일,11,하차,316.2307692307692,2025
109,일,12,승차,370.9807692307692,2025
109,일,12,하차,288.5,2025
109,일,13,승차,403.2307692307692,2025
109,일,13,하차,307.2692307692308,2025
109,일,14,승차,355.65384615384613,2025
109,일,14,하차,320.96153846153845,2025
109,일,15,승차,384.21153846153845,2025
109,일,15,하차,294.09615384615387,2025
109,일,16,승차,385.86538461538464,2025
109,일,16,하차,284.71153846153845,2025
109,일,17,승차,335.2692307692308,2025
109,일,17,하차,262.0769230769231,2025
109,일,18,승차,233.73076923076923,2025
109,일,18,하차,244.3846153846154,2025
109,일,19,승차,146.17307692307693,2025
109,일,19,하차,217.82692307692307,2025
109,일,20,승차,108.71153846153847,2025
109,일,20,하차,178.34615384615384,2025
109,일,21,승차,79.5,2025
109,일,21,하차,216.55769230769232,2025
109,일,22,승차,80.86538461538461,2025
109,일,22,하차,220.78846153846155,2025
109,일,23,승차,51.32692307692308,2025
109,일,23,하차,137.71153846153845,2025
109,주중,0,승차,5.846743295019157,2025
109,주중,0,하차,44.37931034482759,2025
109,주중,1,승차,0.2260536398467433,2025
109,주중,1,하차,0.4674329501915709,2025
109,주중,2,승차,0.05363984674329502,2025
109,주중,2,하차,0.2681992337164751,2025
109,주중,3,승차,0.03065134099616858,2025
109,주중,3,하차,0.0421455938697318,2025
109,주중,4,승차,4.869731800766283,2025
109,주중,4,하차,0.1532567049808429,2025
109,주중,5,승차,109.61685823754789,2025
109,주중,5,하차,72.70498084291188,2025
109,주중,6,승차,202.3065134099617,2025
109,주중,6,하차,209.2183908045977,2025
109,주중,7,승차,394.9655172413793,2025
109,주중,7,하차,603.7931034482758,2025
109,주중,8,승차,606.0919540229885,2025
109,주중,8,하차,1687.7624521072796,2025
109,주중,9,승차,556.8697318007663,2025
109,주중,9,하차,926.3448275862069,2025
109,주중,10,승차,643.3218390804598,2025
109,주중,10,하차,877.4022988505748,2025
109,주중,11,승차,717.44061302682,2025
109,주중,11,하차,671.5019157088122,2025
109,주중,12,승차,631.4521072796935,2025
109,주중,12,하차,565.823754789272,2025
109,주중,13,승차,604.9272030651341,2025
109,주중,13,하차,800.1570881226054,2025
109,주중,14,승차,779.1340996168583,2025
109,주중,14,하차,611.6206896551724,2025
109,주중,15,승차,959.0114942528736,2025
109,주중,15,하차,442.97318007662835,2025
109,주중,16,승차,1031.896551724138,2025
109,주중,16,하차,429.191570881226,2025
109,주중,17,승차,1479.544061302682,2025
109,주중,17,하차,458.2413793103448,2025
109,주중,18,승차,688.5938697318007,2025
109,주중,18,하차,537.4521072796935,2025
109,주중,19,승차,288.09961685823754,2025
109,주중,19,하차,298.2988505747126,2025
109,주중,20,승차,215.71264367816093,2025
109,주중,20,하차,223.0344827586207,2025
109,주중,21,승차,180.4022988505747,2025
109,주중,21,하차,216.1417624521073,2025
109,주중,22,승차,136.65900383141764,2025
109,주중,22,하차,251.79310344827587,2025
109,주중,23,승차,84.92337164750958,2025
109,주중,23,하차,156.91954022988506,2025
109,토,0,승차,4.6923076923076925,2025
109,토,0,하차,55.71153846153846,2025
109,토,1,승차,0.4230769230769231,2025
109,토,1,하차,0.6153846153846154,2025
109,토,2,승차,0.057692307692307696,2025
109,토,2,하차,0.3076923076923077,2025
109,토,3,승차,0.057692307692307696,2025
109,토,3,하차,0.057692307692307696,2025
109,토,4,승차,4.75,2025
109,토,4,하차,0.09615384615384616,2025
109,토,5,승차,96.21153846153847,2025
109,토,5,하차,52.15384615384615,2025
109,토,6,승차,136.65384615384616,2025
109,토,6,하차,104.1923076923077,2025
109,토,7,승차,220.59615384615384,2025
109,토,7,하차,124.65384615384616,2025
109,토,8,승차,317.5192307692308,2025
109,토,8,하차,252.28846153846155,2025
109,토,9,승차,351.61538461538464,2025
109,토,9,하차,330.8076923076923,2025
109,토,10,승차,361.0769230769231,2025
109,토,10,하차,326.21153846153845,2025
109,토,11,승차,405.9423076923077,2025
109,토,11,하차,336.25,2025
109,토,12,승차,468.5769230769231,2025
109,토,12,하차,337.1923076923077,2025
109,토,13,승차,438.84615384615387,2025
109,토,13,하차,379.5576923076923,2025
109,토,14,승차,398.0,2025
109,토,14,하차,372.9423076923077,2025
109,토,15,승차,447.13461538461536,2025
109,토,15,하차,344.4423076923077,2025
109,토,16,승차,448.86538461538464,2025
109,토,16,하차,352.21153846153845,2025
109,토,17,승차,443.8076923076923,2025
109,토,17,하차,347.0576923076923,2025
109,토,18,승차,298.8076923076923,2025
109,토,18,하차,290.2692307692308,2025
109,토,19,승차,180.8846153846154,2025
109,토,19,하차,220.57692307692307,2025
109,토,20,승차,136.98076923076923,2025
109,토,20,하차,207.32692307692307,2025
109,토,21,승차,105.76923076923077,2025
109,토,21,하차,210.3653846153846,2025
109,토,22,승차,95.57692307692308,2025
109,토,22,하차,236.46153846153845,2025
109,토,23,승차,58.03846153846154,2025
109,토,23,하차,169.71153846153845,2025
110,일,0,승차,11.173076923076923,2025
110,일,0,하차,27.115384615384617,2025
110,일,1,승차,0.15384615384615385,2025
110,일,1,하차,0.11538461538461539,2025
110,일,2,승차,0.019230769230769232,2025
110,일,2,하차,0.07692307692307693,2025
110,일,3,승차,0.0,2025
110,일,3,하차,0.0,2025
110,일,4,승차,5.211538461538462,2025
110,일,4,하차,0.8269230769230769,2025
110,일,5,승차,88.34615384615384,2025
110,일,5,하차,71.09615384615384,2025
110,일,6,승차,118.96153846153847,2025
110,일,6,하차,138.46153846153845,2025
110,일,7,승차,173.8846153846154,2025
110,일,7,하차,233.75,2025
110,일,8,승차,287.2692307692308,2025
110,일,8,하차,418.0769230769231,2025
110,일,9,승차,410.4423076923077,2025
110,일,9,하차,698.3076923076923,2025
110,일,10,승차,553.0384615384615,2025
110,일,10,하차,1095.0576923076924,2025
110,일,11,승차,729.2307692307693,2025
110,일,11,하차,1768.0576923076924,2025
110,일,12,승차,913.4807692307693,2025
110,일,12,하차,1998.0576923076924,2025
110,일,13,승차,1209.6923076923076,2025
110,일,13,하차,1775.0192307692307,2025
110,일,14,승차,1619.1346153846155,2025
110,일,14,하차,1587.0961538461538,2025
110,일,15,승차,1950.923076923077,2025
110,일,15,하차,1354.8461538461538,2025
110,일,16,승차,1833.0384615384614,2025
110,일,16,하차,1183.4423076923076,2025
110,일,17,승차,1531.6153846153845,2025
110,일,17,하차,994.1346153846154,2025
110,일,18,승차,1261.9807692307693,2025
110,일,18,하차,673.3076923076923,2025
110,일,19,승차,959.9615384615385,2025
110,일,19,하차,520.8269230769231,2025
110,일,20,승차,764.6153846153846,2025
110,일,20,하차,331.5576923076923,2025
110,일,21,승차,571.6923076923077,2025
110,일,21,하차,265.34615384615387,2025
110,일,22,승차,355.2692307692308,2025
110,일,22,하차,177.73076923076923,2025
110,일,23,승차,157.40384615384616,2025
110,일,23,하차,104.96153846153847,2025
110,주중,0,승차,13.448275862068966,2025
110,주중,0,하차,32.98850574712644,2025
110,주중,1,승차,0.5095785440613027,2025
110,주중,1,하차,0.7969348659003831,2025
110,주중,2,승차,0.20689655172413793,2025
110,주중,2,하차,0.39080459770114945,2025
110,주중,3,승차,0.03065134099616858,2025
110,주중,3,하차,0.04597701149425287,2025
110,주중,4,승차,7.766283524904215,2025
110,주중,4,하차,1.9655172413793103,2025
110,주중,5,승차,136.26053639846742,2025
110,주중,5,하차,122.19157088122606,2025
110,주중,6,승차,194.19157088122606,2025
110,주중,6,하차,272.0919540229885,2025
110,주중,7,승차,357.96934865900386,2025
110,주중,7,하차,625.6628352490421,2025
110,주중,8,승차,578.7547892720306,2025
110,주중,8,하차,1503.6590038314175,2025
110,주중,9,승차,580.5402298850574,2025
110,주중,9,하차,1120.3103448275863,2025
110,주중,10,승차,783.7432950191571,2025
110,주중,10,하차,1371.16091954023,2025
110,주중,11,승차,1014.264367816092,2025
110,주중,11,하차,1747.3141762452108,2025
110,주중,12,승차,1170.9386973180076,2025
110,주중,12,하차,1717.7011494252874,2025
110,주중,13,승차,1340.6781609195402,2025
110,주중,13,하차,1555.065134099617,2025
110,주중,14,승차,1630.934865900383,2025
110,주중,14,하차,1465.8735632183907,2025
110,주중,15,승차,1852.704980842912,2025
110,주중,15,하차,1330.6858237547892,2025
110,주중,16,승차,1775.9961685823755,2025
110,주중,16,하차,1181.9961685823755,2025
110,주중,17,승차,1804.095785440613,2025
110,주중,17,하차,1233.3486590038315,2025
110,주중,18,승차,1706.11877394636,2025
110,주중,18,하차,1200.942528735632,2025
110,주중,19,승차,902.5134099616859,2025
110,주중,19,하차,624.1302681992337,2025
110,주중,20,승차,763.0268199233717,2025
110,주중,20,하차,386.8045977011494,2025
110,주중,21,승차,630.536398467433,2025
110,주중,21,하차,310.46360153256705,2025
110,주중,22,승차,435.735632183908,2025
110,주중,22,하차,203.87739463601534,2025
110,주중,23,승차,215.22222222222223,2025
110,주중,23,하차,130.04597701149424,2025
110,토,0,승차,20.096153846153847,2025
110,토,0,하차,43.46153846153846,2025
110,토,1,승차,0.23076923076923078,2025
110,토,1,하차,0.17307692307692307,2025
110,토,2,승차,0.11538461538461539,2025
110,토,2,하차,0.17307692307692307,2025
110,토,3,승차,0.038461538461538464,2025
110,토,3,하차,0.019230769230769232,2025
110,토,4,승차,7.076923076923077,2025
110,토,4,하차,1.2884615384615385,2025
110,토,5,승차,127.57692307692308,2025
110,토,5,하차,113.84615384615384,2025
110,토,6,승차,155.82692307692307,2025
110,토,6,하차,219.94230769230768,2025
110,토,7,승차,245.15384615384616,2025
110,토,7,하차,373.4423076923077,2025
110,토,8,승차,390.9230769230769,2025
110,토,8,하차,782.2307692307693,2025
110,토,9,승차,567.2307692307693,2025
110,토,9,하차,1019.3269230769231,2025
110,토,10,승차,793.8076923076923,2025
110,토,10,하차,1489.75,2025
110,토,11,승차,1064.2307692307693,2025
110,토,11,하차,2135.903846153846,2025
110,토,12,승차,1287.1346153846155,2025
110,토,12,하차,2298.326923076923,2025
110,토,13,승차,1542.076923076923,2025
110,토,13,하차,2047.826923076923,2025
110,토,14,승차,1835.4038461538462,2025
110,토,14,하차,1788.8461538461538,2025
110,토,15,승차,2198.480769230769,2025
110,토,15,하차,1622.4615384615386,2025
110,토,16,승차,2082.846153846154,2025
110,토,16,하차,1647.6153846153845,2025
110,토,17,승차,1780.6923076923076,2025
110,토,17,하차,1676.9038461538462,2025
110,토,18,승차,1475.0192307692307,2025
110,토,18,하차,1241.8653846153845,2025
110,토,19,승차,1238.9615384615386,2025
110,토,19,하차,796.5,2025
110,토,20,승차,1069.5,2025
110,토,20,하차,484.3076923076923,2025
110,토,21,승차,901.2307692307693,2025
110,토,21,하차,419.4807692307692,2025
110,토,22,승차,624.4230769230769,2025
110,토,22,하차,260.61538461538464,2025
110,토,23,승차,323.9423076923077,2025
110,토,23,하차,173.48076923076923,2025
111,일,0,승차,5.9423076923076925,2025
111,일,0,하차,37.28846153846154,2025
111,일,1,승차,0.28846153846153844,2025
111,일,1,하차,0.4423076923076923,2025
111,일,2,승차,0.23076923076923078,2025
111,일,2,하차,0.15384615384615385,2025
111,일,3,승차,0.0,2025
111,일,3,하차,0.0,2025
111,일,4,승차,2.3653846153846154,2025
111,일,4,하차,0.8846153846153846,2025
111,일,5,승차,81.15384615384616,2025
111,일,5,하차,63.59615384615385,2025
111,일,6,승차,119.61538461538461,2025
111,일,6,하차,167.82692307692307,2025
111,일,7,승차,183.84615384615384,2025
111,일,7,하차,248.8846153846154,2025
111,일,8,승차,324.5,2025
111,일,8,하차,463.59615384615387,2025
111,일,9,승차,460.21153846153845,2025
111,일,9,하차,917.9230769230769,2025
111,일,10,승차,579.8076923076923,2025
111,일,10,하차,1378.5384615384614,2025
111,일,11,승차,724.4807692307693,2025
111,일,11,하차,1672.9615384615386,2025
111,일,12,승차,935.6346153846154,2025
111,일,12,하차,1695.4423076923076,2025
111,일,13,승차,1159.25,2025
111,일,13,하차,1750.3076923076924,2025
111,일,14,승차,1416.6923076923076,2025
111,일,14,하차,1684.9807692307693,2025
111,일,15,승차,1719.3846153846155,2025
111,일,15,하차,1517.2884615384614,2025
111,일,16,승차,1813.423076923077,2025
111,일,16,하차,1331.3653846153845,2025
111,일,17,승차,1715.2692307692307,2025
111,일,17,하차,1131.7307692307693,2025
111,일,18,승차,1504.7884615384614,2025
111,일,18,하차,875.5384615384615,2025
111,일,19,승차,1202.0192307692307,2025
111,일,19,하차,588.1346153846154,2025
111,일,20,승차,1153.173076923077,2025
111,일,20,하차,479.11538461538464,2025
111,일,21,승차,634.4038461538462,2025
111,일,21,하차,326.4423076923077,2025
111,일,22,승차,336.13461538461536,2025
111,일,22,하차,255.40384615384616,2025
111,일,23,승차,105.07692307692308,2025
111,일,23,하차,141.25,2025
111,주중,0,승차,10.81992337164751,2025
111,주중,0,하차,50.31417624521073,2025
111,주중,1,승차,0.48659003831417624,2025
111,주중,1,하차,0.946360153256705,2025
111,주중,2,승차,0.11494252873563218,2025
111,주중,2,하차,0.3563218390804598,2025
111,주중,3,승차,0.06896551724137931,2025
111,주중,3,하차,0.09195402298850575,2025
111,주중,4,승차,3.3026819923371646,2025
111,주중,4,하차,1.3946360153256705,2025
111,주중,5,승차,127.5095785440613,2025
111,주중,5,하차,109.78544061302682,2025
111,주중,6,승차,230.72030651340995,2025
111,주중,6,하차,440.53256704980845,2025
111,주중,7,승차,512.3218390804598,2025
111,주중,7,하차,938.5172413793103,2025
111,주중,8,승차,836.1149425287356,2025
111,주중,8,하차,1782.521072796935,2025
111,주중,9,승차,633.8390804597701,2025
111,주중,9,하차,1284.2452107279694,2025
111,주중,10,승차,642.1915708812261,2025
111,주중,10,하차,1378.4674329501916,2025
111,주중,11,승차,817.6245210727969,2025
111,주중,11,하차,1556.9540229885058,2025
111,주중,12,승차,1038.1149425287356,2025
111,주중,12,하차,1440.7969348659003,2025
111,주중,13,승차,1182.191570881226,2025
111,주중,13,하차,1377.5823754789271,2025
111,주중,14,승차,1330.5555555555557,2025
111,주중,14,하차,1365.5938697318009,2025
111,주중,15,승차,1571.831417624521,2025
111,주중,15,하차,1341.7931034482758,2025
111,주중,16,승차,1782.103448275862,2025
111,주중,16,하차,1282.352490421456,2025
111,주중,17,승차,2034.83908045977,2025
111,주중,17,하차,1429.057471264368,2025
111,주중,18,승차,2129.4750957854408,2025
111,주중,18,하차,1434.7356321839081,2025
111,주중,19,승차,1172.8122605363985,2025
111,주중,19,하차,765.8888888888889,2025
111,주중,20,승차,1156.4061302681991,2025
111,주중,20,하차,502.1226053639847,2025
111,주중,21,승차,738.7816091954023,2025
111,주중,21,하차,417.2988505747126,2025
111,주중,22,승차,420.52107279693485,2025
111,주중,22,하차,305.91570881226056,2025
111,주중,23,승차,150.28352490421457,2025
111,주중,23,하차,186.2183908045977,2025
111,토,0,승차,9.038461538461538,2025
111,토,0,하차,67.34615384615384,2025
111,토,1,승차,0.21153846153846154,2025
111,토,1,하차,0.25,2025
111,토,2,승차,0.038461538461538464,2025
111,토,2,하차,0.15384615384615385,2025
111,토,3,승차,0.0,2025
111,토,3,하차,0.0,2025
111,토,4,승차,2.9615384615384617,2025
111,토,4,하차,0.9038461538461539,2025
111,토,5,승차,112.65384615384616,2025
111,토,5,하차,96.82692307692308,2025
111,토,6,승차,152.40384615384616,2025
111,토,6,하차,303.90384615384613,2025
111,토,7,승차,270.2307692307692,2025
111,토,7,하차,382.34615384615387,2025
111,토,8,승차,458.25,2025
111,토,8,하차,660.8846153846154,2025
111,토,9,승차,557.3461538461538,2025
111,토,9,하차,1119.1923076923076,2025
111,토,10,승차,709.1538461538462,2025
111,토,10,하차,1548.5961538461538,2025
111,토,11,승차,936.3846153846154,2025
111,토,11,하차,2011.4807692307693,2025
111,토,12,승차,1209.5961538461538,2025
111,토,12,하차,2108.75,2025
111,토,13,승차,1391.5,2025
111,토,13,하차,2144.9615384615386,2025
111,토,14,승차,1714.8846153846155,2025
111,토,14,하차,1905.076923076923,2025
111,토,15,승차,1989.0576923076924,2025
111,토,15,하차,1822.7884615384614,2025
111,토,16,승차,2065.3653846153848,2025
111,토,16,하차,1752.6538461538462,2025
111,토,17,승차,2039.1923076923076,2025
111,토,17,하차,1543.3076923076924,2025
111,토,18,승차,1704.326923076923,2025
111,토,18,하차,1158.5961538461538,2025
111,토,19,승차,1406.5384615384614,2025
111,토,19,하차,805.8846153846154,2025
111,토,20,승차,1425.0384615384614,2025
111,토,20,하차,521.5384615384615,2025
111,토,21,승차,888.0,2025
111,토,21,하차,504.6923076923077,2025
111,토,22,승차,520.0,2025
111,토,22,하차,332.63461538461536,2025
111,토,23,승차,189.5,2025
111,토,23,하차,224.17307692307693,2025
112,일,0,승차,2.9615384615384617,2025
112,일,0,하차,11.807692307692308,2025
112,일,1,승차,0.23076923076923078,2025
112,일,1,하차,0.23076923076923078,2025
112,일,2,승차,0.07692307692307693,2025
112,일,2,하차,0.07692307692307693,2025
112,일,3,승차,0.0,2025
112,일,3,하차,0.0,2025
112,일,4,승차,0.7307692307692307,2025
112,일,4,하차,0.038461538461538464,2025
112,일,5,승차,35.36538461538461,2025
112,일,5,하차,22.596153846153847,2025
112,일,6,승차,67.57692307692308,2025
112,일,6,하차,63.96153846153846,2025
112,일,7,승차,91.3076923076923,2025
112,일,7,하차,91.28846153846153,2025
112,일,8,승차,155.75,2025
112,일,8,하차,162.59615384615384,2025
112,일,9,승차,209.69230769230768,2025
112,일,9,하차,183.40384615384616,2025
112,일,10,승차,224.82692307692307,2025
112,일,10,하차,239.94230769230768,2025
112,일,11,승차,230.26923076923077,2025
112,일,11,하차,258.15384615384613,2025
112,일,12,승차,258.5192307692308,2025
112,일,12,하차,266.2692307692308,2025
112,일,13,승차,261.0576923076923,2025
112,일,13,하차,318.5,2025
112,일,14,승차,285.53846153846155,2025
112,일,14,하차,305.0,2025
112,일,15,승차,319.4423076923077,2025
112,일,15,하차,262.9807692307692,2025
112,일,16,승차,309.40384615384613,2025
112,일,16,하차,232.98076923076923,2025
112,일,17,승차,325.9230769230769,2025
112,일,17,하차,222.90384615384616,2025
112,일,18,승차,249.80769230769232,2025
112,일,18,하차,191.75,2025
112,일,19,승차,173.6153846153846,2025
112,일,19,하차,130.84615384615384,2025
112,일,20,승차,134.94230769230768,2025
112,일,20,하차,141.21153846153845,2025
112,일,21,승차,97.88461538461539,2025
112,일,21,하차,110.67307692307692,2025
112,일,22,승차,59.55769230769231,2025
112,일,22,하차,94.67307692307692,2025
112,일,23,승차,34.98076923076923,2025
112,일,23,하차,62.11538461538461,2025
112,주중,0,승차,5.226053639846743,2025
112,주중,0,하차,14.241379310344827,2025
112,주중,1,승차,0.23371647509578544,2025
112,주중,1,하차,0.6398467432950191,2025
112,주중,2,승차,0.19923371647509577,2025
112,주중,2,하차,0.3103448275862069,2025
112,주중,3,승차,0.022988505747126436,2025
112,주중,3,하차,0.034482758620689655,2025
112,주중,4,승차,1.049808429118774,2025
112,주중,4,하차,0.3103448275862069,2025
112,주중,5,승차,52.52107279693487,2025
112,주중,5,하차,98.75478927203065,2025
112,주중,6,승차,115.2911877394636,2025
112,주중,6,하차,191.73563218390805,2025
112,주중,7,승차,229.6551724137931,2025
112,주중,7,하차,830.2298850574713,2025
112,주중,8,승차,386.0191570881226,2025
112,주중,8,하차,3977.885057471264,2025
112,주중,9,승차,317.90421455938696,2025
112,주중,9,하차,996.0191570881226,2025
112,주중,10,승차,342.51724137931035,2025
112,주중,10,하차,544.8314176245211,2025
112,주중,11,승차,436.3639846743295,2025
112,주중,11,하차,529.6973180076628,2025
112,주중,12,승차,441.16858237547893,2025
112,주중,12,하차,500.9425287356322,2025
112,주중,13,승차,522.7892720306513,2025
112,주중,13,하차,554.7931034482758,2025
112,주중,14,승차,567.1800766283525,2025
112,주중,14,하차,420.44444444444446,2025
112,주중,15,승차,649.7624521072797,2025
112,주중,15,하차,376.7739463601533,2025
112,주중,16,승차,849.095785440613,2025
112,주중,16,하차,379.43295019157085,2025
112,주중,17,승차,1669.5862068965516,2025
112,주중,17,하차,422.5785440613027,2025
112,주중,18,승차,2779.4444444444443,2025
112,주중,18,하차,451.911877394636,2025
112,주중,19,승차,589.639846743295,2025
112,주중,19,하차,220.15708812260536,2025
112,주중,20,승차,389.176245210728,2025
112,주중,20,하차,157.360153256705,2025
112,주중,21,승차,291.1992337164751,2025
112,주중,21,하차,125.23371647509579,2025
112,주중,22,승차,163.75095785440612,2025
112,주중,22,하차,105.93869731800767,2025
112,주중,23,승차,75.22222222222223,2025
112,주중,23,하차,73.43295019157088,2025
112,토,0,승차,3.6538461538461537,2025
112,토,0,하차,22.653846153846153,2025
112,토,1,승차,0.17307692307692307,2025
112,토,1,하차,0.23076923076923078,2025
112,토,2,승차,0.17307692307692307,2025
112,토,2,하차,0.19230769230769232,2025
112,토,3,승차,0.0,2025
112,토,3,하차,0.057692307692307696,2025
112,토,4,승차,1.0384615384615385,2025
112,토,4,하차,0.09615384615384616,2025
112,토,5,승차,49.11538461538461,2025
112,토,5,하차,41.65384615384615,2025
112,토,6,승차,82.48076923076923,2025
112,토,6,하차,94.57692307692308,2025
112,토,7,승차,120.4423076923077,2025
112,토,7,하차,126.6923076923077,2025
112,토,8,승차,214.17307692307693,2025
112,토,8,하차,300.5,2025
112,토,9,승차,271.9230769230769,2025
112,토,9,하차,294.09615384615387,2025
112,토,10,승차,281.7692307692308,2025
112,토,10,하차,356.59615384615387,2025
112,토,11,승차,318.53846153846155,2025
112,토,11,하차,437.34615384615387,2025
112,토,12,승차,376.0192307692308,2025
112,토,12,하차,436.9807692307692,2025
112,토,13,승차,412.1923076923077,2025
112,토,13,하차,484.28846153846155,2025
112,토,14,승차,423.11538461538464,2025
112,토,14,하차,442.7692307692308,2025
112,토,15,승차,482.78846153846155,2025
112,토,15,하차,399.88461538461536,2025
112,토,16,승차,503.84615384615387,2025
112,토,16,하차,396.5576923076923,2025
112,토,17,승차,504.8076923076923,2025
112,토,17,하차,371.34615384615387,2025
112,토,18,승차,386.7692307692308,2025
112,토,18,하차,269.28846153846155,2025
112,토,19,승차,261.90384615384613,2025
112,토,19,하차,199.21153846153845,2025
112,토,20,승차,212.3846153846154,2025
112,토,20,하차,162.09615384615384,2025
112,토,21,승차,182.05769230769232,2025
112,토,21,하차,152.32692307692307,2025
112,토,22,승차,161.01923076923077,2025
112,토,22,하차,123.0,2025
112,토,23,승차,66.5,2025
112,토,23,하차,87.17307692307692,2025
113,일,0,승차,17.26923076923077,2025
113,일,0,하차,15.51923076923077,2025
113,일,1,승차,0.15384615384615385,2025
113,일,1,하차,0.15384615384615385,2025
113,일,2,승차,0.15384615384615385,2025
113,일,2,하차,0.23076923076923078,2025
113,일,3,승차,0.0,2025
113,일,3,하차,0.038461538461538464,2025
113,일,4,승차,2.6153846153846154,2025
113,일,4,하차,0.4807692307692308,2025
113,일,5,승차,84.65384615384616,2025
113,일,5,하차,171.51923076923077,2025
113,일,6,승차,125.23076923076923,2025
113,일,6,하차,413.21153846153845,2025
113,일,7,승차,207.01923076923077,2025
113,일,7,하차,738.3653846153846,2025
113,일,8,승차,534.3846153846154,2025
113,일,8,하차,1030.7307692307693,2025
113,일,9,승차,955.2884615384615,2025
113,일,9,하차,1271.5576923076924,2025
113,일,10,승차,1508.3461538461538,2025
113,일,10,하차,1188.5576923076924,2025
113,일,11,승차,1820.5961538461538,2025
113,일,11,하차,1301.8653846153845,2025
113,일,12,승차,1490.4038461538462,2025
113,일,12,하차,1547.75,2025
113,일,13,승차,1748.7884615384614,2025
113,일,13,하차,1578.1923076923076,2025
113,일,14,승차,1335.8846153846155,2025
113,일,14,하차,1924.6538461538462,2025
113,일,15,승차,1813.8461538461538,2025
113,일,15,하차,1868.2884615384614,2025
113,일,16,승차,1800.7884615384614,2025
113,일,16,하차,2085.6923076923076,2025
113,일,17,승차,1720.076923076923,2025
113,일,17,하차,1999.576923076923,2025
113,일,18,승차,1658.2692307692307,2025
113,일,18,하차,1905.076923076923,2025
113,일,19,승차,1462.6923076923076,2025
113,일,19,하차,1918.4423076923076,2025
113,일,20,승차,1273.7692307692307,2025
113,일,20,하차,1236.173076923077,2025
113,일,21,승차,1135.1153846153845,2025
113,일,21,하차,943.5769230769231,2025
113,일,22,승차,1124.4423076923076,2025
113,일,22,하차,392.3269230769231,2025
113,일,23,승차,519.6923076923077,2025
113,일,23,하차,165.59615384615384,2025
113,주중,0,승차,12.045977011494253,2025
113,주중,0,하차,20.88888888888889,2025
113,주중,1,승차,0.3524904214559387,2025
113,주중,1,하차,1.6704980842911878,2025
113,주중,2,승차,0.14559386973180077,2025
113,주중,2,하차,0.32567049808429116,2025
113,주중,3,승차,0.05747126436781609,2025
113,주중,3,하차,0.06513409961685823,2025
113,주중,4,승차,3.5057471264367814,2025
113,주중,4,하차,0.8812260536398467,2025
113,주중,5,승차,135.4904214559387,2025
113,주중,5,하차,216.96934865900383,2025
113,주중,6,승차,201.2528735632184,2025
113,주중,6,하차,555.3026819923372,2025
113,주중,7,승차,460.7816091954023,2025
113,주중,7,하차,1342.7241379310344,2025
113,주중,8,승차,1064.5134099616857,2025
113,주중,8,하차,3391.4521072796933,2025
113,주중,9,승차,1076.272030651341,2025
113,주중,9,하차,1740.5555555555557,2025
113,주중,10,승차,1360.8352490421455,2025
113,주중,10,하차,1257.9463601532566,2025
113,주중,11,승차,1579.632183908046,2025
113,주중,11,하차,1290.3984674329502,2025
113,주중,12,승차,1362.3984674329502,2025
113,주중,12,하차,1574.5593869731802,2025
113,주중,13,승차,1754.2068965517242,2025
113,주중,13,하차,1478.4674329501916,2025
113,주중,14,승차,1415.5172413793102,2025
113,주중,14,하차,1418.984674329502,2025
113,주중,15,승차,1730.9310344827586,2025
113,주중,15,하차,1440.551724137931,2025
113,주중,16,승차,1926.2068965517242,2025
113,주중,16,하차,1653.888888888889,2025
113,주중,17,승차,2376.7509578544064,2025
113,주중,17,하차,1721.1532567049808,2025
113,주중,18,승차,2892.3639846743295,2025
113,주중,18,하차,1818.095785440613,2025
113,주중,19,승차,1403.6091954022988,2025
113,주중,19,하차,1242.8735632183907,2025
113,주중,20,승차,1094.3218390804598,2025
113,주중,20,하차,868.536398467433,2025
113,주중,21,승차,889.6934865900383,2025
113,주중,21,하차,658.2490421455939,2025
113,주중,22,승차,706.9348659003831,2025
113,주중,22,하차,426.8888888888889,2025
113,주중,23,승차,334.264367816092,2025
113,주중,23,하차,193.33333333333334,2025
113,토,0,승차,15.326923076923077,2025
113,토,0,하차,32.42307692307692,2025
113,토,1,승차,0.07692307692307693,2025
113,토,1,하차,0.11538461538461539,2025
113,토,2,승차,0.057692307692307696,2025
113,토,2,하차,0.1346153846153846,2025
113,토,3,승차,0.038461538461538464,2025
113,토,3,하차,0.038461538461538464,2025
113,토,4,승차,4.076923076923077,2025
113,토,4,하차,0.5769230769230769,2025
113,토,5,승차,124.51923076923077,2025
113,토,5,하차,278.28846153846155,2025
113,토,6,승차,154.73076923076923,2025
113,토,6,하차,559.5384615384615,2025
113,토,7,승차,268.1923076923077,2025
113,토,7,하차,984.2692307692307,2025
113,토,8,승차,830.3269230769231,2025
113,토,8,하차,1381.0384615384614,2025
113,토,9,승차,1376.923076923077,2025
113,토,9,하차,1569.25,2025
113,토,10,승차,2108.903846153846,2025
113,토,10,하차,1496.2692307692307,2025
113,토,11,승차,2342.596153846154,2025
113,토,11,하차,1599.4807692307693,2025
113,토,12,승차,1843.5,2025
113,토,12,하차,2129.403846153846,2025
113,토,13,승차,2308.480769230769,2025
113,토,13,하차,2170.3653846153848,2025
113,토,14,승차,1814.25,2025
113,토,14,하차,2183.423076923077,2025
113,토,15,승차,2299.096153846154,2025
113,토,15,하차,1947.4038461538462,2025
113,토,16,승차,2306.0,2025
113,토,16,하차,2067.480769230769,2025
113,토,17,승차,2194.4423076923076,2025
113,토,17,하차,2023.0,2025
113,토,18,승차,1744.7115384615386,2025
113,토,18,하차,1787.1538461538462,2025
113,토,19,승차,1427.1923076923076,2025
113,토,19,하차,1496.6923076923076,2025
113,토,20,승차,1163.75,2025
113,토,20,하차,1317.9807692307693,2025
113,토,21,승차,994.8269230769231,2025
113,토,21,하차,1007.9230769230769,2025
113,토,22,승차,945.1923076923077,2025
113,토,22,하차,619.4038461538462,2025
113,토,23,승차,474.88461538461536,2025
113,토,23,하차,295.59615384615387,2025
114,일,0,승차,2.1346153846153846,2025
114,일,0,하차,7.0576923076923075,2025
114,일,1,승차,0.21153846153846154,2025
114,일,1,하차,0.15384615384615385,2025
114,일,2,승차,0.0,2025
114,일,2,하차,0.07692307692307693,2025
114,일,3,승차,0.0,2025
114,일,3,하차,0.0,2025
114,일,4,승차,0.4230769230769231,2025
114,일,4,하차,0.0,2025
114,일,5,승차,46.76923076923077,2025
114,일,5,하차,28.423076923076923,2025
114,일,6,승차,68.42307692307692,2025
114,일,6,하차,62.73076923076923,2025
114,일,7,승차,88.82692307692308,2025
114,일,7,하차,76.1923076923077,2025
114,일,8,승차,146.26923076923077,2025
114,일,8,하차,115.28846153846153,2025
114,일,9,승차,205.71153846153845,2025
114,일,9,하차,145.55769230769232,2025
114,일,10,승차,226.73076923076923,2025
114,일,10,하차,204.03846153846155,2025
114,일,11,승차,243.44230769230768,2025
114,일,11,하차,174.0,2025
114,일,12,승차,263.8269230769231,2025
114,일,12,하차,181.34615384615384,2025
114,일,13,승차,281.7307692307692,2025
114,일,13,하차,220.03846153846155,2025
114,일,14,승차,242.84615384615384,2025
114,일,14,하차,219.92307692307693,2025
114,일,15,승차,233.3846153846154,2025
114,일,15,하차,227.92307692307693,2025
114,일,16,승차,228.26923076923077,2025
114,일,16,하차,253.01923076923077,2025
114,일,17,승차,219.44230769230768,2025
114,일,17,하차,260.5769230769231,2025
114,일,18,승차,177.92307692307693,2025
114,일,18,하차,232.6346153846154,2025
114,일,19,승차,131.96153846153845,2025
114,일,19,하차,189.03846153846155,2025
114,일,20,승차,97.13461538461539,2025
114,일,20,하차,151.23076923076923,2025
114,일,21,승차,77.13461538461539,2025
114,일,21,하차,144.34615384615384,2025
114,일,22,승차,52.65384615384615,2025
114,일,22,하차,92.09615384615384,2025
114,일,23,승차,32.38461538461539,2025
114,일,23,하차,62.61538461538461,2025
114,주중,0,승차,2.846743295019157,2025
114,주중,0,하차,12.551724137931034,2025
114,주중,1,승차,0.2720306513409962,2025
114,주중,1,하차,0.45977011494252873,2025
114,주중,2,승차,0.09578544061302682,2025
114,주중,2,하차,0.2950191570881226,2025
114,주중,3,승차,0.0421455938697318,2025
114,주중,3,하차,0.04980842911877394,2025
114,주중,4,승차,0.6360153256704981,2025
114,주중,4,하차,0.06513409961685823,2025
114,주중,5,승차,98.40996168582376,2025
114,주중,5,하차,55.68199233716475,2025
114,주중,6,승차,154.64367816091954,2025
114,주중,6,하차,129.23371647509578,2025
114,주중,7,승차,306.4406130268199,2025
114,주중,7,하차,476.2911877394636,2025
114,주중,8,승차,561.6666666666666,2025
114,주중,8,하차,1732.7624521072796,2025
114,주중,9,승차,338.7547892720307,2025
114,주중,9,하차,612.3869731800767,2025
114,주중,10,승차,313.43295019157085,2025
114,주중,10,하차,352.50191570881225,2025
114,주중,11,승차,379.1800766283525,2025
114,주중,11,하차,322.52107279693485,2025
114,주중,12,승차,380.08045977011494,2025
114,주중,12,하차,313.3103448275862,2025
114,주중,13,승차,391.91954022988506,2025
114,주중,13,하차,364.84674329501917,2025
114,주중,14,승차,395.03065134099614,2025
114,주중,14,하차,305.35632183908046,2025
114,주중,15,승차,453.7854406130268,2025
114,주중,15,하차,352.8735632183908,2025
114,주중,16,승차,507.5057471264368,2025
114,주중,16,하차,366.6015325670498,2025
114,주중,17,승차,808.8927203065134,2025
114,주중,17,하차,452.4367816091954,2025
114,주중,18,승차,1144.7892720306513,2025
114,주중,18,하차,558.7701149425287,2025
114,주중,19,승차,314.27969348659,2025
114,주중,19,하차,285.0344827586207,2025
114,주중,20,승차,214.73563218390805,2025
114,주중,20,하차,197.08045977011494,2025
114,주중,21,승차,174.9463601532567,2025
114,주중,21,하차,178.47892720306513,2025
114,주중,22,승차,119.38314176245211,2025
114,주중,22,하차,127.36015325670498,2025
114,주중,23,승차,60.45593869731801,2025
114,주중,23,하차,88.83141762452107,2025
114,토,0,승차,2.8461538461538463,2025
114,토,0,하차,16.346153846153847,2025
114,토,1,승차,0.15384615384615385,2025
114,토,1,하차,0.15384615384615385,2025
114,토,2,승차,0.11538461538461539,2025
114,토,2,하차,0.09615384615384616,2025
114,토,3,승차,0.038461538461538464,2025
114,토,3,하차,0.019230769230769232,2025
114,토,4,승차,0.40384615384615385,2025
114,토,4,하차,0.019230769230769232,2025
114,토,5,승차,75.8076923076923,2025
114,토,5,하차,41.44230769230769,2025
114,토,6,승차,104.6923076923077,2025
114,토,6,하차,91.38461538461539,2025
114,토,7,승차,134.6346153846154,2025
114,토,7,하차,125.38461538461539,2025
114,토,8,승차,248.51923076923077,2025
114,토,8,하차,238.69230769230768,2025
114,토,9,승차,275.2692307692308,2025
114,토,9,하차,233.15384615384616,2025
114,토,10,승차,301.36538461538464,2025
114,토,10,하차,273.0769230769231,2025
114,토,11,승차,347.0769230769231,2025
114,토,11,하차,272.4423076923077,2025
114,토,12,승차,391.71153846153845,2025
114,토,12,하차,310.6730769230769,2025
114,토,13,승차,369.7307692307692,2025
114,토,13,하차,348.71153846153845,2025
114,토,14,승차,365.4807692307692,2025
114,토,14,하차,379.4807692307692,2025
114,토,15,승차,371.40384615384613,2025
114,토,15,하차,303.7692307692308,2025
114,토,16,승차,419.65384615384613,2025
114,토,16,하차,334.4423076923077,2025
114,토,17,승차,399.0,2025
114,토,17,하차,355.75,2025
114,토,18,승차,266.46153846153845,2025
114,토,18,하차,304.5192307692308,2025
114,토,19,승차,176.1346153846154,2025
114,토,19,하차,214.98076923076923,2025
114,토,20,승차,137.80769230769232,2025
114,토,20,하차,192.78846153846155,2025
114,토,21,승차,108.90384615384616,2025
114,토,21,하차,177.98076923076923,2025
114,토,22,승차,81.90384615384616,2025
114,토,22,하차,140.17307692307693,2025
114,토,23,승차,53.26923076923077,2025
114,토,23,하차,105.23076923076923,2025
115,일,0,승차,4.634615384615385,2025
115,일,0,하차,8.365384615384615,2025
115,일,1,승차,0.2692307692307692,2025
115,일,1,하차,0.5769230769230769,2025
115,일,2,승차,0.038461538461538464,2025
115,일,2,하차,1.3653846153846154,2025
115,일,3,승차,0.21153846153846154,2025
115,일,3,하차,0.8269230769230769,2025
115,일,4,승차,1.3461538461538463,2025
115,일,4,하차,0.5384615384615384,2025
115,일,5,승차,75.65384615384616,2025
115,일,5,하차,24.423076923076923,2025
115,일,6,승차,85.32692307692308,2025
115,일,6,하차,66.65384615384616,2025
115,일,7,승차,122.23076923076923,2025
115,일,7,하차,100.78846153846153,2025
115,일,8,승차,190.6153846153846,2025
115,일,8,하차,161.26923076923077,2025
115,일,9,승차,264.96153846153845,2025
115,일,9,하차,215.6346153846154,2025
115,일,10,승차,276.5,2025
115,일,10,하차,228.6153846153846,2025
115,일,11,승차,328.84615384615387,2025
115,일,11,하차,198.80769230769232,2025
115,일,12,승차,367.9230769230769,2025
115,일,12,하차,198.21153846153845,2025
115,일,13,승차,341.0576923076923,2025
115,일,13,하차,240.8846153846154,2025
115,일,14,승차,293.53846153846155,2025
115,일,14,하차,252.59615384615384,2025
115,일,15,승차,279.4423076923077,2025
115,일,15,하차,295.5576923076923,2025
115,일,16,승차,259.5769230769231,2025
115,일,16,하차,315.5576923076923,2025
115,일,17,승차,242.55769230769232,2025
115,일,17,하차,311.0769230769231,2025
115,일,18,승차,200.23076923076923,2025
115,일,18,하차,253.53846153846155,2025
115,일,19,승차,139.5,2025
115,일,19,하차,193.55769230769232,2025
115,일,20,승차,108.63461538461539,2025
115,일,20,하차,164.3846153846154,2025
115,일,21,승차,75.5,2025
115,일,21,하차,126.36538461538461,2025
115,일,22,승차,51.48076923076923,2025
115,일,22,하차,79.28846153846153,2025
115,일,23,승차,27.78846153846154,2025
115,일,23,하차,53.09615384615385,2025
115,주중,0,승차,4.597701149425287,2025
115,주중,0,하차,11.39463601532567,2025
115,주중,1,승차,0.30268199233716475,2025
115,주중,1,하차,0.4444444444444444,2025
115,주중,2,승차,0.1417624521072797,2025
115,주중,2,하차,1.3946360153256705,2025
115,주중,3,승차,0.2260536398467433,2025
115,주중,3,하차,0.8352490421455939,2025
115,주중,4,승차,1.4482758620689655,2025
115,주중,4,하차,0.5747126436781609,2025
115,주중,5,승차,151.75862068965517,2025
115,주중,5,하차,42.417624521072796,2025
115,주중,6,승차,191.13793103448276,2025
115,주중,6,하차,136.2030651340996,2025
115,주중,7,승차,398.4521072796935,2025
115,주중,7,하차,426.59003831417624,2025
115,주중,8,승차,638.1302681992337,2025
115,주중,8,하차,1380.233716475096,2025
115,주중,9,승차,484.2605363984674,2025
115,주중,9,하차,645.4827586206897,2025
115,주중,10,승차,455.3333333333333,2025
115,주중,10,하차,440.37164750957857,2025
115,주중,11,승차,554.0421455938697,2025
115,주중,11,하차,420.176245210728,2025
115,주중,12,승차,582.6858237547892,2025
115,주중,12,하차,405.5823754789272,2025
115,주중,13,승차,518.1800766283525,2025
115,주중,13,하차,512.6858237547892,2025
115,주중,14,승차,512.383141762452,2025
115,주중,14,하차,474.264367816092,2025
115,주중,15,승차,542.3486590038315,2025
115,주중,15,하차,471.5823754789272,2025
115,주중,16,승차,606.8850574712644,2025
115,주중,16,하차,486.00766283524905,2025
115,주중,17,승차,825.2222222222222,2025
115,주중,17,하차,539.4444444444445,2025
115,주중,18,승차,1012.2567049808429,2025
115,주중,18,하차,613.6934865900383,2025
115,주중,19,승차,267.3103448275862,2025
115,주중,19,하차,304.0,2025
115,주중,20,승차,215.44061302681993,2025
115,주중,20,하차,202.37164750957854,2025
115,주중,21,승차,165.9463601532567,2025
115,주중,21,하차,174.41379310344828,2025
115,주중,22,승차,93.31417624521073,2025
115,주중,22,하차,114.10727969348659,2025
115,주중,23,승차,42.22605363984675,2025
115,주중,23,하차,73.6896551724138,2025
115,토,0,승차,3.3076923076923075,2025
115,토,0,하차,13.538461538461538,2025
115,토,1,승차,0.09615384615384616,2025
115,토,1,하차,0.28846153846153844,2025
115,토,2,승차,0.07692307692307693,2025
115,토,2,하차,1.6923076923076923,2025
115,토,3,승차,0.17307692307692307,2025
115,토,3,하차,0.8269230769230769,2025
115,토,4,승차,1.9038461538461537,2025
115,토,4,하차,0.5576923076923077,2025
115,토,5,승차,120.0576923076923,2025
115,토,5,하차,30.596153846153847,2025
115,토,6,승차,119.17307692307692,2025
115,토,6,하차,90.4423076923077,2025
115,토,7,승차,193.76923076923077,2025
115,토,7,하차,121.53846153846153,2025
115,토,8,승차,295.5192307692308,2025
115,토,8,하차,298.13461538461536,2025
115,토,9,승차,360.90384615384613,2025
115,토,9,하차,293.78846153846155,2025
115,토,10,승차,399.90384615384613,2025
115,토,10,하차,279.59615384615387,2025
115,토,11,승차,479.5192307692308,2025
115,토,11,하차,327.0576923076923,2025
115,토,12,승차,517.8076923076923,2025
115,토,12,하차,321.25,2025
115,토,13,승차,449.46153846153845,2025
115,토,13,하차,352.53846153846155,2025
115,토,14,승차,369.4230769230769,2025
115,토,14,하차,341.3269230769231,2025
115,토,15,승차,337.5,2025
115,토,15,하차,378.03846153846155,2025
115,토,16,승차,346.11538461538464,2025
115,토,16,하차,419.1730769230769,2025
115,토,17,승차,372.0769230769231,2025
115,토,17,하차,424.53846153846155,2025
115,토,18,승차,277.09615384615387,2025
115,토,18,하차,319.71153846153845,2025
115,토,19,승차,196.09615384615384,2025
115,토,19,하차,253.8846153846154,2025
115,토,20,승차,158.57692307692307,2025
115,토,20,하차,182.25,2025
115,토,21,승차,114.98076923076923,2025
115,토,21,하차,174.6153846153846,2025
115,토,22,승차,79.15384615384616,2025
115,토,22,하차,121.90384615384616,2025
115,토,23,승차,46.21153846153846,2025
115,토,23,하차,86.84615384615384,2025
116,일,0,승차,1.3076923076923077,2025
116,일,0,하차,8.423076923076923,2025
116,일,1,승차,0.2692307692307692,2025
116,일,1,하차,0.23076923076923078,2025
116,일,2,승차,0.0,2025
116,일,2,하차,0.07692307692307693,2025
116,일,3,승차,0.0,2025
116,일,3,하차,0.0,2025
116,일,4,승차,1.1923076923076923,2025
116,일,4,하차,1.0384615384615385,2025
116,일,5,승차,47.17307692307692,2025
116,일,5,하차,20.826923076923077,2025
116,일,6,승차,58.86538461538461,2025
116,일,6,하차,43.05769230769231,2025
116,일,7,승차,103.40384615384616,2025
116,일,7,하차,100.5576923076923,2025
116,일,8,승차,154.78846153846155,2025
116,일,8,하차,176.34615384615384,2025
116,일,9,승차,211.6346153846154,2025
116,일,9,하차,244.30769230769232,2025
116,일,10,승차,222.90384615384616,2025
116,일,10,하차,283.5192307692308,2025
116,일,11,승차,222.44230769230768,2025
116,일,11,하차,245.78846153846155,2025
116,일,12,승차,262.9807692307692,2025
116,일,12,하차,140.92307692307693,2025
116,일,13,승차,299.09615384615387,2025
116,일,13,하차,155.67307692307693,2025
116,일,14,승차,374.4423076923077,2025
116,일,14,하차,172.15384615384616,2025
116,일,15,승차,269.84615384615387,2025
116,일,15,하차,189.42307692307693,2025
116,일,16,승차,206.51923076923077,2025
116,일,16,하차,185.82692307692307,2025
116,일,17,승차,187.96153846153845,2025
116,일,17,하차,170.42307692307693,2025
116,일,18,승차,123.15384615384616,2025
116,일,18,하차,167.57692307692307,2025
116,일,19,승차,85.23076923076923,2025
116,일,19,하차,133.15384615384616,2025
116,일,20,승차,62.11538461538461,2025
116,일,20,하차,119.1923076923077,2025
116,일,21,승차,64.5,2025
116,일,21,하차,89.13461538461539,2025
116,일,22,승차,29.53846153846154,2025
116,일,22,하차,72.0576923076923,2025
116,일,23,승차,13.961538461538462,2025
116,일,23,하차,50.57692307692308,2025
116,주중,0,승차,1.7662835249042146,2025
116,주중,0,하차,11.210727969348659,2025
116,주중,1,승차,0.2950191570881226,2025
116,주중,1,하차,0.3065134099616858,2025
116,주중,2,승차,0.1111111111111111,2025
116,주중,2,하차,0.2567049808429119,2025
116,주중,3,승차,0.011494252873563218,2025
116,주중,3,하차,0.034482758620689655,2025
116,주중,4,승차,1.2835249042145593,2025
116,주중,4,하차,1.2375478927203065,2025
116,주중,5,승차,84.24521072796935,2025
116,주중,5,하차,39.40229885057471,2025
116,주중,6,승차,180.72413793103448,2025
116,주중,6,하차,111.6896551724138,2025
116,주중,7,승차,374.85057471264366,2025
116,주중,7,하차,238.28735632183907,2025
116,주중,8,승차,575.4597701149426,2025
116,주중,8,하차,502.30651340996167,2025
116,주중,9,승차,351.632183908046,2025
116,주중,9,하차,282.1609195402299,2025
116,주중,10,승차,287.632183908046,2025
116,주중,10,하차,232.67816091954023,2025
116,주중,11,승차,301.86973180076626,2025
116,주중,11,하차,221.36398467432952,2025
116,주중,12,승차,311.35632183908046,2025
116,주중,12,하차,206.40613026819923,2025
116,주중,13,승차,313.1417624521073,2025
116,주중,13,하차,238.68582375478928,2025
116,주중,14,승차,289.1264367816092,2025
116,주중,14,하차,239.83908045977012,2025
116,주중,15,승차,276.81609195402297,2025
116,주중,15,하차,259.911877394636,2025
116,주중,16,승차,275.1226053639847,2025
116,주중,16,하차,272.1954022988506,2025
116,주중,17,승차,412.0689655172414,2025
116,주중,17,하차,317.37547892720306,2025
116,주중,18,승차,312.1647509578544,2025
116,주중,18,하차,407.95785440613025,2025
116,주중,19,승차,134.88505747126436,2025
116,주중,19,하차,237.639846743295,2025
116,주중,20,승차,90.89272030651341,2025
116,주중,20,하차,157.31417624521072,2025
116,주중,21,승차,95.01149425287356,2025
116,주중,21,하차,132.25670498084293,2025
116,주중,22,승차,49.61302681992337,2025
116,주중,22,하차,101.93486590038314,2025
116,주중,23,승차,25.74712643678161,2025
116,주중,23,하차,71.6896551724138,2025
116,토,0,승차,1.5576923076923077,2025
116,토,0,하차,13.596153846153847,2025
116,토,1,승차,0.21153846153846154,2025
116,토,1,하차,0.28846153846153844,2025
116,토,2,승차,0.23076923076923078,2025
116,토,2,하차,0.2692307692307692,2025
116,토,3,승차,0.0,2025
116,토,3,하차,0.11538461538461539,2025
116,토,4,승차,1.3461538461538463,2025
116,토,4,하차,1.1346153846153846,2025
116,토,5,승차,62.0,2025
116,토,5,하차,33.80769230769231,2025
116,토,6,승차,99.82692307692308,2025
116,토,6,하차,90.51923076923077,2025
116,토,7,승차,162.98076923076923,2025
116,토,7,하차,126.21153846153847,2025
116,토,8,승차,245.78846153846155,2025
116,토,8,하차,209.69230769230768,2025
116,토,9,승차,267.7307692307692,2025
116,토,9,하차,197.90384615384616,2025
116,토,10,승차,280.2307692307692,2025
116,토,10,하차,175.34615384615384,2025
116,토,11,승차,299.0576923076923,2025
116,토,11,하차,183.69230769230768,2025
116,토,12,승차,341.8076923076923,2025
116,토,12,하차,187.15384615384616,2025
116,토,13,승차,298.36538461538464,2025
116,토,13,하차,216.23076923076923,2025
116,토,14,승차,238.73076923076923,2025
116,토,14,하차,212.46153846153845,2025
116,토,15,승차,226.51923076923077,2025
116,토,15,하차,216.15384615384616,2025
116,토,16,승차,233.98076923076923,2025
116,토,16,하차,218.6346153846154,2025
116,토,17,승차,250.6346153846154,2025
116,토,17,하차,211.75,2025
116,토,18,승차,163.42307692307693,2025
116,토,18,하차,175.84615384615384,2025
116,토,19,승차,111.3076923076923,2025
116,토,19,하차,150.53846153846155,2025
116,토,20,승차,76.07692307692308,2025
116,토,20,하차,129.90384615384616,2025
116,토,21,승차,52.48076923076923,2025
116,토,21,하차,115.9423076923077,2025
116,토,22,승차,37.25,2025
116,토,22,하차,95.88461538461539,2025
116,토,23,승차,19.53846153846154,2025
116,토,23,하차,74.09615384615384,2025
117,일,0,승차,2.4038461538461537,2025
117,일,0,하차,8.346153846153847,2025
117,일,1,승차,0.019230769230769232,2025
117,일,1,하차,0.019230769230769232,2025
117,일,2,승차,0.0,2025
117,일,2,하차,0.019230769230769232,2025
117,일,3,승차,0.0,2025
117,일,3,하차,0.0,2025
117,일,4,승차,0.9615384615384616,2025
117,일,4,하차,0.038461538461538464,2025
117,일,5,승차,90.03846153846153,2025
117,일,5,하차,53.09615384615385,2025
117,일,6,승차,116.63461538461539,2025
117,일,6,하차,132.6153846153846,2025
117,일,7,승차,143.55769230769232,2025
117,일,7,하차,164.90384615384616,2025
117,일,8,승차,236.55769230769232,2025
117,일,8,하차,285.90384615384613,2025
117,일,9,승차,344.0769230769231,2025
117,일,9,하차,621.6346153846154,2025
117,일,10,승차,433.46153846153845,2025
117,일,10,하차,821.4038461538462,2025
117,일,11,승차,558.4423076923077,2025
117,일,11,하차,876.0192307692307,2025
117,일,12,승차,657.2115384615385,2025
117,일,12,하차,754.9230769230769,2025
117,일,13,승차,781.3461538461538,2025
117,일,13,하차,697.9230769230769,2025
117,일,14,승차,918.5,2025
117,일,14,하차,679.2307692307693,2025
117,일,15,승차,840.6730769230769,2025
117,일,15,하차,638.3076923076923,2025
117,일,16,승차,716.6346153846154,2025
117,일,16,하차,609.0,2025
117,일,17,승차,639.9230769230769,2025
117,일,17,하차,531.0384615384615,2025
117,일,18,승차,653.5576923076923,2025
117,일,18,하차,385.2692307692308,2025
117,일,19,승차,428.4807692307692,2025
117,일,19,하차,279.36538461538464,2025
117,일,20,승차,335.4230769230769,2025
117,일,20,하차,212.48076923076923,2025
117,일,21,승차,262.8269230769231,2025
117,일,21,하차,138.71153846153845,2025
117,일,22,승차,118.46153846153847,2025
117,일,22,하차,121.59615384615384,2025
117,일,23,승차,62.36538461538461,2025
117,일,23,하차,70.17307692307692,2025
117,주중,0,승차,3.743295019157088,2025
117,주중,0,하차,12.517241379310345,2025
117,주중,1,승차,0.41762452107279696,2025
117,주중,1,하차,0.685823754789272,2025
117,주중,2,승차,0.17624521072796934,2025
117,주중,2,하차,0.32950191570881227,2025
117,주중,3,승차,0.038314176245210725,2025
117,주중,3,하차,0.06130268199233716,2025
117,주중,4,승차,0.9386973180076629,2025
117,주중,4,하차,0.0842911877394636,2025
117,주중,5,승차,130.1494252873563,2025
117,주중,5,하차,104.83141762452107,2025
117,주중,6,승차,164.1647509578544,2025
117,주중,6,하차,310.088122605364,2025
117,주중,7,승차,362.367816091954,2025
117,주중,7,하차,677.9080459770115,2025
117,주중,8,승차,696.1034482758621,2025
117,주중,8,하차,2027.5977011494253,2025
117,주중,9,승차,588.8773946360153,2025
117,주중,9,하차,1475.9578544061303,2025
117,주중,10,승차,761.0498084291188,2025
117,주중,10,하차,1225.8620689655172,2025
117,주중,11,승차,970.2950191570882,2025
117,주중,11,하차,1332.4980842911878,2025
117,주중,12,승차,1098.3141762452108,2025
117,주중,12,하차,1220.1954022988505,2025
117,주중,13,승차,1210.6743295019157,2025
117,주중,13,하차,1258.4674329501916,2025
117,주중,14,승차,1351.4827586206898,2025
117,주중,14,하차,1177.1149425287356,2025
117,주중,15,승차,1475.5632183908046,2025
117,주중,15,하차,1055.6590038314175,2025
117,주중,16,승차,1509.6130268199233,2025
117,주중,16,하차,1015.9233716475096,2025
117,주중,17,승차,1693.3793103448277,2025
117,주중,17,하차,983.919540229885,2025
117,주중,18,승차,1687.4521072796936,2025
117,주중,18,하차,1060.4942528735633,2025
117,주중,19,승차,721.2260536398468,2025
117,주중,19,하차,457.5593869731801,2025
117,주중,20,승차,573.7777777777778,2025
117,주중,20,하차,289.98850574712645,2025
117,주중,21,승차,383.9616858237548,2025
117,주중,21,하차,204.68965517241378,2025
117,주중,22,승차,224.15325670498083,2025
117,주중,22,하차,148.77011494252875,2025
117,주중,23,승차,117.20306513409962,2025
117,주중,23,하차,92.1455938697318,2025
117,토,0,승차,3.980769230769231,2025
117,토,0,하차,20.76923076923077,2025
117,토,1,승차,0.019230769230769232,2025
117,토,1,하차,0.019230769230769232,2025
117,토,2,승차,0.0,2025
117,토,2,하차,0.0,2025
117,토,3,승차,0.0,2025
117,토,3,하차,0.0,2025
117,토,4,승차,0.9230769230769231,2025
117,토,4,하차,0.057692307692307696,2025
117,토,5,승차,112.90384615384616,2025
117,토,5,하차,92.15384615384616,2025
117,토,6,승차,119.65384615384616,2025
117,토,6,하차,258.65384615384613,2025
117,토,7,승차,183.73076923076923,2025
117,토,7,하차,356.40384615384613,2025
117,토,8,승차,370.13461538461536,2025
117,토,8,하차,776.6346153846154,2025
117,토,9,승차,523.1346153846154,2025
117,토,9,하차,1115.1538461538462,2025
117,토,10,승차,744.5576923076923,2025
117,토,10,하차,1355.4807692307693,2025
117,토,11,승차,987.2115384615385,2025
117,토,11,하차,1519.1346153846155,2025
117,토,12,승차,1200.4807692307693,2025
117,토,12,하차,1506.3461538461538,2025
117,토,13,승차,1456.9423076923076,2025
117,토,13,하차,1468.7692307692307,2025
117,토,14,승차,1449.326923076923,2025
117,토,14,하차,1268.923076923077,2025
117,토,15,승차,1544.423076923077,2025
117,토,15,하차,1135.1153846153845,2025
117,토,16,승차,1510.9423076923076,2025
117,토,16,하차,1101.1153846153845,2025
117,토,17,승차,1303.673076923077,2025
117,토,17,하차,1002.6153846153846,2025
117,토,18,승차,1061.2884615384614,2025
117,토,18,하차,703.3269230769231,2025
117,토,19,승차,703.4615384615385,2025
117,토,19,하차,402.21153846153845,2025
117,토,20,승차,564.1730769230769,2025
117,토,20,하차,338.5576923076923,2025
117,토,21,승차,366.8269230769231,2025
117,토,21,하차,238.32692307692307,2025
117,토,22,승차,209.92307692307693,2025
117,토,22,하차,209.07692307692307,2025
117,토,23,승차,123.25,2025
117,토,23,하차,140.71153846153845,2025
118,일,0,승차,1.5576923076923077,2025
118,일,0,하차,12.711538461538462,2025
118,일,1,승차,0.17307692307692307,2025
118,일,1,하차,0.36538461538461536,2025
118,일,2,승차,0.038461538461538464,2025
118,일,2,하차,0.038461538461538464,2025
118,일,3,승차,0.0,2025
118,일,3,하차,0.0,2025
118,일,4,승차,0.5961538461538461,2025
118,일,4,하차,0.019230769230769232,2025
118,일,5,승차,77.6923076923077,2025
118,일,5,하차,34.73076923076923,2025
118,일,6,승차,116.6923076923077,2025
118,일,6,하차,90.88461538461539,2025
118,일,7,승차,174.3846153846154,2025
118,일,7,하차,98.32692307692308,2025
118,일,8,승차,269.34615384615387,2025
118,일,8,하차,179.25,2025
118,일,9,승차,400.13461538461536,2025
118,일,9,하차,234.03846153846155,2025
118,일,10,승차,424.0,2025
118,일,10,하차,361.1730769230769,2025
118,일,11,승차,414.4807692307692,2025
118,일,11,하차,385.11538461538464,2025
118,일,12,승차,449.88461538461536,2025
118,일,12,하차,367.9230769230769,2025
118,일,13,승차,429.9807692307692,2025
118,일,13,하차,369.7307692307692,2025
118,일,14,승차,426.3076923076923,2025
118,일,14,하차,363.96153846153845,2025
118,일,15,승차,368.0576923076923,2025
118,일,15,하차,386.59615384615387,2025
118,일,16,승차,355.4807692307692,2025
118,일,16,하차,383.63461538461536,2025
118,일,17,승차,344.40384615384613,2025
118,일,17,하차,402.8269230769231,2025
118,일,18,승차,290.8076923076923,2025
118,일,18,하차,328.4230769230769,2025
118,일,19,승차,208.80769230769232,2025
118,일,19,하차,286.84615384615387,2025
118,일,20,승차,165.80769230769232,2025
118,일,20,하차,235.48076923076923,2025
118,일,21,승차,126.1923076923077,2025
118,일,21,하차,243.51923076923077,2025
118,일,22,승차,86.09615384615384,2025
118,일,22,하차,196.90384615384616,2025
118,일,23,승차,48.05769230769231,2025
118,일,23,하차,114.8076923076923,2025
118,주중,0,승차,2.0268199233716473,2025
118,주중,0,하차,17.839080459770116,2025
118,주중,1,승차,0.24904214559386972,2025
118,주중,1,하차,0.5440613026819924,2025
118,주중,2,승차,0.10727969348659004,2025
118,주중,2,하차,0.10344827586206896,2025
118,주중,3,승차,0.14559386973180077,2025
118,주중,3,하차,0.1532567049808429,2025
118,주중,4,승차,0.8237547892720306,2025
118,주중,4,하차,0.19157088122605365,2025
118,주중,5,승차,147.71647509578543,2025
118,주중,5,하차,76.73946360153256,2025
118,주중,6,승차,224.6206896551724,2025
118,주중,6,하차,214.8582375478927,2025
118,주중,7,승차,576.2183908045977,2025
118,주중,7,하차,568.1187739463602,2025
118,주중,8,승차,1048.536398467433,2025
118,주중,8,하차,2227.536398467433,2025
118,주중,9,승차,696.0766283524904,2025
118,주중,9,하차,1111.0842911877394,2025
118,주중,10,승차,667.0536398467433,2025
118,주중,10,하차,639.8275862068965,2025
118,주중,11,승차,714.4061302681993,2025
118,주중,11,하차,528.8122605363984,2025
118,주중,12,승차,689.639846743295,2025
118,주중,12,하차,524.3295019157088,2025
118,주중,13,승차,663.727969348659,2025
118,주중,13,하차,654.8390804597701,2025
118,주중,14,승차,665.0766283524904,2025
118,주중,14,하차,611.5555555555555,2025
118,주중,15,승차,730.8927203065134,2025
118,주중,15,하차,641.5900383141762,2025
118,주중,16,승차,882.1954022988506,2025
118,주중,16,하차,647.5977011494252,2025
118,주중,17,승차,1230.4942528735633,2025
118,주중,17,하차,768.3180076628353,2025
118,주중,18,승차,1417.6590038314175,2025
118,주중,18,하차,996.5900383141762,2025
118,주중,19,승차,434.11877394636014,2025
118,주중,19,하차,458.09961685823754,2025
118,주중,20,승차,314.30651340996167,2025
118,주중,20,하차,326.4942528735632,2025
118,주중,21,승차,277.03065134099614,2025
118,주중,21,하차,278.22222222222223,2025
118,주중,22,승차,187.13793103448276,2025
118,주중,22,하차,219.38697318007664,2025
118,주중,23,승차,78.44061302681992,2025
118,주중,23,하차,132.26053639846742,2025
118,토,0,승차,2.230769230769231,2025
118,토,0,하차,20.5,2025
118,토,1,승차,0.15384615384615385,2025
118,토,1,하차,0.17307692307692307,2025
118,토,2,승차,0.057692307692307696,2025
118,토,2,하차,0.057692307692307696,2025
118,토,3,승차,0.057692307692307696,2025
118,토,3,하차,0.057692307692307696,2025
118,토,4,승차,0.6346153846153846,2025
118,토,4,하차,0.11538461538461539,2025
118,토,5,승차,120.0,2025
118,토,5,하차,53.38461538461539,2025
118,토,6,승차,144.03846153846155,2025
118,토,6,하차,165.82692307692307,2025
118,토,7,승차,254.51923076923077,2025
118,토,7,하차,208.25,2025
118,토,8,승차,440.53846153846155,2025
118,토,8,하차,459.5769230769231,2025
118,토,9,승차,537.2307692307693,2025
118,토,9,하차,439.28846153846155,2025
118,토,10,승차,570.0384615384615,2025
118,토,10,하차,566.9038461538462,2025
118,토,11,승차,607.25,2025
118,토,11,하차,561.3461538461538,2025
118,토,12,승차,698.0576923076923,2025
118,토,12,하차,597.5,2025
118,토,13,승차,653.8846153846154,2025
118,토,13,하차,647.5384615384615,2025
118,토,14,승차,582.9615384615385,2025
118,토,14,하차,543.4423076923077,2025
118,토,15,승차,587.0192307692307,2025
118,토,15,하차,515.8076923076923,2025
118,토,16,승차,615.4230769230769,2025
118,토,16,하차,539.3269230769231,2025
118,토,17,승차,578.3269230769231,2025
118,토,17,하차,510.0192307692308,2025
118,토,18,승차,444.0,2025
118,토,18,하차,427.90384615384613,2025
118,토,19,승차,296.09615384615387,2025
118,토,19,하차,299.13461538461536,2025
118,토,20,승차,223.3846153846154,2025
118,토,20,하차,292.65384615384613,2025
118,토,21,승차,179.8846153846154,2025
118,토,21,하차,258.4807692307692,2025
118,토,22,승차,132.23076923076923,2025
118,토,22,하차,224.53846153846155,2025
118,토,23,승차,77.17307692307692,2025
118,토,23,하차,151.26923076923077,2025
119,일,0,승차,5.288461538461538,2025
119,일,0,하차,57.63461538461539,2025
119,일,1,승차,0.17307692307692307,2025
119,일,1,하차,0.11538461538461539,2025
119,일,2,승차,0.07692307692307693,2025
119,일,2,하차,0.21153846153846154,2025
119,일,3,승차,0.057692307692307696,2025
119,일,3,하차,0.057692307692307696,2025
119,일,4,승차,9.557692307692308,2025
119,일,4,하차,1.9230769230769231,2025
119,일,5,승차,289.0576923076923,2025
119,일,5,하차,119.13461538461539,2025
119,일,6,승차,289.6923076923077,2025
119,일,6,하차,232.51923076923077,2025
119,일,7,승차,299.5192307692308,2025
119,일,7,하차,339.75,2025
119,일,8,승차,485.4230769230769,2025
119,일,8,하차,636.75,2025
119,일,9,승차,763.9807692307693,2025
119,일,9,하차,1289.423076923077,2025
119,일,10,승차,930.9423076923077,2025
119,일,10,하차,1886.8846153846155,2025
119,일,11,승차,1163.6346153846155,2025
119,일,11,하차,2967.903846153846,2025
119,일,12,승차,1428.576923076923,2025
119,일,12,하차,3413.923076923077,2025
119,일,13,승차,1791.576923076923,2025
119,일,13,하차,3338.269230769231,2025
119,일,14,승차,2155.519230769231,2025
119,일,14,하차,3052.9423076923076,2025
119,일,15,승차,2594.25,2025
119,일,15,하차,2772.923076923077,2025
119,일,16,승차,2959.2115384615386,2025
119,일,16,하차,2493.0,2025
119,일,17,승차,2850.9615384615386,2025
119,일,17,하차,2280.5384615384614,2025
119,일,18,승차,2530.9423076923076,2025
119,일,18,하차,1831.4038461538462,2025
119,일,19,승차,2234.2115384615386,2025
119,일,19,하차,1278.4038461538462,2025
119,일,20,승차,2073.480769230769,2025
119,일,20,하차,892.75,2025
119,일,21,승차,1578.0961538461538,2025
119,일,21,하차,723.2884615384615,2025
119,일,22,승차,1173.5576923076924,2025
119,일,22,하차,486.9423076923077,2025
119,일,23,승차,799.8846153846154,2025
119,일,23,하차,261.0769230769231,2025
119,주중,0,승차,7.524904214559387,2025
119,주중,0,하차,72.61685823754789,2025
119,주중,1,승차,1.0306513409961686,2025
119,주중,1,하차,1.578544061302682,2025
119,주중,2,승차,0.2796934865900383,2025
119,주중,2,하차,0.8160919540229885,2025
119,주중,3,승차,0.13026819923371646,2025
119,주중,3,하차,0.21839080459770116,2025
119,주중,4,승차,6.467432950191571,2025
119,주중,4,하차,2.0268199233716473,2025
119,주중,5,승차,274.55555555555554,2025
119,주중,5,하차,188.3065134099617,2025
119,주중,6,승차,335.9272030651341,2025
119,주중,6,하차,293.52107279693485,2025
119,주중,7,승차,655.1609195402299,2025
119,주중,7,하차,736.9348659003831,2025
119,주중,8,승차,1259.0498084291187,2025
119,주중,8,하차,2943.2337164750957,2025
119,주중,9,승차,1094.0306513409962,2025
119,주중,9,하차,2859.4444444444443,2025
119,주중,10,승차,1340.0459770114942,2025
119,주중,10,하차,2625.4789272030653,2025
119,주중,11,승차,1703.4444444444443,2025
119,주중,11,하차,3074.4865900383143,2025
119,주중,12,승차,2064.3563218390805,2025
119,주중,12,하차,3394.030651340996,2025
119,주중,13,승차,2276.425287356322,2025
119,주중,13,하차,3409.977011494253,2025
119,주중,14,승차,2516.272030651341,2025
119,주중,14,하차,3072.1570881226053,2025
119,주중,15,승차,2990.793103448276,2025
119,주중,15,하차,2937.681992337165,2025
119,주중,16,승차,3261.1340996168583,2025
119,주중,16,하차,3019.5785440613026,2025
119,주중,17,승차,3410.8505747126437,2025
119,주중,17,하차,3559.352490421456,2025
119,주중,18,승차,3529.030651340996,2025
119,주중,18,하차,4161.862068965517,2025
119,주중,19,승차,2307.6513409961685,2025
119,주중,19,하차,1873.1800766283525,2025
119,주중,20,승차,2202.7241379310344,2025
119,주중,20,하차,1081.4942528735633,2025
119,주중,21,승차,2016.6130268199233,2025
119,주중,21,하차,787.383141762452,2025
119,주중,22,승차,1549.5134099616857,2025
119,주중,22,하차,583.5057471264367,2025
119,주중,23,승차,1005.9463601532567,2025
119,주중,23,하차,295.632183908046,2025
119,토,0,승차,9.76923076923077,2025
119,토,0,하차,106.03846153846153,2025
119,토,1,승차,0.40384615384615385,2025
119,토,1,하차,0.38461538461538464,2025
119,토,2,승차,0.21153846153846154,2025
119,토,2,하차,0.40384615384615385,2025
119,토,3,승차,0.038461538461538464,2025
119,토,3,하차,0.09615384615384616,2025
119,토,4,승차,8.192307692307692,2025
119,토,4,하차,2.0,2025
119,토,5,승차,328.86538461538464,2025
119,토,5,하차,197.92307692307693,2025
119,토,6,승차,302.7307692307692,2025
119,토,6,하차,323.03846153846155,2025
119,토,7,승차,370.15384615384613,2025
119,토,7,하차,505.3076923076923,2025
119,토,8,승차,630.9230769230769,2025
119,토,8,하차,1373.9423076923076,2025
119,토,9,승차,968.5576923076923,2025
119,토,9,하차,2535.5384615384614,2025
119,토,10,승차,1380.8846153846155,2025
119,토,10,하차,3126.7115384615386,2025
119,토,11,승차,1857.6923076923076,2025
119,토,11,하차,4187.4807692307695,2025
119,토,12,승차,2275.9615384615386,2025
119,토,12,하차,4679.557692307692,2025
119,토,13,승차,2642.75,2025
119,토,13,하차,4666.923076923077,2025
119,토,14,승차,3065.153846153846,2025
119,토,14,하차,4095.730769230769,2025
119,토,15,승차,3543.173076923077,2025
119,토,15,하차,3710.75,2025
119,토,16,승차,3930.269230769231,2025
119,토,16,하차,3604.3846153846152,2025
119,토,17,승차,3693.2884615384614,2025
119,토,17,하차,3626.076923076923,2025
119,토,18,승차,3066.2884615384614,2025
119,토,18,하차,2846.0576923076924,2025
119,토,19,승차,2665.9423076923076,2025
119,토,19,하차,2037.75,2025
119,토,20,승차,2656.0384615384614,2025
119,토,20,하차,1327.5384615384614,2025
119,토,21,승차,2225.519230769231,2025
119,토,21,하차,1165.7115384615386,2025
119,토,22,승차,1891.8076923076924,2025
119,토,22,하차,773.3269230769231,2025
119,토,23,승차,1493.923076923077,2025
119,토,23,하차,449.38461538461536,2025
120,일,0,승차,3.269230769230769,2025
120,일,0,하차,13.0,2025
120,일,1,승차,0.19230769230769232,2025
120,일,1,하차,0.19230769230769232,2025
120,일,2,승차,0.038461538461538464,2025
120,일,2,하차,0.17307692307692307,2025
120,일,3,승차,0.0,2025
120,일,3,하차,0.0,2025
120,일,4,승차,0.36538461538461536,2025
120,일,4,하차,0.038461538461538464,2025
120,일,5,승차,81.48076923076923,2025
120,일,5,하차,78.67307692307692,2025
120,일,6,승차,168.28846153846155,2025
120,일,6,하차,162.0,2025
120,일,7,승차,260.0,2025
120,일,7,하차,202.21153846153845,2025
120,일,8,승차,373.0576923076923,2025
120,일,8,하차,411.7692307692308,2025
120,일,9,승차,584.1538461538462,2025
120,일,9,하차,655.5576923076923,2025
120,일,10,승차,776.5961538461538,2025
120,일,10,하차,917.0769230769231,2025
120,일,11,승차,742.4807692307693,2025
120,일,11,하차,1099.1923076923076,2025
120,일,12,승차,831.3846153846154,2025
120,일,12,하차,1360.423076923077,2025
120,일,13,승차,878.1730769230769,2025
120,일,13,하차,1373.75,2025
120,일,14,승차,1018.7692307692307,2025
120,일,14,하차,1240.2884615384614,2025
120,일,15,승차,1212.5961538461538,2025
120,일,15,하차,1084.7884615384614,2025
120,일,16,승차,1271.5384615384614,2025
120,일,16,하차,934.4807692307693,2025
120,일,17,승차,972.0961538461538,2025
120,일,17,하차,704.5769230769231,2025
120,일,18,승차,699.2692307692307,2025
120,일,18,하차,589.6923076923077,2025
120,일,19,승차,435.75,2025
120,일,19,하차,380.71153846153845,2025
120,일,20,승차,312.7307692307692,2025
120,일,20,하차,337.1923076923077,2025
120,일,21,승차,198.75,2025
120,일,21,하차,246.59615384615384,2025
120,일,22,승차,152.90384615384616,2025
120,일,22,하차,192.1153846153846,2025
120,일,23,승차,92.61538461538461,2025
120,일,23,하차,101.23076923076923,2025
120,주중,0,승차,4.084291187739463,2025
120,주중,0,하차,17.168582375478927,2025
120,주중,1,승차,0.2720306513409962,2025
120,주중,1,하차,0.44061302681992337,2025
120,주중,2,승차,0.12260536398467432,2025
120,주중,2,하차,0.24904214559386972,2025
120,주중,3,승차,0.022988505747126436,2025
120,주중,3,하차,0.022988505747126436,2025
120,주중,4,승차,0.40229885057471265,2025
120,주중,4,하차,0.10344827586206896,2025
120,주중,5,승차,168.31800766283524,2025
120,주중,5,하차,150.01149425287358,2025
120,주중,6,승차,390.99233716475095,2025
120,주중,6,하차,284.68199233716473,2025
120,주중,7,승차,853.7777777777778,2025
120,주중,7,하차,465.46360153256705,2025
120,주중,8,승차,1407.1264367816093,2025
120,주중,8,하차,1463.3295019157088,2025
120,주중,9,승차,958.0996168582376,2025
120,주중,9,하차,1330.8505747126437,2025
120,주중,10,승차,1095.8467432950192,2025
120,주중,10,하차,1384.6704980842912,2025
120,주중,11,승차,1226.287356321839,2025
120,주중,11,하차,1479.2107279693487,2025
120,주중,12,승차,1295.2835249042146,2025
120,주중,12,하차,1734.2681992337166,2025
120,주중,13,승차,1322.176245210728,2025
120,주중,13,하차,1723.1379310344828,2025
120,주중,14,승차,1390.5019157088122,2025
120,주중,14,하차,1512.4291187739464,2025
120,주중,15,승차,1647.0459770114942,2025
120,주중,15,하차,1423.88122605364,2025
120,주중,16,승차,1723.095785440613,2025
120,주중,16,하차,1379.360153256705,2025
120,주중,17,승차,1515.2567049808429,2025
120,주중,17,하차,1260.1800766283525,2025
120,주중,18,승차,1317.9540229885058,2025
120,주중,18,하차,1390.0766283524904,2025
120,주중,19,승차,558.007662835249,2025
120,주중,19,하차,615.6206896551724,2025
120,주중,20,승차,380.7394636015326,2025
120,주중,20,하차,411.6858237547893,2025
120,주중,21,승차,276.3486590038314,2025
120,주중,21,하차,343.3984674329502,2025
120,주중,22,승차,198.60153256704982,2025
120,주중,22,하차,247.96168582375478,2025
120,주중,23,승차,101.17624521072797,2025
120,주중,23,하차,130.7624521072797,2025
120,토,0,승차,3.769230769230769,2025
120,토,0,하차,20.346153846153847,2025
120,토,1,승차,0.15384615384615385,2025
120,토,1,하차,0.038461538461538464,2025
120,토,2,승차,0.038461538461538464,2025
120,토,2,하차,0.15384615384615385,2025
120,토,3,승차,0.0,2025
120,토,3,하차,0.0,2025
120,토,4,승차,0.75,2025
120,토,4,하차,0.038461538461538464,2025
120,토,5,승차,129.3846153846154,2025
120,토,5,하차,137.98076923076923,2025
120,토,6,승차,257.09615384615387,2025
120,토,6,하차,264.38461538461536,2025
120,토,7,승차,399.0192307692308,2025
120,토,7,하차,327.11538461538464,2025
120,토,8,승차,634.8269230769231,2025
120,토,8,하차,771.4230769230769,2025
120,토,9,승차,803.3846153846154,2025
120,토,9,하차,1071.9038461538462,2025
120,토,10,승차,1116.1153846153845,2025
120,토,10,하차,1435.5,2025
120,토,11,승차,1219.673076923077,2025
120,토,11,하차,1603.1923076923076,2025
120,토,12,승차,1398.4615384615386,2025
120,토,12,하차,1917.25,2025
120,토,13,승차,1344.9038461538462,2025
120,토,13,하차,1888.9807692307693,2025
120,토,14,승차,1408.076923076923,2025
120,토,14,하차,1597.5384615384614,2025
120,토,15,승차,1640.5,2025
120,토,15,하차,1435.9423076923076,2025
120,토,16,승차,1716.0961538461538,2025
120,토,16,하차,1259.3076923076924,2025
120,토,17,승차,1352.5,2025
120,토,17,하차,1023.1346153846154,2025
120,토,18,승차,919.25,2025
120,토,18,하차,742.0192307692307,2025
120,토,19,승차,545.1153846153846,2025
120,토,19,하차,491.90384615384613,2025
120,토,20,승차,398.75,2025
120,토,20,하차,387.88461538461536,2025
120,토,21,승차,294.46153846153845,2025
120,토,21,하차,324.75,2025
120,토,22,승차,219.59615384615384,2025
120,토,22,하차,256.84615384615387,2025
120,토,23,승차,121.36538461538461,2025
120,토,23,하차,141.98076923076923,2025
121,일,0,승차,4.9423076923076925,2025
121,일,0,하차,16.73076923076923,2025
121,일,1,승차,0.15384615384615385,2025
121,일,1,하차,0.15384615384615385,2025
121,일,2,승차,0.019230769230769232,2025
121,일,2,하차,0.17307692307692307,2025
121,일,3,승차,0.0,2025
121,일,3,하차,0.0,2025
121,일,4,승차,0.6346153846153846,2025
121,일,4,하차,0.038461538461538464,2025
121,일,5,승차,106.0576923076923,2025
121,일,5,하차,68.11538461538461,2025
121,일,6,승차,168.15384615384616,2025
121,일,6,하차,111.0,2025
121,일,7,승차,239.03846153846155,2025
121,일,7,하차,114.51923076923077,2025
121,일,8,승차,345.6923076923077,2025
121,일,8,하차,223.48076923076923,2025
121,일,9,승차,484.3269230769231,2025
121,일,9,하차,356.8076923076923,2025
121,일,10,승차,497.34615384615387,2025
121,일,10,하차,399.61538461538464,2025
121,일,11,승차,503.8269230769231,2025
121,일,11,하차,374.6730769230769,2025
121,일,12,승차,618.4615384615385,2025
121,일,12,하차,379.8076923076923,2025
121,일,13,승차,562.6346153846154,2025
121,일,13,하차,434.5576923076923,2025
121,일,14,승차,500.61538461538464,2025
121,일,14,하차,465.1730769230769,2025
121,일,15,승차,470.8269230769231,2025
121,일,15,하차,525.4230769230769,2025
121,일,16,승차,453.03846153846155,2025
121,일,16,하차,598.0769230769231,2025
121,일,17,승차,429.4807692307692,2025
121,일,17,하차,603.3076923076923,2025
121,일,18,승차,350.88461538461536,2025
121,일,18,하차,492.09615384615387,2025
121,일,19,승차,276.90384615384613,2025
121,일,19,하차,442.1730769230769,2025
121,일,20,승차,217.17307692307693,2025
121,일,20,하차,398.28846153846155,2025
121,일,21,승차,177.32692307692307,2025
121,일,21,하차,292.2307692307692,2025
121,일,22,승차,122.1923076923077,2025
121,일,22,하차,242.90384615384616,2025
121,일,23,승차,76.6923076923077,2025
121,일,23,하차,161.23076923076923,2025
121,주중,0,승차,6.195402298850575,2025
121,주중,0,하차,22.440613026819925,2025
121,주중,1,승차,0.210727969348659,2025
121,주중,1,하차,0.524904214559387,2025
121,주중,2,승차,0.1532567049808429,2025
121,주중,2,하차,0.367816091954023,2025
121,주중,3,승차,0.019157088122605363,2025
121,주중,3,하차,0.06896551724137931,2025
121,주중,4,승차,0.6168582375478927,2025
121,주중,4,하차,0.1417624521072797,2025
121,주중,5,승차,209.02681992337165,2025
121,주중,5,하차,140.16091954022988,2025
121,주중,6,승차,413.1226053639847,2025
121,주중,6,하차,245.78544061302682,2025
121,주중,7,승차,990.7739463601532,2025
121,주중,7,하차,649.4865900383141,2025
121,주중,8,승차,1687.0536398467434,2025
121,주중,8,하차,1486.2413793103449,2025
121,주중,9,승차,922.471264367816,2025
121,주중,9,하차,1034.0344827586207,2025
121,주중,10,승차,748.3295019157088,2025
121,주중,10,하차,705.5095785440614,2025
121,주중,11,승차,789.8352490421456,2025
121,주중,11,하차,691.7509578544061,2025
121,주중,12,승차,850.7088122605364,2025
121,주중,12,하차,728.7471264367816,2025
121,주중,13,승차,867.7164750957854,2025
121,주중,13,하차,791.9386973180077,2025
121,주중,14,승차,793.9578544061303,2025
121,주중,14,하차,739.44061302682,2025
121,주중,15,승차,962.0651340996169,2025
121,주중,15,하차,858.3218390804598,2025
121,주중,16,승차,1093.808429118774,2025
121,주중,16,하차,933.1992337164751,2025
121,주중,17,승차,1242.27969348659,2025
121,주중,17,하차,1326.7509578544061,2025
121,주중,18,승차,1029.16091954023,2025
121,주중,18,하차,1785.5134099616857,2025
121,주중,19,승차,514.3678160919541,2025
121,주중,19,하차,755.4597701149426,2025
121,주중,20,승차,416.27203065134097,2025
121,주중,20,하차,550.7203065134099,2025
121,주중,21,승차,352.67432950191574,2025
121,주중,21,하차,429.52107279693485,2025
121,주중,22,승차,246.10344827586206,2025
121,주중,22,하차,319.191570881226,2025
121,주중,23,승차,126.74329501915709,2025
121,주중,23,하차,216.83141762452107,2025
121,토,0,승차,6.423076923076923,2025
121,토,0,하차,26.384615384615383,2025
121,토,1,승차,0.21153846153846154,2025
121,토,1,하차,0.1346153846153846,2025
121,토,2,승차,0.019230769230769232,2025
121,토,2,하차,0.057692307692307696,2025
121,토,3,승차,0.0,2025
121,토,3,하차,0.038461538461538464,2025
121,토,4,승차,0.7307692307692307,2025
121,토,4,하차,0.0,2025
121,토,5,승차,168.0,2025
121,토,5,하차,115.67307692307692,2025
121,토,6,승차,242.21153846153845,2025
121,토,6,하차,174.53846153846155,2025
121,토,7,승차,355.0,2025
121,토,7,하차,218.17307692307693,2025
121,토,8,승차,620.2884615384615,2025
121,토,8,하차,520.9615384615385,2025
121,토,9,승차,664.7115384615385,2025
121,토,9,하차,579.2115384615385,2025
121,토,10,승차,674.3461538461538,2025
121,토,10,하차,540.0192307692307,2025
121,토,11,승차,750.4807692307693,2025
121,토,11,하차,618.25,2025
121,토,12,승차,876.4038461538462,2025
121,토,12,하차,648.8653846153846,2025
121,토,13,승차,810.1730769230769,2025
121,토,13,하차,689.1923076923077,2025
121,토,14,승차,723.5384615384615,2025
121,토,14,하차,634.0192307692307,2025
121,토,15,승차,668.0961538461538,2025
121,토,15,하차,671.1923076923077,2025
121,토,16,승차,738.6538461538462,2025
121,토,16,하차,802.9423076923077,2025
121,토,17,승차,703.7115384615385,2025
121,토,17,하차,819.4807692307693,2025
121,토,18,승차,535.5961538461538,2025
121,토,18,하차,690.0769230769231,2025
121,토,19,승차,385.5192307692308,2025
121,토,19,하차,466.28846153846155,2025
121,토,20,승차,326.0576923076923,2025
121,토,20,하차,453.78846153846155,2025
121,토,21,승차,260.38461538461536,2025
121,토,21,하차,361.15384615384613,2025
121,토,22,승차,194.15384615384616,2025
121,토,22,하차,318.88461538461536,2025
121,토,23,승차,121.73076923076923,2025
121,토,23,하차,242.78846153846155,2025
122,일,0,승차,3.6923076923076925,2025
122,일,0,하차,18.653846153846153,2025
122,일,1,승차,0.057692307692307696,2025
122,일,1,하차,0.0,2025
122,일,2,승차,0.0,2025
122,일,2,하차,0.057692307692307696,2025
122,일,3,승차,0.0,2025
122,일,3,하차,0.0,2025
122,일,4,승차,0.4423076923076923,2025
122,일,4,하차,0.0,2025
122,일,5,승차,96.0576923076923,2025
122,일,5,하차,47.26923076923077,2025
122,일,6,승차,180.26923076923077,2025
122,일,6,하차,130.98076923076923,2025
122,일,7,승차,266.84615384615387,2025
122,일,7,하차,208.75,2025
122,일,8,승차,421.36538461538464,2025
122,일,8,하차,255.90384615384616,2025
122,일,9,승차,673.4423076923077,2025
122,일,9,하차,344.6923076923077,2025
122,일,10,승차,605.9038461538462,2025
122,일,10,하차,420.40384615384613,2025
122,일,11,승차,650.9038461538462,2025
122,일,11,하차,547.2692307692307,2025
122,일,12,승차,667.8653846153846,2025
122,일,12,하차,566.6923076923077,2025
122,일,13,승차,736.7692307692307,2025
122,일,13,하차,607.5576923076923,2025
122,일,14,승차,683.0384615384615,2025
122,일,14,하차,609.9807692307693,2025
122,일,15,승차,637.5192307692307,2025
122,일,15,하차,638.3461538461538,2025
122,일,16,승차,621.0576923076923,2025
122,일,16,하차,656.8846153846154,2025
122,일,17,승차,549.75,2025
122,일,17,하차,686.1538461538462,2025
122,일,18,승차,412.03846153846155,2025
122,일,18,하차,590.8846153846154,2025
122,일,19,승차,323.4230769230769,2025
122,일,19,하차,507.53846153846155,2025
122,일,20,승차,261.1730769230769,2025
122,일,20,하차,405.11538461538464,2025
122,일,21,승차,200.67307692307693,2025
122,일,21,하차,389.88461538461536,2025
122,일,22,승차,130.23076923076923,2025
122,일,22,하차,291.15384615384613,2025
122,일,23,승차,77.15384615384616,2025
122,일,23,하차,180.28846153846155,2025
122,주중,0,승차,5.1226053639846745,2025
122,주중,0,하차,24.35632183908046,2025
122,주중,1,승차,0.32950191570881227,2025
122,주중,1,하차,0.6666666666666666,2025
122,주중,2,승차,0.23371647509578544,2025
122,주중,2,하차,0.31417624521072796,2025
122,주중,3,승차,0.15708812260536398,2025
122,주중,3,하차,0.12643678160919541,2025
122,주중,4,승차,0.8237547892720306,2025
122,주중,4,하차,0.07279693486590039,2025
122,주중,5,승차,193.11877394636016,2025
122,주중,5,하차,93.01532567049809,2025
122,주중,6,승차,444.4712643678161,2025
122,주중,6,하차,236.1494252873563,2025
122,주중,7,승차,1265.1149425287356,2025
122,주중,7,하차,629.5785440613026,2025
122,주중,8,승차,2173.2988505747126,2025
122,주중,8,하차,2319.130268199234,2025
122,주중,9,승차,1139.8275862068965,2025
122,주중,9,하차,894.919540229885,2025
122,주중,10,승차,891.2068965517242,2025
122,주중,10,하차,695.7547892720306,2025
122,주중,11,승차,921.088122605364,2025
122,주중,11,하차,738.1455938697318,2025
122,주중,12,승차,814.9693486590038,2025
122,주중,12,하차,804.1609195402299,2025
122,주중,13,승차,930.7662835249042,2025
122,주중,13,하차,925.2183908045977,2025
122,주중,14,승차,905.7662835249042,2025
122,주중,14,하차,880.0651340996169,2025
122,주중,15,승차,955.4137931034483,2025
122,주중,15,하차,946.8045977011494,2025
122,주중,16,승차,1022.1072796934866,2025
122,주중,16,하차,1098.8773946360154,2025
122,주중,17,승차,1147.6360153256705,2025
122,주중,17,하차,1392.295019157088,2025
122,주중,18,승차,1855.367816091954,2025
122,주중,18,하차,1968.3141762452108,2025
122,주중,19,승차,580.2605363984675,2025
122,주중,19,하차,832.5747126436781,2025
122,주중,20,승차,559.1954022988506,2025
122,주중,20,하차,600.8275862068965,2025
122,주중,21,승차,484.43295019157085,2025
122,주중,21,하차,511.62452107279694,2025
122,주중,22,승차,286.264367816092,2025
122,주중,22,하차,403.09578544061304,2025
122,주중,23,승차,134.19157088122606,2025
122,주중,23,하차,240.367816091954,2025
122,토,0,승차,5.423076923076923,2025
122,토,0,하차,29.115384615384617,2025
122,토,1,승차,0.038461538461538464,2025
122,토,1,하차,0.057692307692307696,2025
122,토,2,승차,0.057692307692307696,2025
122,토,2,하차,0.07692307692307693,2025
122,토,3,승차,0.038461538461538464,2025
122,토,3,하차,0.09615384615384616,2025
122,토,4,승차,0.6923076923076923,2025
122,토,4,하차,0.09615384615384616,2025
122,토,5,승차,154.32692307692307,2025
122,토,5,하차,70.9423076923077,2025
122,토,6,승차,262.3076923076923,2025
122,토,6,하차,151.40384615384616,2025
122,토,7,승차,423.61538461538464,2025
122,토,7,하차,204.76923076923077,2025
122,토,8,승차,739.6346153846154,2025
122,토,8,하차,444.34615384615387,2025
122,토,9,승차,817.1923076923077,2025
122,토,9,하차,530.0384615384615,2025
122,토,10,승차,792.3076923076923,2025
122,토,10,하차,696.2307692307693,2025
122,토,11,승차,916.8461538461538,2025
122,토,11,하차,851.8461538461538,2025
122,토,12,승차,1011.5576923076923,2025
122,토,12,하차,862.9615384615385,2025
122,토,13,승차,987.5576923076923,2025
122,토,13,하차,882.2115384615385,2025
122,토,14,승차,898.9615384615385,2025
122,토,14,하차,850.6923076923077,2025
122,토,15,승차,885.6346153846154,2025
122,토,15,하차,861.9615384615385,2025
122,토,16,승차,874.3461538461538,2025
122,토,16,하차,951.7884615384615,2025
122,토,17,승차,871.4807692307693,2025
122,토,17,하차,974.5,2025
122,토,18,승차,669.4615384615385,2025
122,토,18,하차,826.5,2025
122,토,19,승차,461.61538461538464,2025
122,토,19,하차,593.7884615384615,2025
122,토,20,승차,390.0769230769231,2025
122,토,20,하차,527.8846153846154,2025
122,토,21,승차,308.6730769230769,2025
122,토,21,하차,444.15384615384613,2025
122,토,22,승차,225.44230769230768,2025
122,토,22,하차,388.59615384615387,2025
122,토,23,승차,136.59615384615384,2025
122,토,23,하차,258.6923076923077,2025
123,일,0,승차,5.519230769230769,2025
123,일,0,하차,26.28846153846154,2025
123,일,1,승차,0.038461538461538464,2025
123,일,1,하차,0.038461538461538464,2025
123,일,2,승차,0.0,2025
123,일,2,하차,0.1346153846153846,2025
123,일,3,승차,0.0,2025
123,일,3,하차,0.0,2025
123,일,4,승차,1.9230769230769231,2025
123,일,4,하차,0.4423076923076923,2025
123,일,5,승차,149.28846153846155,2025
123,일,5,하차,51.17307692307692,2025
123,일,6,승차,219.6346153846154,2025
123,일,6,하차,133.03846153846155,2025
123,일,7,승차,300.1923076923077,2025
123,일,7,하차,149.76923076923077,2025
123,일,8,승차,466.71153846153845,2025
123,일,8,하차,287.84615384615387,2025
123,일,9,승차,667.6923076923077,2025
123,일,9,하차,400.0769230769231,2025
123,일,10,승차,706.9038461538462,2025
123,일,10,하차,497.53846153846155,2025
123,일,11,승차,739.5192307692307,2025
123,일,11,하차,641.7115384615385,2025
123,일,12,승차,752.6346153846154,2025
123,일,12,하차,650.9423076923077,2025
123,일,13,승차,792.3076923076923,2025
123,일,13,하차,673.7115384615385,2025
123,일,14,승차,761.3653846153846,2025
123,일,14,하차,703.25,2025
123,일,15,승차,716.2692307692307,2025
123,일,15,하차,797.8461538461538,2025
123,일,16,승차,672.4038461538462,2025
123,일,16,하차,910.2692307692307,2025
123,일,17,승차,615.4423076923077,2025
123,일,17,하차,883.2307692307693,2025
123,일,18,승차,509.9230769230769,2025
123,일,18,하차,764.4615384615385,2025
123,일,19,승차,413.86538461538464,2025
123,일,19,하차,656.0384615384615,2025
123,일,20,승차,344.8269230769231,2025
123,일,20,하차,516.75,2025
123,일,21,승차,293.61538461538464,2025
123,일,21,하차,477.7307692307692,2025
123,일,22,승차,193.78846153846155,2025
123,일,22,하차,338.46153846153845,2025
123,일,23,승차,113.11538461538461,2025
123,일,23,하차,207.07692307692307,2025
123,주중,0,승차,8.996168582375478,2025
123,주중,0,하차,36.758620689655174,2025
123,주중,1,승차,0.3218390804597701,2025
123,주중,1,하차,0.6015325670498084,2025
123,주중,2,승차,0.14942528735632185,2025
123,주중,2,하차,0.31417624521072796,2025
123,주중,3,승차,0.05363984674329502,2025
123,주중,3,하차,0.08812260536398467,2025
123,주중,4,승차,2.417624521072797,2025
123,주중,4,하차,0.8659003831417624,2025
123,주중,5,승차,294.62835249042143,2025
123,주중,5,하차,99.42145593869732,2025
123,주중,6,승차,477.911877394636,2025
123,주중,6,하차,230.95402298850576,2025
123,주중,7,승차,1301.2452107279694,2025
123,주중,7,하차,526.823754789272,2025
123,주중,8,승차,2090.8735632183907,2025
123,주중,8,하차,1938.3563218390805,2025
123,주중,9,승차,1206.0,2025
123,주중,9,하차,1356.4904214559388,2025
123,주중,10,승차,1033.704980842912,2025
123,주중,10,하차,1042.1532567049808,2025
123,주중,11,승차,1151.8544061302682,2025
123,주중,11,하차,1070.9885057471265,2025
123,주중,12,승차,1177.888888888889,2025
123,주중,12,하차,1102.1494252873563,2025
123,주중,13,승차,1143.5134099616857,2025
123,주중,13,하차,1265.6781609195402,2025
123,주중,14,승차,1121.0344827586207,2025
123,주중,14,하차,1177.8505747126437,2025
123,주중,15,승차,1205.4176245210729,2025
123,주중,15,하차,1267.9233716475096,2025
123,주중,16,승차,1245.5134099616857,2025
123,주중,16,하차,1547.7547892720306,2025
123,주중,17,승차,1518.8007662835248,2025
123,주중,17,하차,1807.4367816091954,2025
123,주중,18,승차,1758.727969348659,2025
123,주중,18,하차,2343.6590038314175,2025
123,주중,19,승차,752.7241379310345,2025
123,주중,19,하차,1081.0229885057472,2025
123,주중,20,승차,608.5172413793103,2025
123,주중,20,하차,699.5708812260536,2025
123,주중,21,승차,520.3371647509579,2025
123,주중,21,하차,609.0,2025
123,주중,22,승차,357.2337164750958,2025
123,주중,22,하차,463.1609195402299,2025
123,주중,23,승차,193.98467432950193,2025
123,주중,23,하차,278.7892720306513,2025
123,토,0,승차,9.346153846153847,2025
123,토,0,하차,47.32692307692308,2025
123,토,1,승차,0.3076923076923077,2025
123,토,1,하차,0.09615384615384616,2025
123,토,2,승차,0.19230769230769232,2025
123,토,2,하차,0.34615384615384615,2025
123,토,3,승차,0.057692307692307696,2025
123,토,3,하차,0.07692307692307693,2025
123,토,4,승차,1.7884615384615385,2025
123,토,4,하차,0.6346153846153846,2025
123,토,5,승차,237.44230769230768,2025
123,토,5,하차,83.42307692307692,2025
123,토,6,승차,305.96153846153845,2025
123,토,6,하차,191.6153846153846,2025
123,토,7,승차,471.88461538461536,2025
123,토,7,하차,243.32692307692307,2025
123,토,8,승차,777.8076923076923,2025
123,토,8,하차,705.9230769230769,2025
123,토,9,승차,930.5576923076923,2025
123,토,9,하차,831.0384615384615,2025
123,토,10,승차,988.4230769230769,2025
123,토,10,하차,890.5576923076923,2025
123,토,11,승차,1149.7884615384614,2025
123,토,11,하차,1057.4615384615386,2025
123,토,12,승차,1273.75,2025
123,토,12,하차,1120.0576923076924,2025
123,토,13,승차,1257.9423076923076,2025
123,토,13,하차,1118.2692307692307,2025
123,토,14,승차,1085.5192307692307,2025
123,토,14,하차,962.6538461538462,2025
123,토,15,승차,1043.7307692307693,2025
123,토,15,하차,1056.4038461538462,2025
123,토,16,승차,1006.7692307692307,2025
123,토,16,하차,1314.9038461538462,2025
123,토,17,승차,983.1346153846154,2025
123,토,17,하차,1485.923076923077,2025
123,토,18,승차,782.9615384615385,2025
123,토,18,하차,1179.0,2025
123,토,19,승차,625.9423076923077,2025
123,토,19,하차,848.5576923076923,2025
123,토,20,승차,571.6346153846154,2025
123,토,20,하차,675.6538461538462,2025
123,토,21,승차,487.75,2025
123,토,21,하차,639.6730769230769,2025
123,토,22,승차,380.5192307692308,2025
123,토,22,하차,470.21153846153845,2025
123,토,23,승차,246.84615384615384,2025
123,토,23,하차,334.38461538461536,2025
124,일,0,승차,5.076923076923077,2025
124,일,0,하차,19.03846153846154,2025
124,일,1,승차,0.057692307692307696,2025
124,일,1,하차,0.0,2025
124,일,2,승차,0.0,2025
124,일,2,하차,0.0,2025
124,일,3,승차,0.0,2025
124,일,3,하차,0.0,2025
124,일,4,승차,3.480769230769231,2025
124,일,4,하차,1.0,2025
124,일,5,승차,73.11538461538461,2025
124,일,5,하차,55.40384615384615,2025
124,일,6,승차,181.94230769230768,2025
124,일,6,하차,146.65384615384616,2025
124,일,7,승차,253.28846153846155,2025
124,일,7,하차,185.3653846153846,2025
124,일,8,승차,442.5576923076923,2025
124,일,8,하차,292.0769230769231,2025
124,일,9,승차,611.1538461538462,2025
124,일,9,하차,464.90384615384613,2025
124,일,10,승차,702.4423076923077,2025
124,일,10,하차,561.5384615384615,2025
124,일,11,승차,763.6346153846154,2025
124,일,11,하차,592.9807692307693,2025
124,일,12,승차,685.0961538461538,2025
124,일,12,하차,600.8269230769231,2025
124,일,13,승차,859.3846153846154,2025
124,일,13,하차,616.75,2025
124,일,14,승차,673.8076923076923,2025
124,일,14,하차,654.25,2025
124,일,15,승차,621.3076923076923,2025
124,일,15,하차,691.2307692307693,2025
124,일,16,승차,755.0384615384615,2025
124,일,16,하차,707.9038461538462,2025
124,일,17,승차,618.5,2025
124,일,17,하차,681.1346153846154,2025
124,일,18,승차,577.4423076923077,2025
124,일,18,하차,660.75,2025
124,일,19,승차,395.13461538461536,2025
124,일,19,하차,511.6730769230769,2025
124,일,20,승차,289.86538461538464,2025
124,일,20,하차,467.61538461538464,2025
124,일,21,승차,288.09615384615387,2025
124,일,21,하차,375.3076923076923,2025
124,일,22,승차,130.90384615384616,2025
124,일,22,하차,282.0576923076923,2025
124,일,23,승차,61.13461538461539,2025
124,일,23,하차,153.3846153846154,2025
124,주중,0,승차,7.973180076628353,2025
124,주중,0,하차,24.544061302681992,2025
124,주중,1,승차,0.41379310344827586,2025
124,주중,1,하차,0.5440613026819924,2025
124,주중,2,승차,0.17624521072796934,2025
124,주중,2,하차,0.3563218390804598,2025
124,주중,3,승차,0.07662835249042145,2025
124,주중,3,하차,0.1111111111111111,2025
124,주중,4,승차,3.3295019157088124,2025
124,주중,4,하차,1.1302681992337165,2025
124,주중,5,승차,140.00766283524905,2025
124,주중,5,하차,118.35632183908046,2025
124,주중,6,승차,427.5632183908046,2025
124,주중,6,하차,214.05747126436782,2025
124,주중,7,승차,1234.4022988505747,2025
124,주중,7,하차,572.352490421456,2025
124,주중,8,승차,2067.8505747126437,2025
124,주중,8,하차,1774.4022988505747,2025
124,주중,9,승차,1113.7586206896551,2025
124,주중,9,하차,770.007662835249,2025
124,주중,10,승차,809.5977011494252,2025
124,주중,10,하차,640.7088122605364,2025
124,주중,11,승차,834.4789272030652,2025
124,주중,11,하차,645.8084291187739,2025
124,주중,12,승차,803.3793103448276,2025
124,주중,12,하차,706.1532567049809,2025
124,주중,13,승차,855.2298850574713,2025
124,주중,13,하차,759.8544061302682,2025
124,주중,14,승차,773.3678160919541,2025
124,주중,14,하차,780.2605363984675,2025
124,주중,15,승차,791.536398467433,2025
124,주중,15,하차,914.6321839080459,2025
124,주중,16,승차,1012.0919540229885,2025
124,주중,16,하차,1075.632183908046,2025
124,주중,17,승차,1189.6704980842912,2025
124,주중,17,하차,1368.8122605363985,2025
124,주중,18,승차,1553.984674329502,2025
124,주중,18,하차,1750.5134099616857,2025
124,주중,19,승차,550.1647509578544,2025
124,주중,19,하차,789.6781609195402,2025
124,주중,20,승차,369.4597701149425,2025
124,주중,20,하차,634.0421455938697,2025
124,주중,21,승차,284.8007662835249,2025
124,주중,21,하차,554.9233716475096,2025
124,주중,22,승차,198.911877394636,2025
124,주중,22,하차,393.9616858237548,2025
124,주중,23,승차,83.02298850574712,2025
124,주중,23,하차,209.54789272030652,2025
124,토,0,승차,5.961538461538462,2025
124,토,0,하차,27.403846153846153,2025
124,토,1,승차,0.19230769230769232,2025
124,토,1,하차,0.17307692307692307,2025
124,토,2,승차,0.0,2025
124,토,2,하차,0.057692307692307696,2025
124,토,3,승차,0.038461538461538464,2025
124,토,3,하차,0.038461538461538464,2025
124,토,4,승차,3.6346153846153846,2025
124,토,4,하차,0.9615384615384616,2025
124,토,5,승차,107.21153846153847,2025
124,토,5,하차,87.5576923076923,2025
124,토,6,승차,261.9423076923077,2025
124,토,6,하차,167.1346153846154,2025
124,토,7,승차,402.75,2025
124,토,7,하차,236.76923076923077,2025
124,토,8,승차,722.0,2025
124,토,8,하차,440.90384615384613,2025
124,토,9,승차,807.9423076923077,2025
124,토,9,하차,517.5192307692307,2025
124,토,10,승차,866.4423076923077,2025
124,토,10,하차,651.0,2025
124,토,11,승차,962.8076923076923,2025
124,토,11,하차,741.6923076923077,2025
124,토,12,승차,900.0576923076923,2025
124,토,12,하차,836.7307692307693,2025
124,토,13,승차,1018.9423076923077,2025
124,토,13,하차,880.6346153846154,2025
124,토,14,승차,804.0576923076923,2025
124,토,14,하차,893.3653846153846,2025
124,토,15,승차,774.8653846153846,2025
124,토,15,하차,866.0,2025
124,토,16,승차,1055.3653846153845,2025
124,토,16,하차,915.8461538461538,2025
124,토,17,승차,843.3076923076923,2025
124,토,17,하차,860.8269230769231,2025
124,토,18,승차,715.3846153846154,2025
124,토,18,하차,718.5384615384615,2025
124,토,19,승차,426.11538461538464,2025
124,토,19,하차,556.6923076923077,2025
124,토,20,승차,310.38461538461536,2025
124,토,20,하차,555.6923076923077,2025
124,토,21,승차,314.6730769230769,2025
124,토,21,하차,506.28846153846155,2025
124,토,22,승차,194.78846153846155,2025
124,토,22,하차,377.0192307692308,2025
124,토,23,승차,92.8076923076923,2025
124,토,23,하차,216.3846153846154,2025
125,일,0,승차,22.384615384615383,2025
125,일,0,하차,27.134615384615383,2025
125,일,1,승차,0.8076923076923077,2025
125,일,1,하차,0.34615384615384615,2025
125,일,2,승차,0.23076923076923078,2025
125,일,2,하차,0.8076923076923077,2025
125,일,3,승차,0.019230769230769232,2025
125,일,3,하차,0.19230769230769232,2025
125,일,4,승차,4.519230769230769,2025
125,일,4,하차,0.9423076923076923,2025
125,일,5,승차,139.76923076923077,2025
125,일,5,하차,127.1923076923077,2025
125,일,6,승차,196.8653846153846,2025
125,일,6,하차,479.0192307692308,2025
125,일,7,승차,272.5576923076923,2025
125,일,7,하차,440.9807692307692,2025
125,일,8,승차,429.21153846153845,2025
125,일,8,하차,477.3076923076923,2025
125,일,9,승차,654.7884615384615,2025
125,일,9,하차,527.1153846153846,2025
125,일,10,승차,670.8269230769231,2025
125,일,10,하차,562.1346153846154,2025
125,일,11,승차,741.6923076923077,2025
125,일,11,하차,725.9423076923077,2025
125,일,12,승차,728.0192307692307,2025
125,일,12,하차,719.6538461538462,2025
125,일,13,승차,833.8461538461538,2025
125,일,13,하차,795.2692307692307,2025
125,일,14,승차,836.2115384615385,2025
125,일,14,하차,850.0,2025
125,일,15,승차,841.4230769230769,2025
125,일,15,하차,969.6730769230769,2025
125,일,16,승차,830.6538461538462,2025
125,일,16,하차,1129.3076923076924,2025
125,일,17,승차,818.8461538461538,2025
125,일,17,하차,1148.076923076923,2025
125,일,18,승차,788.9423076923077,2025
125,일,18,하차,964.1923076923077,2025
125,일,19,승차,765.6923076923077,2025
125,일,19,하차,763.0961538461538,2025
125,일,20,승차,733.0961538461538,2025
125,일,20,하차,665.0769230769231,2025
125,일,21,승차,595.5384615384615,2025
125,일,21,하차,490.15384615384613,2025
125,일,22,승차,420.63461538461536,2025
125,일,22,하차,337.0576923076923,2025
125,일,23,승차,232.19230769230768,2025
125,일,23,하차,227.19230769230768,2025
125,주중,0,승차,26.877394636015325,2025
125,주중,0,하차,37.18007662835249,2025
125,주중,1,승차,1.4137931034482758,2025
125,주중,1,하차,1.2452107279693487,2025
125,주중,2,승차,0.34099616858237547,2025
125,주중,2,하차,1.1264367816091954,2025
125,주중,3,승차,0.2567049808429119,2025
125,주중,3,하차,0.4674329501915709,2025
125,주중,4,승차,6.605363984674329,2025
125,주중,4,하차,1.1417624521072798,2025
125,주중,5,승차,270.7164750957854,2025
125,주중,5,하차,163.904214559387,2025
125,주중,6,승차,426.1264367816092,2025
125,주중,6,하차,434.2758620689655,2025
125,주중,7,승차,1101.007662835249,2025
125,주중,7,하차,606.7854406130268,2025
125,주중,8,승차,1676.1417624521073,2025
125,주중,8,하차,1448.4099616858236,2025
125,주중,9,승차,1112.7586206896551,2025
125,주중,9,하차,898.0651340996169,2025
125,주중,10,승차,969.0268199233717,2025
125,주중,10,하차,837.8122605363984,2025
125,주중,11,승차,1034.6704980842912,2025
125,주중,11,하차,960.4904214559386,2025
125,주중,12,승차,1030.7586206896551,2025
125,주중,12,하차,976.9348659003831,2025
125,주중,13,승차,1010.6360153256705,2025
125,주중,13,하차,1058.816091954023,2025
125,주중,14,승차,981.9272030651341,2025
125,주중,14,하차,1093.2681992337166,2025
125,주중,15,승차,1032.83908045977,2025
125,주중,15,하차,1261.4137931034484,2025
125,주중,16,승차,1087.2988505747126,2025
125,주중,16,하차,1515.27969348659,2025
125,주중,17,승차,1251.1877394636015,2025
125,주중,17,하차,1945.2222222222222,2025
125,주중,18,승차,1179.7471264367816,2025
125,주중,18,하차,2520.7241379310344,2025
125,주중,19,승차,704.5785440613026,2025
125,주중,19,하차,1198.984674329502,2025
125,주중,20,승차,626.1954022988506,2025
125,주중,20,하차,819.0191570881226,2025
125,주중,21,승차,643.360153256705,2025
125,주중,21,하차,683.2222222222222,2025
125,주중,22,승차,556.4137931034483,2025
125,주중,22,하차,458.7586206896552,2025
125,주중,23,승차,325.8390804597701,2025
125,주중,23,하차,309.0153256704981,2025
125,토,0,승차,39.63461538461539,2025
125,토,0,하차,44.92307692307692,2025
125,토,1,승차,1.1538461538461537,2025
125,토,1,하차,0.6538461538461539,2025
125,토,2,승차,0.07692307692307693,2025
125,토,2,하차,0.9038461538461539,2025
125,토,3,승차,0.11538461538461539,2025
125,토,3,하차,0.07692307692307693,2025
125,토,4,승차,6.826923076923077,2025
125,토,4,하차,1.0576923076923077,2025
125,토,5,승차,212.0,2025
125,토,5,하차,211.8846153846154,2025
125,토,6,승차,275.75,2025
125,토,6,하차,582.1153846153846,2025
125,토,7,승차,432.90384615384613,2025
125,토,7,하차,562.8076923076923,2025
125,토,8,승차,684.7884615384615,2025
125,토,8,하차,838.0384615384615,2025
125,토,9,승차,872.5,2025
125,토,9,하차,854.9807692307693,2025
125,토,10,승차,976.7692307692307,2025
125,토,10,하차,866.4807692307693,2025
125,토,11,승차,1123.0,2025
125,토,11,하차,1080.7307692307693,2025
125,토,12,승차,1219.2115384615386,2025
125,토,12,하차,1057.75,2025
125,토,13,승차,1210.7115384615386,2025
125,토,13,하차,1130.9423076923076,2025
125,토,14,승차,1052.826923076923,2025
125,토,14,하차,1075.9038461538462,2025
125,토,15,승차,1008.8461538461538,2025
125,토,15,하차,1197.25,2025
125,토,16,승차,1025.3076923076924,2025
125,토,16,하차,1524.5,2025
125,토,17,승차,1035.0576923076924,2025
125,토,17,하차,1903.8461538461538,2025
125,토,18,승차,868.1346153846154,2025
125,토,18,하차,1706.2115384615386,2025
125,토,19,승차,786.4230769230769,2025
125,토,19,하차,1113.673076923077,2025
125,토,20,승차,815.1346153846154,2025
125,토,20,하차,902.5961538461538,2025
125,토,21,승차,809.7692307692307,2025
125,토,21,하차,705.6346153846154,2025
125,토,22,승차,734.9807692307693,2025
125,토,22,하차,530.4038461538462,2025
125,토,23,승차,466.59615384615387,2025
125,토,23,하차,367.75,2025
126,일,0,승차,3.8846153846153846,2025
126,일,0,하차,25.692307692307693,2025
126,일,1,승차,0.2692307692307692,2025
126,일,1,하차,0.3076923076923077,2025
126,일,2,승차,0.0,2025
126,일,2,하차,0.038461538461538464,2025
126,일,3,승차,0.0,2025
126,일,3,하차,0.0,2025
126,일,4,승차,1.6923076923076923,2025
126,일,4,하차,0.6923076923076923,2025
126,일,5,승차,85.03846153846153,2025
126,일,5,하차,34.36538461538461,2025
126,일,6,승차,118.0576923076923,2025
126,일,6,하차,92.5,2025
126,일,7,승차,167.78846153846155,2025
126,일,7,하차,99.25,2025
126,일,8,승차,297.6923076923077,2025
126,일,8,하차,230.09615384615384,2025
126,일,9,승차,402.59615384615387,2025
126,일,9,하차,436.28846153846155,2025
126,일,10,승차,441.0192307692308,2025
126,일,10,하차,400.9230769230769,2025
126,일,11,승차,491.4423076923077,2025
126,일,11,하차,429.13461538461536,2025
126,일,12,승차,571.9807692307693,2025
126,일,12,하차,445.4423076923077,2025
126,일,13,승차,554.5384615384615,2025
126,일,13,하차,504.0576923076923,2025
126,일,14,승차,541.5769230769231,2025
126,일,14,하차,557.0192307692307,2025
126,일,15,승차,541.2115384615385,2025
126,일,15,하차,599.5769230769231,2025
126,일,16,승차,566.6923076923077,2025
126,일,16,하차,658.3076923076923,2025
126,일,17,승차,526.2692307692307,2025
126,일,17,하차,603.8076923076923,2025
126,일,18,승차,483.65384615384613,2025
126,일,18,하차,491.5769230769231,2025
126,일,19,승차,309.13461538461536,2025
126,일,19,하차,414.53846153846155,2025
126,일,20,승차,350.38461538461536,2025
126,일,20,하차,337.2307692307692,2025
126,일,21,승차,161.75,2025
126,일,21,하차,306.5192307692308,2025
126,일,22,승차,102.61538461538461,2025
126,일,22,하차,214.98076923076923,2025
126,일,23,승차,46.69230769230769,2025
126,일,23,하차,141.65384615384616,2025
126,주중,0,승차,4.704980842911877,2025
126,주중,0,하차,33.81609195402299,2025
126,주중,1,승차,0.2260536398467433,2025
126,주중,1,하차,0.5593869731800766,2025
126,주중,2,승차,0.1111111111111111,2025
126,주중,2,하차,0.2835249042145594,2025
126,주중,3,승차,0.02681992337164751,2025
126,주중,3,하차,0.05363984674329502,2025
126,주중,4,승차,2.950191570881226,2025
126,주중,4,하차,0.8812260536398467,2025
126,주중,5,승차,175.04980842911877,2025
126,주중,5,하차,62.735632183908045,2025
126,주중,6,승차,322.37931034482756,2025
126,주중,6,하차,154.05747126436782,2025
126,주중,7,승차,1024.7318007662834,2025
126,주중,7,하차,262.2452107279693,2025
126,주중,8,승차,1596.5593869731802,2025
126,주중,8,하차,708.183908045977,2025
126,주중,9,승차,757.5134099616859,2025
126,주중,9,하차,559.0,2025
126,주중,10,승차,575.8007662835249,2025
126,주중,10,하차,557.1724137931035,2025
126,주중,11,승차,607.3793103448276,2025
126,주중,11,하차,567.8850574712644,2025
126,주중,12,승차,641.4061302681993,2025
126,주중,12,하차,632.2337164750958,2025
126,주중,13,승차,635.9808429118774,2025
126,주중,13,하차,658.463601532567,2025
126,주중,14,승차,602.1072796934866,2025
126,주중,14,하차,659.9272030651341,2025
126,주중,15,승차,670.1685823754789,2025
126,주중,15,하차,757.7816091954023,2025
126,주중,16,승차,718.823754789272,2025
126,주중,16,하차,969.4521072796935,2025
126,주중,17,승차,735.7739463601532,2025
126,주중,17,하차,1158.9463601532566,2025
126,주중,18,승차,707.2375478927203,2025
126,주중,18,하차,1513.639846743295,2025
126,주중,19,승차,406.6130268199234,2025
126,주중,19,하차,667.735632183908,2025
126,주중,20,승차,393.13793103448273,2025
126,주중,20,하차,487.0919540229885,2025
126,주중,21,승차,238.2911877394636,2025
126,주중,21,하차,460.16858237547893,2025
126,주중,22,승차,161.3793103448276,2025
126,주중,22,하차,346.1455938697318,2025
126,주중,23,승차,67.48275862068965,2025
126,주중,23,하차,209.9463601532567,2025
126,토,0,승차,6.423076923076923,2025
126,토,0,하차,48.88461538461539,2025
126,토,1,승차,0.23076923076923078,2025
126,토,1,하차,0.1346153846153846,2025
126,토,2,승차,0.11538461538461539,2025
126,토,2,하차,0.21153846153846154,2025
126,토,3,승차,0.0,2025
126,토,3,하차,0.0,2025
126,토,4,승차,2.6923076923076925,2025
126,토,4,하차,0.7307692307692307,2025
126,토,5,승차,124.71153846153847,2025
126,토,5,하차,49.90384615384615,2025
126,토,6,승차,174.17307692307693,2025
126,토,6,하차,122.98076923076923,2025
126,토,7,승차,292.40384615384613,2025
126,토,7,하차,148.78846153846155,2025
126,토,8,승차,541.9230769230769,2025
126,토,8,하차,380.1730769230769,2025
126,토,9,승차,553.8461538461538,2025
126,토,9,하차,556.5,2025
126,토,10,승차,580.3846153846154,2025
126,토,10,하차,532.7692307692307,2025
126,토,11,승차,703.3076923076923,2025
126,토,11,하차,610.8269230769231,2025
126,토,12,승차,751.0576923076923,2025
126,토,12,하차,666.75,2025
126,토,13,승차,732.7115384615385,2025
126,토,13,하차,724.7692307692307,2025
126,토,14,승차,695.7884615384615,2025
126,토,14,하차,676.2884615384615,2025
126,토,15,승차,672.0769230769231,2025
126,토,15,하차,753.5769230769231,2025
126,토,16,승차,757.7307692307693,2025
126,토,16,하차,806.3269230769231,2025
126,토,17,승차,744.2692307692307,2025
126,토,17,하차,797.5576923076923,2025
126,토,18,승차,576.5192307692307,2025
126,토,18,하차,635.2307692307693,2025
126,토,19,승차,378.2692307692308,2025
126,토,19,하차,481.3076923076923,2025
126,토,20,승차,419.34615384615387,2025
126,토,20,하차,444.3076923076923,2025
126,토,21,승차,215.6346153846154,2025
126,토,21,하차,404.25,2025
126,토,22,승차,163.84615384615384,2025
126,토,22,하차,333.09615384615387,2025
126,토,23,승차,75.11538461538461,2025
126,토,23,하차,224.48076923076923,2025
127,일,0,승차,4.826923076923077,2025
127,일,0,하차,54.96153846153846,2025
127,일,1,승차,0.36538461538461536,2025
127,일,1,하차,0.25,2025
127,일,2,승차,0.4807692307692308,2025
127,일,2,하차,0.7884615384615384,2025
127,일,3,승차,0.1346153846153846,2025
127,일,3,하차,0.19230769230769232,2025
127,일,4,승차,5.769230769230769,2025
127,일,4,하차,2.0961538461538463,2025
127,일,5,승차,166.17307692307693,2025
127,일,5,하차,175.19230769230768,2025
127,일,6,승차,245.34615384615384,2025
127,일,6,하차,275.21153846153845,2025
127,일,7,승차,332.4423076923077,2025
127,일,7,하차,267.53846153846155,2025
127,일,8,승차,648.6923076923077,2025
127,일,8,하차,415.63461538461536,2025
127,일,9,승차,763.5961538461538,2025
127,일,9,하차,724.0192307692307,2025
127,일,10,승차,813.0,2025
127,일,10,하차,718.9615384615385,2025
127,일,11,승차,854.9038461538462,2025
127,일,11,하차,717.3653846153846,2025
127,일,12,승차,935.4615384615385,2025
127,일,12,하차,712.7115384615385,2025
127,일,13,승차,959.7307692307693,2025
127,일,13,하차,761.5192307692307,2025
127,일,14,승차,955.6346153846154,2025
127,일,14,하차,820.6346153846154,2025
127,일,15,승차,912.0,2025
127,일,15,하차,868.25,2025
127,일,16,승차,898.6923076923077,2025
127,일,16,하차,957.5769230769231,2025
127,일,17,승차,833.8076923076923,2025
127,일,17,하차,929.0384615384615,2025
127,일,18,승차,662.25,2025
127,일,18,하차,816.5961538461538,2025
127,일,19,승차,476.0192307692308,2025
127,일,19,하차,648.7115384615385,2025
127,일,20,승차,349.38461538461536,2025
127,일,20,하차,516.0384615384615,2025
127,일,21,승차,272.96153846153845,2025
127,일,21,하차,486.96153846153845,2025
127,일,22,승차,166.34615384615384,2025
127,일,22,하차,337.4807692307692,2025
127,일,23,승차,72.48076923076923,2025
127,일,23,하차,212.40384615384616,2025
127,주중,0,승차,5.904214559386973,2025
127,주중,0,하차,73.91187739463602,2025
127,주중,1,승차,0.2835249042145594,2025
127,주중,1,하차,0.6819923371647509,2025
127,주중,2,승차,0.31417624521072796,2025
127,주중,2,하차,0.5747126436781609,2025
127,주중,3,승차,0.0842911877394636,2025
127,주중,3,하차,0.1724137931034483,2025
127,주중,4,승차,7.904214559386973,2025
127,주중,4,하차,2.153256704980843,2025
127,주중,5,승차,348.8045977011494,2025
127,주중,5,하차,113.60919540229885,2025
127,주중,6,승차,535.9501915708812,2025
127,주중,6,하차,271.04597701149424,2025
127,주중,7,승차,1467.551724137931,2025
127,주중,7,하차,501.8429118773946,2025
127,주중,8,승차,2287.9616858237546,2025
127,주중,8,하차,1049.0229885057472,2025
127,주중,9,승차,1242.4022988505747,2025
127,주중,9,하차,803.4444444444445,2025
127,주중,10,승차,965.0421455938697,2025
127,주중,10,하차,773.5210727969348,2025
127,주중,11,승차,950.264367816092,2025
127,주중,11,하차,913.4865900383141,2025
127,주중,12,승차,1025.7854406130268,2025
127,주중,12,하차,977.3448275862069,2025
127,주중,13,승차,1044.521072796935,2025
127,주중,13,하차,971.2988505747127,2025
127,주중,14,승차,972.0344827586207,2025
127,주중,14,하차,970.3295019157088,2025
127,주중,15,승차,984.4367816091954,2025
127,주중,15,하차,1161.4904214559388,2025
127,주중,16,승차,1029.448275862069,2025
127,주중,16,하차,1340.5670498084291,2025
127,주중,17,승차,1159.1724137931035,2025
127,주중,17,하차,1698.9770114942528,2025
127,주중,18,승차,1103.0613026819924,2025
127,주중,18,하차,2103.5287356321837,2025
127,주중,19,승차,564.7241379310345,2025
127,주중,19,하차,1040.478927203065,2025
127,주중,20,승차,426.98850574712645,2025
127,주중,20,하차,726.5555555555555,2025
127,주중,21,승차,358.1264367816092,2025
127,주중,21,하차,648.8735632183908,2025
127,주중,22,승차,218.09961685823754,2025
127,주중,22,하차,476.3103448275862,2025
127,주중,23,승차,106.90038314176245,2025
127,주중,23,하차,285.6551724137931,2025
127,토,0,승차,6.923076923076923,2025
127,토,0,하차,92.26923076923077,2025
127,토,1,승차,0.19230769230769232,2025
127,토,1,하차,0.21153846153846154,2025
127,토,2,승차,0.40384615384615385,2025
127,토,2,하차,0.5384615384615384,2025
127,토,3,승차,0.0,2025
127,토,3,하차,0.057692307692307696,2025
127,토,4,승차,7.403846153846154,2025
127,토,4,하차,1.8846153846153846,2025
127,토,5,승차,269.86538461538464,2025
127,토,5,하차,123.78846153846153,2025
127,토,6,승차,327.46153846153845,2025
127,토,6,하차,258.86538461538464,2025
127,토,7,승차,529.4038461538462,2025
127,토,7,하차,306.63461538461536,2025
127,토,8,승차,859.75,2025
127,토,8,하차,648.5961538461538,2025
127,토,9,승차,980.9615384615385,2025
127,토,9,하차,737.5192307692307,2025
127,토,10,승차,1001.6153846153846,2025
127,토,10,하차,838.3846153846154,2025
127,토,11,승차,1111.076923076923,2025
127,토,11,하차,1010.3269230769231,2025
127,토,12,승차,1191.5384615384614,2025
127,토,12,하차,1023.75,2025
127,토,13,승차,1234.7115384615386,2025
127,토,13,하차,1019.0769230769231,2025
127,토,14,승차,1091.3846153846155,2025
127,토,14,하차,1003.3076923076923,2025
127,토,15,승차,1071.2884615384614,2025
127,토,15,하차,1072.576923076923,2025
127,토,16,승차,1124.7115384615386,2025
127,토,16,하차,1239.076923076923,2025
127,토,17,승차,1089.3846153846155,2025
127,토,17,하차,1228.8653846153845,2025
127,토,18,승차,813.6153846153846,2025
127,토,18,하차,1080.7307692307693,2025
127,토,19,승차,571.6538461538462,2025
127,토,19,하차,710.5961538461538,2025
127,토,20,승차,462.53846153846155,2025
127,토,20,하차,664.8076923076923,2025
127,토,21,승차,386.8269230769231,2025
127,토,21,하차,630.6730769230769,2025
127,토,22,승차,255.34615384615384,2025
127,토,22,하차,482.4230769230769,2025
127,토,23,승차,125.0576923076923,2025
127,토,23,하차,321.90384615384613,2025
128,일,0,승차,10.596153846153847,2025
128,일,0,하차,55.01923076923077,2025
128,일,1,승차,0.09615384615384616,2025
128,일,1,하차,0.09615384615384616,2025
128,일,2,승차,0.019230769230769232,2025
128,일,2,하차,0.1346153846153846,2025
128,일,3,승차,0.019230769230769232,2025
128,일,3,하차,0.038461538461538464,2025
128,일,4,승차,2.3461538461538463,2025
128,일,4,하차,0.4423076923076923,2025
128,일,5,승차,103.53846153846153,2025
128,일,5,하차,52.23076923076923,2025
128,일,6,승차,152.76923076923077,2025
128,일,6,하차,82.38461538461539,2025
128,일,7,승차,188.51923076923077,2025
128,일,7,하차,104.9423076923077,2025
128,일,8,승차,318.9230769230769,2025
128,일,8,하차,177.5,2025
128,일,9,승차,437.6923076923077,2025
128,일,9,하차,389.6730769230769,2025
128,일,10,승차,511.13461538461536,2025
128,일,10,하차,498.25,2025
128,일,11,승차,526.25,2025
128,일,11,하차,629.4615384615385,2025
128,일,12,승차,595.0,2025
128,일,12,하차,777.4615384615385,2025
128,일,13,승차,710.0576923076923,2025
128,일,13,하차,863.3076923076923,2025
128,일,14,승차,703.4423076923077,2025
128,일,14,하차,878.2307692307693,2025
128,일,15,승차,754.4423076923077,2025
128,일,15,하차,882.3846153846154,2025
128,일,16,승차,824.5384615384615,2025
128,일,16,하차,922.3269230769231,2025
128,일,17,승차,836.25,2025
128,일,17,하차,931.9230769230769,2025
128,일,18,승차,731.1923076923077,2025
128,일,18,하차,785.1923076923077,2025
128,일,19,승차,613.4230769230769,2025
128,일,19,하차,616.0576923076923,2025
128,일,20,승차,541.1346153846154,2025
128,일,20,하차,503.4230769230769,2025
128,일,21,승차,480.4423076923077,2025
128,일,21,하차,406.5,2025
128,일,22,승차,354.15384615384613,2025
128,일,22,하차,320.78846153846155,2025
128,일,23,승차,200.32692307692307,2025
128,일,23,하차,195.98076923076923,2025
128,주중,0,승차,13.226053639846743,2025
128,주중,0,하차,65.9080459770115,2025
128,주중,1,승차,0.39846743295019155,2025
128,주중,1,하차,0.7931034482758621,2025
128,주중,2,승차,0.12260536398467432,2025
128,주중,2,하차,0.367816091954023,2025
128,주중,3,승차,0.0842911877394636,2025
128,주중,3,하차,0.10727969348659004,2025
128,주중,4,승차,3.1839080459770117,2025
128,주중,4,하차,0.4904214559386973,2025
128,주중,5,승차,183.27586206896552,2025
128,주중,5,하차,74.727969348659,2025
128,주중,6,승차,304.5095785440613,2025
128,주중,6,하차,140.53256704980842,2025
128,주중,7,승차,850.463601532567,2025
128,주중,7,하차,422.2758620689655,2025
128,주중,8,승차,1286.6704980842912,2025
128,주중,8,하차,1579.0536398467434,2025
128,주중,9,승차,731.4214559386974,2025
128,주중,9,하차,1107.8429118773947,2025
128,주중,10,승차,630.4942528735633,2025
128,주중,10,하차,1060.9808429118773,2025
128,주중,11,승차,721.2298850574713,2025
128,주중,11,하차,898.3256704980843,2025
128,주중,12,승차,806.9693486590038,2025
128,주중,12,하차,949.3793103448276,2025
128,주중,13,승차,885.5555555555555,2025
128,주중,13,하차,991.8314176245211,2025
128,주중,14,승차,858.3984674329502,2025
128,주중,14,하차,867.7432950191571,2025
128,주중,15,승차,1020.0459770114943,2025
128,주중,15,하차,960.7126436781609,2025
128,주중,16,승차,1372.5938697318009,2025
128,주중,16,하차,1075.2490421455939,2025
128,주중,17,승차,1406.0306513409962,2025
128,주중,17,하차,1369.0114942528735,2025
128,주중,18,승차,1505.942528735632,2025
128,주중,18,하차,1676.072796934866,2025
128,주중,19,승차,817.7701149425287,2025
128,주중,19,하차,868.823754789272,2025
128,주중,20,승차,692.4597701149426,2025
128,주중,20,하차,544.4329501915709,2025
128,주중,21,승차,738.1302681992337,2025
128,주중,21,하차,480.09578544061304,2025
128,주중,22,승차,537.448275862069,2025
128,주중,22,하차,367.9425287356322,2025
128,주중,23,승차,317.7164750957854,2025
128,주중,23,하차,239.3256704980843,2025
128,토,0,승차,15.5,2025
128,토,0,하차,85.40384615384616,2025
128,토,1,승차,0.038461538461538464,2025
128,토,1,하차,0.038461538461538464,2025
128,토,2,승차,0.0,2025
128,토,2,하차,0.09615384615384616,2025
128,토,3,승차,0.0,2025
128,토,3,하차,0.0,2025
128,토,4,승차,3.230769230769231,2025
128,토,4,하차,0.46153846153846156,2025
128,토,5,승차,154.8846153846154,2025
128,토,5,하차,62.96153846153846,2025
128,토,6,승차,193.17307692307693,2025
128,토,6,하차,110.61538461538461,2025
128,토,7,승차,296.53846153846155,2025
128,토,7,하차,167.51923076923077,2025
128,토,8,승차,529.3846153846154,2025
128,토,8,하차,355.36538461538464,2025
128,토,9,승차,607.1346153846154,2025
128,토,9,하차,573.9615384615385,2025
128,토,10,승차,644.5961538461538,2025
128,토,10,하차,665.4230769230769,2025
128,토,11,승차,759.7692307692307,2025
128,토,11,하차,819.5192307692307,2025
128,토,12,승차,854.0576923076923,2025
128,토,12,하차,1017.3846153846154,2025
128,토,13,승차,930.7692307692307,2025
128,토,13,하차,1138.2884615384614,2025
128,토,14,승차,914.7307692307693,2025
128,토,14,하차,1052.3846153846155,2025
128,토,15,승차,954.6923076923077,2025
128,토,15,하차,1037.7115384615386,2025
128,토,16,승차,1076.1346153846155,2025
128,토,16,하차,1068.5576923076924,2025
128,토,17,승차,1137.5576923076924,2025
128,토,17,하차,1156.0192307692307,2025
128,토,18,승차,934.4615384615385,2025
128,토,18,하차,984.8846153846154,2025
128,토,19,승차,710.5576923076923,2025
128,토,19,하차,727.6153846153846,2025
128,토,20,승차,652.7884615384615,2025
128,토,20,하차,565.4038461538462,2025
128,토,21,승차,613.1346153846154,2025
128,토,21,하차,531.5384615384615,2025
128,토,22,승차,501.11538461538464,2025
128,토,22,하차,386.78846153846155,2025
128,토,23,승차,303.1923076923077,2025
128,토,23,하차,279.5192307692308,2025
129,일,0,승차,4.403846153846154,2025
129,일,0,하차,70.90384615384616,2025
129,일,1,승차,0.038461538461538464,2025
129,일,1,하차,0.11538461538461539,2025
129,일,2,승차,0.09615384615384616,2025
129,일,2,하차,0.15384615384615385,2025
129,일,3,승차,0.0,2025
129,일,3,하차,0.0,2025
129,일,4,승차,2.4423076923076925,2025
129,일,4,하차,0.5192307692307693,2025
129,일,5,승차,99.6923076923077,2025
129,일,5,하차,42.86538461538461,2025
129,일,6,승차,156.5,2025
129,일,6,하차,100.23076923076923,2025
129,일,7,승차,243.3846153846154,2025
129,일,7,하차,117.6923076923077,2025
129,일,8,승차,382.2307692307692,2025
129,일,8,하차,265.13461538461536,2025
129,일,9,승차,549.1730769230769,2025
129,일,9,하차,341.3269230769231,2025
129,일,10,승차,592.2692307692307,2025
129,일,10,하차,472.8076923076923,2025
129,일,11,승차,576.4230769230769,2025
129,일,11,하차,383.53846153846155,2025
129,일,12,승차,625.6923076923077,2025
129,일,12,하차,407.59615384615387,2025
129,일,13,승차,618.9615384615385,2025
129,일,13,하차,430.13461538461536,2025
129,일,14,승차,585.4038461538462,2025
129,일,14,하차,480.38461538461536,2025
129,일,15,승차,586.3846153846154,2025
129,일,15,하차,544.1730769230769,2025
129,일,16,승차,560.9807692307693,2025
129,일,16,하차,613.8076923076923,2025
129,일,17,승차,506.40384615384613,2025
129,일,17,하차,609.2307692307693,2025
129,일,18,승차,373.96153846153845,2025
129,일,18,하차,552.7115384615385,2025
129,일,19,승차,284.78846153846155,2025
129,일,19,하차,479.9807692307692,2025
129,일,20,승차,215.46153846153845,2025
129,일,20,하차,517.2884615384615,2025
129,일,21,승차,165.8846153846154,2025
129,일,21,하차,461.7692307692308,2025
129,일,22,승차,128.96153846153845,2025
129,일,22,하차,442.53846153846155,2025
129,일,23,승차,68.88461538461539,2025
129,일,23,하차,264.5192307692308,2025
129,주중,0,승차,5.275862068965517,2025
129,주중,0,하차,77.10344827586206,2025
129,주중,1,승차,0.23754789272030652,2025
129,주중,1,하차,0.735632183908046,2025
129,주중,2,승차,0.11877394636015326,2025
129,주중,2,하차,0.1417624521072797,2025
129,주중,3,승차,0.022988505747126436,2025
129,주중,3,하차,0.038314176245210725,2025
129,주중,4,승차,3.3908045977011496,2025
129,주중,4,하차,0.4942528735632184,2025
129,주중,5,승차,175.0,2025
129,주중,5,하차,76.52490421455938,2025
129,주중,6,승차,325.34099616858236,2025
129,주중,6,하차,162.44061302681993,2025
129,주중,7,승차,861.6858237547892,2025
129,주중,7,하차,302.7011494252874,2025
129,주중,8,승차,1280.6704980842912,2025
129,주중,8,하차,959.0153256704981,2025
129,주중,9,승차,790.5823754789272,2025
129,주중,9,하차,594.6551724137931,2025
129,주중,10,승차,663.3218390804598,2025
129,주중,10,하차,532.9846743295019,2025
129,주중,11,승차,681.5670498084291,2025
129,주중,11,하차,550.7011494252873,2025
129,주중,12,승차,664.3563218390805,2025
129,주중,12,하차,659.2337164750958,2025
129,주중,13,승차,718.7854406130268,2025
129,주중,13,하차,594.9348659003831,2025
129,주중,14,승차,621.0229885057471,2025
129,주중,14,하차,594.919540229885,2025
129,주중,15,승차,690.0651340996169,2025
129,주중,15,하차,685.2068965517242,2025
129,주중,16,승차,790.9080459770115,2025
129,주중,16,하차,879.7854406130268,2025
129,주중,17,승차,886.0689655172414,2025
129,주중,17,하차,995.5478927203065,2025
129,주중,18,승차,828.9157088122605,2025
129,주중,18,하차,1246.344827586207,2025
129,주중,19,승차,406.91570881226056,2025
129,주중,19,하차,667.6360153256705,2025
129,주중,20,승차,312.0191570881226,2025
129,주중,20,하차,542.904214559387,2025
129,주중,21,승차,280.7892720306513,2025
129,주중,21,하차,545.4099616858238,2025
129,주중,22,승차,198.02681992337165,2025
129,주중,22,하차,508.97318007662835,2025
129,주중,23,승차,108.88888888888889,2025
129,주중,23,하차,312.60536398467434,2025
129,토,0,승차,5.980769230769231,2025
129,토,0,하차,105.78846153846153,2025
129,토,1,승차,0.11538461538461539,2025
129,토,1,하차,0.11538461538461539,2025
129,토,2,승차,0.057692307692307696,2025
129,토,2,하차,0.1346153846153846,2025
129,토,3,승차,0.019230769230769232,2025
129,토,3,하차,0.0,2025
129,토,4,승차,3.230769230769231,2025
129,토,4,하차,0.5384615384615384,2025
129,토,5,승차,148.28846153846155,2025
129,토,5,하차,69.21153846153847,2025
129,토,6,승차,219.53846153846155,2025
129,토,6,하차,136.1153846153846,2025
129,토,7,승차,356.1730769230769,2025
129,토,7,하차,166.03846153846155,2025
129,토,8,승차,615.7307692307693,2025
129,토,8,하차,364.1923076923077,2025
129,토,9,승차,750.1538461538462,2025
129,토,9,하차,472.0,2025
129,토,10,승차,756.3269230769231,2025
129,토,10,하차,521.5769230769231,2025
129,토,11,승차,855.1923076923077,2025
129,토,11,하차,554.8269230769231,2025
129,토,12,승차,797.5576923076923,2025
129,토,12,하차,589.2307692307693,2025
129,토,13,승차,830.2115384615385,2025
129,토,13,하차,603.0384615384615,2025
129,토,14,승차,711.3846153846154,2025
129,토,14,하차,575.2692307692307,2025
129,토,15,승차,721.7884615384615,2025
129,토,15,하차,641.0192307692307,2025
129,토,16,승차,774.5961538461538,2025
129,토,16,하차,729.6538461538462,2025
129,토,17,승차,734.2692307692307,2025
129,토,17,하차,762.5192307692307,2025
129,토,18,승차,504.4807692307692,2025
129,토,18,하차,653.0384615384615,2025
129,토,19,승차,369.0769230769231,2025
129,토,19,하차,506.9807692307692,2025
129,토,20,승차,271.5576923076923,2025
129,토,20,하차,500.7692307692308,2025
129,토,21,승차,211.51923076923077,2025
129,토,21,하차,516.1923076923077,2025
129,토,22,승차,171.42307692307693,2025
129,토,22,하차,525.3653846153846,2025
129,토,23,승차,92.5,2025
129,토,23,하차,354.38461538461536,2025
130,일,0,승차,4.0576923076923075,2025
130,일,0,하차,31.153846153846153,2025
130,일,1,승차,0.07692307692307693,2025
130,일,1,하차,0.057692307692307696,2025
130,일,2,승차,0.019230769230769232,2025
130,일,2,하차,0.057692307692307696,2025
130,일,3,승차,0.0,2025
130,일,3,하차,0.0,2025
130,일,4,승차,2.6153846153846154,2025
130,일,4,하차,0.9423076923076923,2025
130,일,5,승차,72.36538461538461,2025
130,일,5,하차,6.961538461538462,2025
130,일,6,승차,116.15384615384616,2025
130,일,6,하차,89.4423076923077,2025
130,일,7,승차,154.40384615384616,2025
130,일,7,하차,110.92307692307692,2025
130,일,8,승차,271.21153846153845,2025
130,일,8,하차,173.17307692307693,2025
130,일,9,승차,348.9230769230769,2025
130,일,9,하차,278.5576923076923,2025
130,일,10,승차,416.03846153846155,2025
130,일,10,하차,330.96153846153845,2025
130,일,11,승차,428.0,2025
130,일,11,하차,333.65384615384613,2025
130,일,12,승차,500.2692307692308,2025
130,일,12,하차,362.71153846153845,2025
130,일,13,승차,505.84615384615387,2025
130,일,13,하차,396.03846153846155,2025
130,일,14,승차,474.1730769230769,2025
130,일,14,하차,420.34615384615387,2025
130,일,15,승차,461.1730769230769,2025
130,일,15,하차,479.2307692307692,2025
130,일,16,승차,460.36538461538464,2025
130,일,16,하차,485.4423076923077,2025
130,일,17,승차,434.0769230769231,2025
130,일,17,하차,504.5,2025
130,일,18,승차,377.0576923076923,2025
130,일,18,하차,444.88461538461536,2025
130,일,19,승차,272.5769230769231,2025
130,일,19,하차,349.86538461538464,2025
130,일,20,승차,228.8653846153846,2025
130,일,20,하차,292.4423076923077,2025
130,일,21,승차,189.48076923076923,2025
130,일,21,하차,244.1346153846154,2025
130,일,22,승차,128.15384615384616,2025
130,일,22,하차,177.73076923076923,2025
130,일,23,승차,55.03846153846154,2025
130,일,23,하차,113.61538461538461,2025
130,주중,0,승차,5.409961685823755,2025
130,주중,0,하차,44.24904214559387,2025
130,주중,1,승차,0.18007662835249041,2025
130,주중,1,하차,0.3946360153256705,2025
130,주중,2,승차,0.13409961685823754,2025
130,주중,2,하차,0.210727969348659,2025
130,주중,3,승차,0.0038314176245210726,2025
130,주중,3,하차,0.011494252873563218,2025
130,주중,4,승차,5.026819923371647,2025
130,주중,4,하차,1.1111111111111112,2025
130,주중,5,승차,135.44061302681993,2025
130,주중,5,하차,10.831417624521073,2025
130,주중,6,승차,239.5632183908046,2025
130,주중,6,하차,206.29501915708812,2025
130,주중,7,승차,741.4827586206897,2025
130,주중,7,하차,469.3869731800766,2025
130,주중,8,승차,1099.6168582375478,2025
130,주중,8,하차,920.2298850574713,2025
130,주중,9,승차,641.7203065134099,2025
130,주중,9,하차,521.8659003831417,2025
130,주중,10,승차,542.2107279693487,2025
130,주중,10,하차,456.13793103448273,2025
130,주중,11,승차,578.360153256705,2025
130,주중,11,하차,489.40996168582376,2025
130,주중,12,승차,618.8352490421456,2025
130,주중,12,하차,561.3371647509579,2025
130,주중,13,승차,613.8045977011494,2025
130,주중,13,하차,588.2413793103449,2025
130,주중,14,승차,559.5670498084291,2025
130,주중,14,하차,553.904214559387,2025
130,주중,15,승차,643.2758620689655,2025
130,주중,15,하차,700.6053639846743,2025
130,주중,16,승차,819.7701149425287,2025
130,주중,16,하차,799.2950191570882,2025
130,주중,17,승차,902.8620689655172,2025
130,주중,17,하차,896.471264367816,2025
130,주중,18,승차,1003.5747126436781,2025
130,주중,18,하차,1045.2911877394636,2025
130,주중,19,승차,436.44827586206895,2025
130,주중,19,하차,544.5862068965517,2025
130,주중,20,승차,347.99233716475095,2025
130,주중,20,하차,384.49808429118775,2025
130,주중,21,승차,303.71264367816093,2025
130,주중,21,하차,347.84674329501917,2025
130,주중,22,승차,200.99233716475095,2025
130,주중,22,하차,262.39080459770116,2025
130,주중,23,승차,105.30651340996168,2025
130,주중,23,하차,161.64367816091954,2025
130,토,0,승차,6.4423076923076925,2025
130,토,0,하차,53.21153846153846,2025
130,토,1,승차,0.019230769230769232,2025
130,토,1,하차,0.09615384615384616,2025
130,토,2,승차,0.09615384615384616,2025
130,토,2,하차,0.1346153846153846,2025
130,토,3,승차,0.0,2025
130,토,3,하차,0.0,2025
130,토,4,승차,4.0576923076923075,2025
130,토,4,하차,1.1730769230769231,2025
130,토,5,승차,105.01923076923077,2025
130,토,5,하차,10.038461538461538,2025
130,토,6,승차,149.96153846153845,2025
130,토,6,하차,118.76923076923077,2025
130,토,7,승차,254.51923076923077,2025
130,토,7,하차,153.07692307692307,2025
130,토,8,승차,437.34615384615387,2025
130,토,8,하차,357.40384615384613,2025
130,토,9,승차,502.2692307692308,2025
130,토,9,하차,421.15384615384613,2025
130,토,10,승차,557.2115384615385,2025
130,토,10,하차,473.21153846153845,2025
130,토,11,승차,632.3269230769231,2025
130,토,11,하차,533.2884615384615,2025
130,토,12,승차,702.3461538461538,2025
130,토,12,하차,547.9423076923077,2025
130,토,13,승차,695.4230769230769,2025
130,토,13,하차,550.9038461538462,2025
130,토,14,승차,619.1923076923077,2025
130,토,14,하차,547.75,2025
130,토,15,승차,587.6538461538462,2025
130,토,15,하차,578.3269230769231,2025
130,토,16,승차,647.6730769230769,2025
130,토,16,하차,650.1346153846154,2025
130,토,17,승차,633.3269230769231,2025
130,토,17,하차,645.0961538461538,2025
130,토,18,승차,494.2307692307692,2025
130,토,18,하차,590.25,2025
130,토,19,승차,344.86538461538464,2025
130,토,19,하차,421.90384615384613,2025
130,토,20,승차,311.1730769230769,2025
130,토,20,하차,373.15384615384613,2025
130,토,21,승차,255.32692307692307,2025
130,토,21,하차,321.5,2025
130,토,22,승차,188.80769230769232,2025
130,토,22,하차,271.5192307692308,2025
130,토,23,승차,87.67307692307692,2025
130,토,23,하차,185.53846153846155,2025
131,일,0,승차,2.8461538461538463,2025
131,일,0,하차,27.423076923076923,2025
131,일,1,승차,0.019230769230769232,2025
131,일,1,하차,0.038461538461538464,2025
131,일,2,승차,0.0,2025
131,일,2,하차,0.038461538461538464,2025
131,일,3,승차,0.0,2025
131,일,3,하차,0.0,2025
131,일,4,승차,3.0576923076923075,2025
131,일,4,하차,0.11538461538461539,2025
131,일,5,승차,70.42307692307692,2025
131,일,5,하차,3.9423076923076925,2025
131,일,6,승차,115.34615384615384,2025
131,일,6,하차,88.53846153846153,2025
131,일,7,승차,156.57692307692307,2025
131,일,7,하차,86.57692307692308,2025
131,일,8,승차,258.65384615384613,2025
131,일,8,하차,148.80769230769232,2025
131,일,9,승차,350.03846153846155,2025
131,일,9,하차,219.80769230769232,2025
131,일,10,승차,374.53846153846155,2025
131,일,10,하차,271.2692307692308,2025
131,일,11,승차,392.1923076923077,2025
131,일,11,하차,210.92307692307693,2025
131,일,12,승차,452.96153846153845,2025
131,일,12,하차,207.8653846153846,2025
131,일,13,승차,399.6730769230769,2025
131,일,13,하차,231.1153846153846,2025
131,일,14,승차,345.15384615384613,2025
131,일,14,하차,247.51923076923077,2025
131,일,15,승차,311.88461538461536,2025
131,일,15,하차,286.0769230769231,2025
131,일,16,승차,282.25,2025
131,일,16,하차,310.71153846153845,2025
131,일,17,승차,268.2692307692308,2025
131,일,17,하차,313.2692307692308,2025
131,일,18,승차,198.03846153846155,2025
131,일,18,하차,278.4807692307692,2025
131,일,19,승차,141.76923076923077,2025
131,일,19,하차,231.59615384615384,2025
131,일,20,승차,103.96153846153847,2025
131,일,20,하차,190.44230769230768,2025
131,일,21,승차,68.32692307692308,2025
131,일,21,하차,202.6153846153846,2025
131,일,22,승차,49.63461538461539,2025
131,일,22,하차,136.3653846153846,2025
131,일,23,승차,28.307692307692307,2025
131,일,23,하차,103.0,2025
131,주중,0,승차,3.2222222222222223,2025
131,주중,0,하차,36.490421455938694,2025
131,주중,1,승차,0.28735632183908044,2025
131,주중,1,하차,0.3946360153256705,2025
131,주중,2,승차,0.1417624521072797,2025
131,주중,2,하차,0.36015325670498083,2025
131,주중,3,승차,0.02681992337164751,2025
131,주중,3,하차,0.07662835249042145,2025
131,주중,4,승차,5.007662835249042,2025
131,주중,4,하차,0.1685823754789272,2025
131,주중,5,승차,129.8697318007663,2025
131,주중,5,하차,6.494252873563219,2025
131,주중,6,승차,237.77394636015325,2025
131,주중,6,하차,171.367816091954,2025
131,주중,7,승차,652.1532567049809,2025
131,주중,7,하차,215.06896551724137,2025
131,주중,8,승차,937.3371647509579,2025
131,주중,8,하차,664.4291187739464,2025
131,주중,9,승차,594.3295019157088,2025
131,주중,9,하차,370.1954022988506,2025
131,주중,10,승차,505.5095785440613,2025
131,주중,10,하차,296.191570881226,2025
131,주중,11,승차,487.9272030651341,2025
131,주중,11,하차,342.27203065134097,2025
131,주중,12,승차,513.2375478927203,2025
131,주중,12,하차,354.7586206896552,2025
131,주중,13,승차,489.44444444444446,2025
131,주중,13,하차,367.28735632183907,2025
131,주중,14,승차,435.82758620689657,2025
131,주중,14,하차,402.42528735632186,2025
131,주중,15,승차,499.32183908045977,2025
131,주중,15,하차,466.64367816091954,2025
131,주중,16,승차,489.86206896551727,2025
131,주중,16,하차,513.7318007662835,2025
131,주중,17,승차,541.9578544061303,2025
131,주중,17,하차,592.6091954022988,2025
131,주중,18,승차,530.2758620689655,2025
131,주중,18,하차,653.2758620689655,2025
131,주중,19,승차,214.97318007662835,2025
131,주중,19,하차,365.9501915708812,2025
131,주중,20,승차,149.26053639846742,2025
131,주중,20,하차,276.37931034482756,2025
131,주중,21,승차,98.28735632183908,2025
131,주중,21,하차,263.95785440613025,2025
131,주중,22,승차,73.76628352490421,2025
131,주중,22,하차,192.39080459770116,2025
131,주중,23,승차,35.11877394636015,2025
131,주중,23,하차,143.632183908046,2025
131,토,0,승차,2.7115384615384617,2025
131,토,0,하차,46.32692307692308,2025
131,토,1,승차,0.38461538461538464,2025
131,토,1,하차,0.3076923076923077,2025
131,토,2,승차,0.07692307692307693,2025
131,토,2,하차,0.19230769230769232,2025
131,토,3,승차,0.07692307692307693,2025
131,토,3,하차,0.15384615384615385,2025
131,토,4,승차,5.923076923076923,2025
131,토,4,하차,0.25,2025
131,토,5,승차,106.28846153846153,2025
131,토,5,하차,5.038461538461538,2025
131,토,6,승차,155.17307692307693,2025
131,토,6,하차,141.98076923076923,2025
131,토,7,승차,247.92307692307693,2025
131,토,7,하차,118.57692307692308,2025
131,토,8,승차,408.2307692307692,2025
131,토,8,하차,254.55769230769232,2025
131,토,9,승차,501.5,2025
131,토,9,하차,290.4423076923077,2025
131,토,10,승차,535.8269230769231,2025
131,토,10,하차,258.28846153846155,2025
131,토,11,승차,528.0576923076923,2025
131,토,11,하차,285.11538461538464,2025
131,토,12,승차,529.6538461538462,2025
131,토,12,하차,292.34615384615387,2025
131,토,13,승차,492.4230769230769,2025
131,토,13,하차,318.03846153846155,2025
131,토,14,승차,386.88461538461536,2025
131,토,14,하차,311.86538461538464,2025
131,토,15,승차,378.34615384615387,2025
131,토,15,하차,339.61538461538464,2025
131,토,16,승차,393.0576923076923,2025
131,토,16,하차,372.3269230769231,2025
131,토,17,승차,389.6923076923077,2025
131,토,17,하차,405.90384615384613,2025
131,토,18,승차,282.63461538461536,2025
131,토,18,하차,329.88461538461536,2025
131,토,19,승차,175.1153846153846,2025
131,토,19,하차,280.25,2025
131,토,20,승차,135.07692307692307,2025
131,토,20,하차,248.57692307692307,2025
131,토,21,승차,97.71153846153847,2025
131,토,21,하차,258.38461538461536,2025
131,토,22,승차,69.75,2025
131,토,22,하차,188.82692307692307,2025
131,토,23,승차,32.71153846153846,2025
131,토,23,하차,163.76923076923077,2025
132,일,0,승차,1.75,2025
132,일,0,하차,36.21153846153846,2025
132,일,1,승차,0.09615384615384616,2025
132,일,1,하차,0.15384615384615385,2025
132,일,2,승차,0.0,2025
132,일,2,하차,0.0,2025
132,일,3,승차,0.0,2025
132,일,3,하차,0.0,2025
132,일,4,승차,3.6153846153846154,2025
132,일,4,하차,0.17307692307692307,2025
132,일,5,승차,66.15384615384616,2025
132,일,5,하차,2.3076923076923075,2025
132,일,6,승차,93.0576923076923,2025
132,일,6,하차,81.92307692307692,2025
132,일,7,승차,135.48076923076923,2025
132,일,7,하차,54.09615384615385,2025
132,일,8,승차,196.69230769230768,2025
132,일,8,하차,107.61538461538461,2025
132,일,9,승차,291.78846153846155,2025
132,일,9,하차,178.15384615384616,2025
132,일,10,승차,325.75,2025
132,일,10,하차,234.40384615384616,2025
132,일,11,승차,299.1923076923077,2025
132,일,11,하차,174.0,2025
132,일,12,승차,313.71153846153845,2025
132,일,12,하차,165.69230769230768,2025
132,일,13,승차,337.1923076923077,2025
132,일,13,하차,207.75,2025
132,일,14,승차,297.90384615384613,2025
132,일,14,하차,237.55769230769232,2025
132,일,15,승차,292.5,2025
132,일,15,하차,266.25,2025
132,일,16,승차,297.7307692307692,2025
132,일,16,하차,298.6923076923077,2025
132,일,17,승차,258.6730769230769,2025
132,일,17,하차,304.4807692307692,2025
132,일,18,승차,193.8653846153846,2025
132,일,18,하차,274.65384615384613,2025
132,일,19,승차,137.59615384615384,2025
132,일,19,하차,273.65384615384613,2025
132,일,20,승차,102.9423076923077,2025
132,일,20,하차,218.32692307692307,2025
132,일,21,승차,75.96153846153847,2025
132,일,21,하차,237.59615384615384,2025
132,일,22,승차,50.05769230769231,2025
132,일,22,하차,177.07692307692307,2025
132,일,23,승차,29.134615384615383,2025
132,일,23,하차,126.98076923076923,2025
132,주중,0,승차,1.9042145593869733,2025
132,주중,0,하차,42.62068965517241,2025
132,주중,1,승차,0.2260536398467433,2025
132,주중,1,하차,0.34099616858237547,2025
132,주중,2,승차,0.20689655172413793,2025
132,주중,2,하차,0.3448275862068966,2025
132,주중,3,승차,0.01532567049808429,2025
132,주중,3,하차,0.019157088122605363,2025
132,주중,4,승차,6.605363984674329,2025
132,주중,4,하차,0.21839080459770116,2025
132,주중,5,승차,114.90038314176245,2025
132,주중,5,하차,1.6398467432950192,2025
132,주중,6,승차,172.51340996168582,2025
132,주중,6,하차,112.11877394636015,2025
132,주중,7,승차,430.7739463601533,2025
132,주중,7,하차,133.31417624521072,2025
132,주중,8,승차,690.2873563218391,2025
132,주중,8,하차,432.62068965517244,2025
132,주중,9,승차,446.67432950191574,2025
132,주중,9,하차,331.56704980842915,2025
132,주중,10,승차,369.66283524904213,2025
132,주중,10,하차,256.3103448275862,2025
132,주중,11,승차,351.13793103448273,2025
132,주중,11,하차,287.65900383141764,2025
132,주중,12,승차,377.36015325670496,2025
132,주중,12,하차,310.1226053639847,2025
132,주중,13,승차,370.6551724137931,2025
132,주중,13,하차,302.5057471264368,2025
132,주중,14,승차,322.2298850574713,2025
132,주중,14,하차,308.2988505747126,2025
132,주중,15,승차,327.6858237547893,2025
132,주중,15,하차,391.0689655172414,2025
132,주중,16,승차,389.2758620689655,2025
132,주중,16,하차,426.8199233716475,2025
132,주중,17,승차,466.8390804597701,2025
132,주중,17,하차,486.7011494252874,2025
132,주중,18,승차,404.86206896551727,2025
132,주중,18,하차,579.7126436781609,2025
132,주중,19,승차,185.5823754789272,2025
132,주중,19,하차,361.11877394636014,2025
132,주중,20,승차,133.3831417624521,2025
132,주중,20,하차,268.36015325670496,2025
132,주중,21,승차,108.20689655172414,2025
132,주중,21,하차,263.2681992337165,2025
132,주중,22,승차,80.55938697318008,2025
132,주중,22,하차,233.59003831417624,2025
132,주중,23,승차,40.71264367816092,2025
132,주중,23,하차,148.24137931034483,2025
132,토,0,승차,1.7307692307692308,2025
132,토,0,하차,55.30769230769231,2025
132,토,1,승차,0.1346153846153846,2025
132,토,1,하차,0.17307692307692307,2025
132,토,2,승차,0.09615384615384616,2025
132,토,2,하차,0.057692307692307696,2025
132,토,3,승차,0.0,2025
132,토,3,하차,0.0,2025
132,토,4,승차,4.538461538461538,2025
132,토,4,하차,0.2692307692307692,2025
132,토,5,승차,98.88461538461539,2025
132,토,5,하차,2.0961538461538463,2025
132,토,6,승차,122.5576923076923,2025
132,토,6,하차,100.78846153846153,2025
132,토,7,승차,200.44230769230768,2025
132,토,7,하차,71.0576923076923,2025
132,토,8,승차,326.40384615384613,2025
132,토,8,하차,165.1346153846154,2025
132,토,9,승차,388.61538461538464,2025
132,토,9,하차,191.1153846153846,2025
132,토,10,승차,403.9230769230769,2025
132,토,10,하차,219.23076923076923,2025
132,토,11,승차,407.8076923076923,2025
132,토,11,하차,243.53846153846155,2025
132,토,12,승차,385.34615384615387,2025
132,토,12,하차,247.57692307692307,2025
132,토,13,승차,377.71153846153845,2025
132,토,13,하차,272.0,2025
132,토,14,승차,329.75,2025
132,토,14,하차,263.13461538461536,2025
132,토,15,승차,337.65384615384613,2025
132,토,15,하차,322.5,2025
132,토,16,승차,352.38461538461536,2025
132,토,16,하차,370.4807692307692,2025
132,토,17,승차,350.0192307692308,2025
132,토,17,하차,402.1923076923077,2025
132,토,18,승차,243.53846153846155,2025
132,토,18,하차,329.15384615384613,2025
132,토,19,승차,163.73076923076923,2025
132,토,19,하차,288.0,2025
132,토,20,승차,120.84615384615384,2025
132,토,20,하차,266.0,2025
132,토,21,승차,104.07692307692308,2025
132,토,21,하차,290.0192307692308,2025
132,토,22,승차,74.82692307692308,2025
132,토,22,하차,222.98076923076923,2025
132,토,23,승차,40.80769230769231,2025
132,토,23,하차,177.94230769230768,2025
133,일,0,승차,1.0192307692307692,2025
133,일,0,하차,33.5,2025
133,일,1,승차,0.09615384615384616,2025
133,일,1,하차,0.21153846153846154,2025
133,일,2,승차,0.15384615384615385,2025
133,일,2,하차,0.057692307692307696,2025
133,일,3,승차,0.0,2025
133,일,3,하차,0.0,2025
133,일,4,승차,5.865384615384615,2025
133,일,4,하차,0.15384615384615385,2025
133,일,5,승차,64.59615384615384,2025
133,일,5,하차,1.3269230769230769,2025
133,일,6,승차,118.3076923076923,2025
133,일,6,하차,140.05769230769232,2025
133,일,7,승차,164.17307692307693,2025
133,일,7,하차,104.73076923076923,2025
133,일,8,승차,280.1923076923077,2025
133,일,8,하차,271.0192307692308,2025
133,일,9,승차,406.61538461538464,2025
133,일,9,하차,472.28846153846155,2025
133,일,10,승차,463.5,2025
133,일,10,하차,446.84615384615387,2025
133,일,11,승차,482.46153846153845,2025
133,일,11,하차,367.0576923076923,2025
133,일,12,승차,546.1538461538462,2025
133,일,12,하차,313.84615384615387,2025
133,일,13,승차,540.0961538461538,2025
133,일,13,하차,317.2307692307692,2025
133,일,14,승차,530.75,2025
133,일,14,하차,317.09615384615387,2025
133,일,15,승차,526.1730769230769,2025
133,일,15,하차,330.11538461538464,2025
133,일,16,승차,497.84615384615387,2025
133,일,16,하차,315.96153846153845,2025
133,일,17,승차,416.38461538461536,2025
133,일,17,하차,308.6730769230769,2025
133,일,18,승차,282.38461538461536,2025
133,일,18,하차,264.13461538461536,2025
133,일,19,승차,176.78846153846155,2025
133,일,19,하차,213.71153846153845,2025
133,일,20,승차,131.0,2025
133,일,20,하차,221.28846153846155,2025
133,일,21,승차,80.28846153846153,2025
133,일,21,하차,171.05769230769232,2025
133,일,22,승차,46.63461538461539,2025
133,일,22,하차,138.0,2025
133,일,23,승차,15.173076923076923,2025
133,일,23,하차,72.90384615384616,2025
133,주중,0,승차,1.1340996168582376,2025
133,주중,0,하차,48.808429118773944,2025
133,주중,1,승차,0.2988505747126437,2025
133,주중,1,하차,0.38697318007662834,2025
133,주중,2,승차,0.18773946360153257,2025
133,주중,2,하차,0.20689655172413793,2025
133,주중,3,승차,0.13409961685823754,2025
133,주중,3,하차,0.02681992337164751,2025
133,주중,4,승차,7.180076628352491,2025
133,주중,4,하차,0.14942528735632185,2025
133,주중,5,승차,119.78927203065135,2025
133,주중,5,하차,1.5670498084291187,2025
133,주중,6,승차,230.99616858237547,2025
133,주중,6,하차,221.81992337164752,2025
133,주중,7,승차,659.4252873563219,2025
133,주중,7,하차,275.9808429118774,2025
133,주중,8,승차,947.3908045977012,2025
133,주중,8,하차,724.6590038314176,2025
133,주중,9,승차,631.6206896551724,2025
133,주중,9,하차,530.6206896551724,2025
133,주중,10,승차,553.3295019157088,2025
133,주중,10,하차,462.53639846743295,2025
133,주중,11,승차,641.2375478927203,2025
133,주중,11,하차,483.23754789272033,2025
133,주중,12,승차,748.7126436781609,2025
133,주중,12,하차,475.544061302682,2025
133,주중,13,승차,630.8773946360153,2025
133,주중,13,하차,401.3448275862069,2025
133,주중,14,승차,604.6743295019157,2025
133,주중,14,하차,378.11494252873564,2025
133,주중,15,승차,613.1187739463602,2025
133,주중,15,하차,446.71264367816093,2025
133,주중,16,승차,717.0038314176245,2025
133,주중,16,하차,520.7011494252873,2025
133,주중,17,승차,687.4444444444445,2025
133,주중,17,하차,507.7854406130268,2025
133,주중,18,승차,565.5402298850574,2025
133,주중,18,하차,578.7586206896551,2025
133,주중,19,승차,251.77777777777777,2025
133,주중,19,하차,322.0,2025
133,주중,20,승차,164.8544061302682,2025
133,주중,20,하차,245.11111111111111,2025
133,주중,21,승차,101.38314176245211,2025
133,주중,21,하차,237.1455938697318,2025
133,주중,22,승차,57.229885057471265,2025
133,주중,22,하차,195.54022988505747,2025
133,주중,23,승차,20.038314176245212,2025
133,주중,23,하차,106.44827586206897,2025
133,토,0,승차,1.0,2025
133,토,0,하차,61.63461538461539,2025
133,토,1,승차,0.038461538461538464,2025
133,토,1,하차,0.09615384615384616,2025
133,토,2,승차,0.057692307692307696,2025
133,토,2,하차,0.0,2025
133,토,3,승차,0.0,2025
133,토,3,하차,0.0,2025
133,토,4,승차,5.403846153846154,2025
133,토,4,하차,0.038461538461538464,2025
133,토,5,승차,99.51923076923077,2025
133,토,5,하차,1.6923076923076923,2025
133,토,6,승차,148.21153846153845,2025
133,토,6,하차,211.0,2025
133,토,7,승차,278.61538461538464,2025
133,토,7,하차,171.30769230769232,2025
133,토,8,승차,441.34615384615387,2025
133,토,8,하차,403.1730769230769,2025
133,토,9,승차,558.3269230769231,2025
133,토,9,하차,489.84615384615387,2025
133,토,10,승차,605.0,2025
133,토,10,하차,469.2692307692308,2025
133,토,11,승차,667.6923076923077,2025
133,토,11,하차,466.09615384615387,2025
133,토,12,승차,729.8653846153846,2025
133,토,12,하차,409.21153846153845,2025
133,토,13,승차,687.4423076923077,2025
133,토,13,하차,392.75,2025
133,토,14,승차,606.0,2025
133,토,14,하차,378.36538461538464,2025
133,토,15,승차,604.9615384615385,2025
133,토,15,하차,381.11538461538464,2025
133,토,16,승차,615.5192307692307,2025
133,토,16,하차,380.3269230769231,2025
133,토,17,승차,555.7307692307693,2025
133,토,17,하차,369.7307692307692,2025
133,토,18,승차,360.36538461538464,2025
133,토,18,하차,326.25,2025
133,토,19,승차,214.82692307692307,2025
133,토,19,하차,257.3076923076923,2025
133,토,20,승차,163.07692307692307,2025
133,토,20,하차,232.07692307692307,2025
133,토,21,승차,119.98076923076923,2025
133,토,21,하차,220.78846153846155,2025
133,토,22,승차,73.6923076923077,2025
133,토,22,하차,202.51923076923077,2025
133,토,23,승차,21.884615384615383,2025
133,토,23,하차,122.26923076923077,2025
134,일,0,승차,0.28846153846153844,2025
134,일,0,하차,42.44230769230769,2025
134,일,1,승차,0.057692307692307696,2025
134,일,1,하차,0.1346153846153846,2025
134,일,2,승차,0.09615384615384616,2025
134,일,2,하차,0.17307692307692307,2025
134,일,3,승차,0.0,2025
134,일,3,하차,0.057692307692307696,2025
134,일,4,승차,14.576923076923077,2025
134,일,4,하차,1.1923076923076923,2025
134,일,5,승차,62.57692307692308,2025
134,일,5,하차,1.2692307692307692,2025
134,일,6,승차,101.03846153846153,2025
134,일,6,하차,311.7692307692308,2025
134,일,7,승차,173.28846153846155,2025
134,일,7,하차,391.5,2025
134,일,8,승차,342.6730769230769,2025
134,일,8,하차,593.4615384615385,2025
134,일,9,승차,535.7884615384615,2025
134,일,9,하차,835.4615384615385,2025
134,일,10,승차,781.7307692307693,2025
134,일,10,하차,887.1730769230769,2025
134,일,11,승차,899.8269230769231,2025
134,일,11,하차,810.6153846153846,2025
134,일,12,승차,928.0769230769231,2025
134,일,12,하차,676.7307692307693,2025
134,일,13,승차,888.1730769230769,2025
134,일,13,하차,803.6923076923077,2025
134,일,14,승차,894.6923076923077,2025
134,일,14,하차,858.9615384615385,2025
134,일,15,승차,939.6153846153846,2025
134,일,15,하차,834.6923076923077,2025
134,일,16,승차,855.2884615384615,2025
134,일,16,하차,803.2884615384615,2025
134,일,17,승차,821.9230769230769,2025
134,일,17,하차,738.5,2025
134,일,18,승차,665.3846153846154,2025
134,일,18,하차,678.9230769230769,2025
134,일,19,승차,585.4423076923077,2025
134,일,19,하차,518.1923076923077,2025
134,일,20,승차,493.4423076923077,2025
134,일,20,하차,436.5192307692308,2025
134,일,21,승차,405.5,2025
134,일,21,하차,376.9807692307692,2025
134,일,22,승차,306.84615384615387,2025
134,일,22,하차,229.92307692307693,2025
134,일,23,승차,119.34615384615384,2025
134,일,23,하차,120.23076923076923,2025
134,주중,0,승차,0.2950191570881226,2025
134,주중,0,하차,48.524904214559385,2025
134,주중,1,승차,0.20689655172413793,2025
134,주중,1,하차,0.578544061302682,2025
134,주중,2,승차,0.1685823754789272,2025
134,주중,2,하차,0.4061302681992337,2025
134,주중,3,승차,0.1532567049808429,2025
134,주중,3,하차,0.19923371647509577,2025
134,주중,4,승차,11.869731800766283,2025
134,주중,4,하차,1.5747126436781609,2025
134,주중,5,승차,82.78927203065135,2025
134,주중,5,하차,1.6168582375478928,2025
134,주중,6,승차,177.76628352490422,2025
134,주중,6,하차,396.31800766283527,2025
134,주중,7,승차,596.0229885057471,2025
134,주중,7,하차,577.7471264367816,2025
134,주중,8,승차,801.5555555555555,2025
134,주중,8,하차,644.2337164750958,2025
134,주중,9,승차,661.9770114942529,2025
134,주중,9,하차,685.3141762452108,2025
134,주중,10,승차,669.6896551724138,2025
134,주중,10,하차,669.4022988505748,2025
134,주중,11,승차,794.7126436781609,2025
134,주중,11,하차,722.647509578544,2025
134,주중,12,승차,829.8007662835249,2025
134,주중,12,하차,641.0114942528736,2025
134,주중,13,승차,784.2681992337165,2025
134,주중,13,하차,669.8122605363984,2025
134,주중,14,승차,738.6896551724138,2025
134,주중,14,하차,708.6321839080459,2025
134,주중,15,승차,773.44061302682,2025
134,주중,15,하차,673.9080459770115,2025
134,주중,16,승차,792.7088122605364,2025
134,주중,16,하차,691.0459770114943,2025
134,주중,17,승차,981.6819923371647,2025
134,주중,17,하차,723.471264367816,2025
134,주중,18,승차,863.1417624521073,2025
134,주중,18,하차,794.3218390804598,2025
134,주중,19,승차,426.8773946360153,2025
134,주중,19,하차,444.2068965517241,2025
134,주중,20,승차,297.67432950191574,2025
134,주중,20,하차,367.69348659003833,2025
134,주중,21,승차,238.1455938697318,2025
134,주중,21,하차,346.95785440613025,2025
134,주중,22,승차,200.8582375478927,2025
134,주중,22,하차,258.9501915708812,2025
134,주중,23,승차,79.18773946360153,2025
134,주중,23,하차,147.01532567049807,2025
134,토,0,승차,0.09615384615384616,2025
134,토,0,하차,68.32692307692308,2025
134,토,1,승차,0.4423076923076923,2025
134,토,1,하차,0.38461538461538464,2025
134,토,2,승차,0.09615384615384616,2025
134,토,2,하차,0.057692307692307696,2025
134,토,3,승차,0.057692307692307696,2025
134,토,3,하차,0.17307692307692307,2025
134,토,4,승차,18.692307692307693,2025
134,토,4,하차,1.6346153846153846,2025
134,토,5,승차,101.57692307692308,2025
134,토,5,하차,1.7307692307692308,2025
134,토,6,승차,118.96153846153847,2025
134,토,6,하차,407.71153846153845,2025
134,토,7,승차,295.46153846153845,2025
134,토,7,하차,527.6730769230769,2025
134,토,8,승차,488.71153846153845,2025
134,토,8,하차,687.7115384615385,2025
134,토,9,승차,678.2307692307693,2025
134,토,9,하차,886.9423076923077,2025
134,토,10,승차,958.5,2025
134,토,10,하차,965.5576923076923,2025
134,토,11,승차,1176.4423076923076,2025
134,토,11,하차,913.0,2025
134,토,12,승차,1183.0384615384614,2025
134,토,12,하차,767.25,2025
134,토,13,승차,1070.5384615384614,2025
134,토,13,하차,839.9615384615385,2025
134,토,14,승차,1035.1346153846155,2025
134,토,14,하차,801.3461538461538,2025
134,토,15,승차,1051.6346153846155,2025
134,토,15,하차,790.3653846153846,2025
134,토,16,승차,976.9038461538462,2025
134,토,16,하차,790.3461538461538,2025
134,토,17,승차,956.6923076923077,2025
134,토,17,하차,748.75,2025
134,토,18,승차,652.9807692307693,2025
134,토,18,하차,586.7692307692307,2025
134,토,19,승차,478.61538461538464,2025
134,토,19,하차,498.4807692307692,2025
134,토,20,승차,353.11538461538464,2025
134,토,20,하차,520.2307692307693,2025
134,토,21,승차,313.15384615384613,2025
134,토,21,하차,469.5576923076923,2025
134,토,22,승차,258.0769230769231,2025
134,토,22,하차,357.4423076923077,2025
134,토,23,승차,97.32692307692308,2025
134,토,23,하차,212.09615384615384,2025
201,일,0,승차,0.09615384615384616,2025
201,일,0,하차,84.65384615384616,2025
201,일,1,승차,0.038461538461538464,2025
201,일,1,하차,0.038461538461538464,2025
201,일,2,승차,0.0,2025
201,일,2,하차,0.0,2025
201,일,3,승차,0.0,2025
201,일,3,하차,0.0,2025
201,일,4,승차,7.3076923076923075,2025
201,일,4,하차,0.4423076923076923,2025
201,일,5,승차,118.1923076923077,2025
201,일,5,하차,1.1923076923076923,2025
201,일,6,승차,185.01923076923077,2025
201,일,6,하차,170.55769230769232,2025
201,일,7,승차,276.46153846153845,2025
201,일,7,하차,192.59615384615384,2025
201,일,8,승차,413.25,2025
201,일,8,하차,345.28846153846155,2025
201,일,9,승차,578.8269230769231,2025
201,일,9,하차,505.61538461538464,2025
201,일,10,승차,659.7692307692307,2025
201,일,10,하차,663.4807692307693,2025
201,일,11,승차,649.2884615384615,2025
201,일,11,하차,566.0576923076923,2025
201,일,12,승차,742.8461538461538,2025
201,일,12,하차,714.6538461538462,2025
201,일,13,승차,787.1923076923077,2025
201,일,13,하차,727.8076923076923,2025
201,일,14,승차,821.8653846153846,2025
201,일,14,하차,792.3461538461538,2025
201,일,15,승차,873.3461538461538,2025
201,일,15,하차,830.5,2025
201,일,16,승차,876.4230769230769,2025
201,일,16,하차,844.75,2025
201,일,17,승차,841.8076923076923,2025
201,일,17,하차,825.4807692307693,2025
201,일,18,승차,707.9423076923077,2025
201,일,18,하차,704.9230769230769,2025
201,일,19,승차,527.0384615384615,2025
201,일,19,하차,602.3076923076923,2025
201,일,20,승차,436.0576923076923,2025
201,일,20,하차,510.0,2025
201,일,21,승차,456.90384615384613,2025
201,일,21,하차,420.6730769230769,2025
201,일,22,승차,304.6730769230769,2025
201,일,22,하차,320.28846153846155,2025
201,일,23,승차,118.8076923076923,2025
201,일,23,하차,171.1346153846154,2025
201,주중,0,승차,0.19157088122605365,2025
201,주중,0,하차,116.62452107279694,2025
201,주중,1,승차,0.21455938697318008,2025
201,주중,1,하차,0.7662835249042146,2025
201,주중,2,승차,0.13409961685823754,2025
201,주중,2,하차,0.4482758620689655,2025
201,주중,3,승차,0.01532567049808429,2025
201,주중,3,하차,0.13793103448275862,2025
201,주중,4,승차,8.720306513409962,2025
201,주중,4,하차,0.5134099616858238,2025
201,주중,5,승차,194.74329501915707,2025
201,주중,5,하차,1.1264367816091954,2025
201,주중,6,승차,390.2145593869732,2025
201,주중,6,하차,291.5057471264368,2025
201,주중,7,승차,1310.3333333333333,2025
201,주중,7,하차,593.528735632184,2025
201,주중,8,승차,1602.9118773946361,2025
201,주중,8,하차,1205.1226053639846,2025
201,주중,9,승차,993.4942528735633,2025
201,주중,9,하차,847.4367816091954,2025
201,주중,10,승차,831.9808429118774,2025
201,주중,10,하차,707.360153256705,2025
201,주중,11,승차,872.9386973180077,2025
201,주중,11,하차,804.4942528735633,2025
201,주중,12,승차,914.4176245210728,2025
201,주중,12,하차,813.1034482758621,2025
201,주중,13,승차,865.5402298850574,2025
201,주중,13,하차,925.9080459770115,2025
201,주중,14,승차,883.0651340996169,2025
201,주중,14,하차,944.9578544061303,2025
201,주중,15,승차,1005.183908045977,2025
201,주중,15,하차,1048.233716475096,2025
201,주중,16,승차,1099.4904214559388,2025
201,주중,16,하차,1183.2413793103449,2025
201,주중,17,승차,1355.2107279693487,2025
201,주중,17,하차,1474.183908045977,2025
201,주중,18,승차,1287.942528735632,2025
201,주중,18,하차,1666.72030651341,2025
201,주중,19,승차,720.6934865900383,2025
201,주중,19,하차,1058.168582375479,2025
201,주중,20,승차,582.5210727969348,2025
201,주중,20,하차,672.8850574712644,2025
201,주중,21,승차,564.8582375478927,2025
201,주중,21,하차,556.1034482758621,2025
201,주중,22,승차,420.0344827586207,2025
201,주중,22,하차,479.95402298850576,2025
201,주중,23,승차,167.8697318007663,2025
201,주중,23,하차,249.904214559387,2025
201,토,0,승차,0.1346153846153846,2025
201,토,0,하차,145.76923076923077,2025
201,토,1,승차,0.46153846153846156,2025
201,토,1,하차,0.40384615384615385,2025
201,토,2,승차,0.09615384615384616,2025
201,토,2,하차,0.28846153846153844,2025
201,토,3,승차,0.07692307692307693,2025
201,토,3,하차,0.11538461538461539,2025
201,토,4,승차,10.692307692307692,2025
201,토,4,하차,0.5576923076923077,2025
201,토,5,승차,163.23076923076923,2025
201,토,5,하차,1.5,2025
201,토,6,승차,226.71153846153845,2025
201,토,6,하차,226.59615384615384,2025
201,토,7,승차,426.4423076923077,2025
201,토,7,하차,286.78846153846155,2025
201,토,8,승차,668.4615384615385,2025
201,토,8,하차,638.4230769230769,2025
201,토,9,승차,788.6538461538462,2025
201,토,9,하차,748.7115384615385,2025
201,토,10,승차,826.2115384615385,2025
201,토,10,하차,813.5769230769231,2025
201,토,11,승차,968.7692307692307,2025
201,토,11,하차,806.6346153846154,2025
201,토,12,승차,1049.7115384615386,2025
201,토,12,하차,909.3846153846154,2025
201,토,13,승차,1120.4615384615386,2025
201,토,13,하차,1033.326923076923,2025
201,토,14,승차,1057.3461538461538,2025
201,토,14,하차,960.6730769230769,2025
201,토,15,승차,1112.826923076923,2025
201,토,15,하차,937.6538461538462,2025
201,토,16,승차,1182.1346153846155,2025
201,토,16,하차,1068.0,2025
201,토,17,승차,1173.2884615384614,2025
201,토,17,하차,1100.75,2025
201,토,18,승차,991.6730769230769,2025
201,토,18,하차,933.5769230769231,2025
201,토,19,승차,662.4038461538462,2025
201,토,19,하차,745.0192307692307,2025
201,토,20,승차,547.4230769230769,2025
201,토,20,하차,663.4423076923077,2025
201,토,21,승차,545.4230769230769,2025
201,토,21,하차,606.0961538461538,2025
201,토,22,승차,404.4423076923077,2025
201,토,22,하차,461.28846153846155,2025
201,토,23,승차,173.03846153846155,2025
201,토,23,하차,280.0192307692308,2025
202,일,0,승차,1.5576923076923077,2025
202,일,0,하차,34.07692307692308,2025
202,일,1,승차,0.21153846153846154,2025
202,일,1,하차,0.3076923076923077,2025
202,일,2,승차,0.057692307692307696,2025
202,일,2,하차,0.07692307692307693,2025
202,일,3,승차,0.0,2025
202,일,3,하차,0.057692307692307696,2025
202,일,4,승차,2.173076923076923,2025
202,일,4,하차,1.25,2025
202,일,5,승차,46.61538461538461,2025
202,일,5,하차,4.5,2025
202,일,6,승차,84.98076923076923,2025
202,일,6,하차,116.98076923076923,2025
202,일,7,승차,129.15384615384616,2025
202,일,7,하차,86.15384615384616,2025
202,일,8,승차,226.5,2025
202,일,8,하차,178.6346153846154,2025
202,일,9,승차,301.28846153846155,2025
202,일,9,하차,276.71153846153845,2025
202,일,10,승차,386.1923076923077,2025
202,일,10,하차,391.2692307692308,2025
202,일,11,승차,405.0769230769231,2025
202,일,11,하차,359.90384615384613,2025
202,일,12,승차,448.2307692307692,2025
202,일,12,하차,345.59615384615387,2025
202,일,13,승차,447.0192307692308,2025
202,일,13,하차,394.25,2025
202,일,14,승차,453.90384615384613,2025
202,일,14,하차,374.59615384615387,2025
202,일,15,승차,453.63461538461536,2025
202,일,15,하차,409.0576923076923,2025
202,일,16,승차,482.28846153846155,2025
202,일,16,하차,439.5,2025
202,일,17,승차,436.2692307692308,2025
202,일,17,하차,395.86538461538464,2025
202,일,18,승차,378.5576923076923,2025
202,일,18,하차,335.3269230769231,2025
202,일,19,승차,270.9423076923077,2025
202,일,19,하차,304.6730769230769,2025
202,일,20,승차,229.98076923076923,2025
202,일,20,하차,268.5,2025
202,일,21,승차,223.98076923076923,2025
202,일,21,하차,185.3846153846154,2025
202,일,22,승차,139.65384615384616,2025
202,일,22,하차,141.5,2025
202,일,23,승차,48.09615384615385,2025
202,일,23,하차,76.88461538461539,2025
202,주중,0,승차,1.6628352490421456,2025
202,주중,0,하차,51.13793103448276,2025
202,주중,1,승차,0.19540229885057472,2025
202,주중,1,하차,0.40229885057471265,2025
202,주중,2,승차,0.09961685823754789,2025
202,주중,2,하차,0.20689655172413793,2025
202,주중,3,승차,0.019157088122605363,2025
202,주중,3,하차,0.05747126436781609,2025
202,주중,4,승차,2.264367816091954,2025
202,주중,4,하차,1.3601532567049808,2025
202,주중,5,승차,90.56704980842912,2025
202,주중,5,하차,4.67816091954023,2025
202,주중,6,승차,206.23371647509578,2025
202,주중,6,하차,173.48275862068965,2025
202,주중,7,승차,683.0689655172414,2025
202,주중,7,하차,250.8007662835249,2025
202,주중,8,승차,878.5632183908046,2025
202,주중,8,하차,630.2567049808429,2025
202,주중,9,승차,569.0613026819923,2025
202,주중,9,하차,410.96934865900386,2025
202,주중,10,승차,475.4176245210728,2025
202,주중,10,하차,406.2490421455939,2025
202,주중,11,승차,471.18390804597703,2025
202,주중,11,하차,389.5095785440613,2025
202,주중,12,승차,464.93486590038316,2025
202,주중,12,하차,423.7816091954023,2025
202,주중,13,승차,473.0,2025
202,주중,13,하차,418.5057471264368,2025
202,주중,14,승차,473.85057471264366,2025
202,주중,14,하차,473.83141762452107,2025
202,주중,15,승차,545.2375478927203,2025
202,주중,15,하차,526.4099616858238,2025
202,주중,16,승차,640.2950191570882,2025
202,주중,16,하차,627.6628352490421,2025
202,주중,17,승차,713.080459770115,2025
202,주중,17,하차,670.3793103448276,2025
202,주중,18,승차,671.8773946360153,2025
202,주중,18,하차,799.9655172413793,2025
202,주중,19,승차,362.83141762452107,2025
202,주중,19,하차,489.9425287356322,2025
202,주중,20,승차,274.20306513409963,2025
202,주중,20,하차,362.6130268199234,2025
202,주중,21,승차,236.58620689655172,2025
202,주중,21,하차,259.5977011494253,2025
202,주중,22,승차,177.67816091954023,2025
202,주중,22,하차,239.77011494252875,2025
202,주중,23,승차,58.6360153256705,2025
202,주중,23,하차,117.68582375478927,2025
202,토,0,승차,1.75,2025
202,토,0,하차,57.80769230769231,2025
202,토,1,승차,0.17307692307692307,2025
202,토,1,하차,0.09615384615384616,2025
202,토,2,승차,0.17307692307692307,2025
202,토,2,하차,0.23076923076923078,2025
202,토,3,승차,0.019230769230769232,2025
202,토,3,하차,0.17307692307692307,2025
202,토,4,승차,2.4423076923076925,2025
202,토,4,하차,1.3076923076923077,2025
202,토,5,승차,67.76923076923077,2025
202,토,5,하차,3.8846153846153846,2025
202,토,6,승차,115.23076923076923,2025
202,토,6,하차,141.51923076923077,2025
202,토,7,승차,207.71153846153845,2025
202,토,7,하차,124.11538461538461,2025
202,토,8,승차,361.8269230769231,2025
202,토,8,하차,359.5769230769231,2025
202,토,9,승차,424.03846153846155,2025
202,토,9,하차,388.78846153846155,2025
202,토,10,승차,484.59615384615387,2025
202,토,10,하차,459.63461538461536,2025
202,토,11,승차,598.6923076923077,2025
202,토,11,하차,494.61538461538464,2025
202,토,12,승차,601.1153846153846,2025
202,토,12,하차,503.63461538461536,2025
202,토,13,승차,643.4038461538462,2025
202,토,13,하차,540.6923076923077,2025
202,토,14,승차,576.7307692307693,2025
202,토,14,하차,511.7692307692308,2025
202,토,15,승차,581.4615384615385,2025
202,토,15,하차,522.8461538461538,2025
202,토,16,승차,632.6538461538462,2025
202,토,16,하차,572.2692307692307,2025
202,토,17,승차,600.0,2025
202,토,17,하차,542.8461538461538,2025
202,토,18,승차,516.8846153846154,2025
202,토,18,하차,451.0576923076923,2025
202,토,19,승차,356.34615384615387,2025
202,토,19,하차,329.65384615384613,2025
202,토,20,승차,280.0,2025
202,토,20,하차,356.8269230769231,2025
202,토,21,승차,255.59615384615384,2025
202,토,21,하차,265.96153846153845,2025
202,토,22,승차,177.82692307692307,2025
202,토,22,하차,211.03846153846155,2025
202,토,23,승차,61.17307692307692,2025
202,토,23,하차,125.51923076923077,2025
203,일,0,승차,6.269230769230769,2025
203,일,0,하차,32.46153846153846,2025
203,일,1,승차,0.0,2025
203,일,1,하차,0.0,2025
203,일,2,승차,0.0,2025
203,일,2,하차,0.0,2025
203,일,3,승차,0.038461538461538464,2025
203,일,3,하차,0.11538461538461539,2025
203,일,4,승차,4.134615384615385,2025
203,일,4,하차,0.5,2025
203,일,5,승차,86.1923076923077,2025
203,일,5,하차,9.865384615384615,2025
203,일,6,승차,114.75,2025
203,일,6,하차,263.0,2025
203,일,7,승차,213.09615384615384,2025
203,일,7,하차,278.4807692307692,2025
203,일,8,승차,344.4230769230769,2025
203,일,8,하차,442.5192307692308,2025
203,일,9,승차,509.3076923076923,2025
203,일,9,하차,686.9807692307693,2025
203,일,10,승차,766.8846153846154,2025
203,일,10,하차,783.7692307692307,2025
203,일,11,승차,1010.9230769230769,2025
203,일,11,하차,1036.2115384615386,2025
203,일,12,승차,1009.3076923076923,2025
203,일,12,하차,1042.826923076923,2025
203,일,13,승차,1049.6538461538462,2025
203,일,13,하차,1189.2692307692307,2025
203,일,14,승차,1122.5192307692307,2025
203,일,14,하차,1196.0,2025
203,일,15,승차,1258.3653846153845,2025
203,일,15,하차,1147.1538461538462,2025
203,일,16,승차,1356.8461538461538,2025
203,일,16,하차,1184.576923076923,2025
203,일,17,승차,1325.4423076923076,2025
203,일,17,하차,1077.5384615384614,2025
203,일,18,승차,1184.25,2025
203,일,18,하차,952.3653846153846,2025
203,일,19,승차,928.6538461538462,2025
203,일,19,하차,785.5,2025
203,일,20,승차,792.8461538461538,2025
203,일,20,하차,743.4230769230769,2025
203,일,21,승차,679.4807692307693,2025
203,일,21,하차,517.4807692307693,2025
203,일,22,승차,527.3846153846154,2025
203,일,22,하차,374.5769230769231,2025
203,일,23,승차,221.75,2025
203,일,23,하차,178.25,2025
203,주중,0,승차,6.567049808429119,2025
203,주중,0,하차,48.55172413793103,2025
203,주중,1,승차,0.24521072796934865,2025
203,주중,1,하차,1.8659003831417624,2025
203,주중,2,승차,0.09578544061302682,2025
203,주중,2,하차,0.39080459770114945,2025
203,주중,3,승차,0.022988505747126436,2025
203,주중,3,하차,0.09961685823754789,2025
203,주중,4,승차,3.0229885057471266,2025
203,주중,4,하차,0.5938697318007663,2025
203,주중,5,승차,109.16475095785441,2025
203,주중,5,하차,12.160919540229886,2025
203,주중,6,승차,176.183908045977,2025
203,주중,6,하차,411.3524904214559,2025
203,주중,7,승차,488.367816091954,2025
203,주중,7,하차,423.7471264367816,2025
203,주중,8,승차,720.4291187739464,2025
203,주중,8,하차,1084.1494252873563,2025
203,주중,9,승차,662.2911877394636,2025
203,주중,9,하차,773.2375478927203,2025
203,주중,10,승차,741.1034482758621,2025
203,주중,10,하차,717.9540229885057,2025
203,주중,11,승차,878.6781609195402,2025
203,주중,11,하차,788.0727969348659,2025
203,주중,12,승차,841.0727969348659,2025
203,주중,12,하차,896.8888888888889,2025
203,주중,13,승차,836.1264367816092,2025
203,주중,13,하차,946.1609195402299,2025
203,주중,14,승차,847.6206896551724,2025
203,주중,14,하차,922.735632183908,2025
203,주중,15,승차,1060.1149425287356,2025
203,주중,15,하차,1015.4789272030652,2025
203,주중,16,승차,1241.4099616858236,2025
203,주중,16,하차,1167.9578544061303,2025
203,주중,17,승차,1331.2605363984674,2025
203,주중,17,하차,1279.9003831417624,2025
203,주중,18,승차,1265.2988505747126,2025
203,주중,18,하차,1326.6015325670498,2025
203,주중,19,승차,734.9233716475096,2025
203,주중,19,하차,891.904214559387,2025
203,주중,20,승차,627.0536398467433,2025
203,주중,20,하차,737.8965517241379,2025
203,주중,21,승차,603.8812260536398,2025
203,주중,21,하차,554.9846743295019,2025
203,주중,22,승차,495.60919540229884,2025
203,주중,22,하차,464.0536398467433,2025
203,주중,23,승차,221.31034482758622,2025
203,주중,23,하차,248.5249042145594,2025
203,토,0,승차,8.557692307692308,2025
203,토,0,하차,72.42307692307692,2025
203,토,1,승차,0.11538461538461539,2025
203,토,1,하차,0.1346153846153846,2025
203,토,2,승차,0.019230769230769232,2025
203,토,2,하차,0.19230769230769232,2025
203,토,3,승차,0.0,2025
203,토,3,하차,0.057692307692307696,2025
203,토,4,승차,4.346153846153846,2025
203,토,4,하차,0.4423076923076923,2025
203,토,5,승차,91.32692307692308,2025
203,토,5,하차,12.557692307692308,2025
203,토,6,승차,120.48076923076923,2025
203,토,6,하차,371.15384615384613,2025
203,토,7,승차,243.8846153846154,2025
203,토,7,하차,330.25,2025
203,토,8,승차,427.46153846153845,2025
203,토,8,하차,617.2115384615385,2025
203,토,9,승차,617.7692307692307,2025
203,토,9,하차,807.2692307692307,2025
203,토,10,승차,863.6153846153846,2025
203,토,10,하차,909.7307692307693,2025
203,토,11,승차,1100.923076923077,2025
203,토,11,하차,1230.326923076923,2025
203,토,12,승차,1124.7115384615386,2025
203,토,12,하차,1332.6538461538462,2025
203,토,13,승차,1169.423076923077,2025
203,토,13,하차,1387.4038461538462,2025
203,토,14,승차,1170.25,2025
203,토,14,하차,1398.1153846153845,2025
203,토,15,승차,1417.1153846153845,2025
203,토,15,하차,1505.076923076923,2025
203,토,16,승차,1592.673076923077,2025
203,토,16,하차,1591.826923076923,2025
203,토,17,승차,1610.5576923076924,2025
203,토,17,하차,1588.326923076923,2025
203,토,18,승차,1476.0384615384614,2025
203,토,18,하차,1331.1346153846155,2025
203,토,19,승차,1165.9807692307693,2025
203,토,19,하차,1003.4423076923077,2025
203,토,20,승차,966.2115384615385,2025
203,토,20,하차,1112.2884615384614,2025
203,토,21,승차,873.5576923076923,2025
203,토,21,하차,869.1730769230769,2025
203,토,22,승차,707.25,2025
203,토,22,하차,665.5384615384615,2025
203,토,23,승차,330.38461538461536,2025
203,토,23,하차,383.2692307692308,2025
204,일,0,승차,2.25,2025
204,일,0,하차,19.23076923076923,2025
204,일,1,승차,0.09615384615384616,2025
204,일,1,하차,0.11538461538461539,2025
204,일,2,승차,0.09615384615384616,2025
204,일,2,하차,0.07692307692307693,2025
204,일,3,승차,0.0,2025
204,일,3,하차,0.0,2025
204,일,4,승차,2.4423076923076925,2025
204,일,4,하차,0.21153846153846154,2025
204,일,5,승차,39.15384615384615,2025
204,일,5,하차,7.288461538461538,2025
204,일,6,승차,71.17307692307692,2025
204,일,6,하차,130.5,2025
204,일,7,승차,111.84615384615384,2025
204,일,7,하차,109.84615384615384,2025
204,일,8,승차,176.69230769230768,2025
204,일,8,하차,160.46153846153845,2025
204,일,9,승차,252.05769230769232,2025
204,일,9,하차,244.73076923076923,2025
204,일,10,승차,345.90384615384613,2025
204,일,10,하차,280.61538461538464,2025
204,일,11,승차,357.3269230769231,2025
204,일,11,하차,265.4423076923077,2025
204,일,12,승차,389.3269230769231,2025
204,일,12,하차,317.8269230769231,2025
204,일,13,승차,376.1923076923077,2025
204,일,13,하차,332.4423076923077,2025
204,일,14,승차,381.0,2025
204,일,14,하차,385.75,2025
204,일,15,승차,383.21153846153845,2025
204,일,15,하차,375.6730769230769,2025
204,일,16,승차,392.1730769230769,2025
204,일,16,하차,427.53846153846155,2025
204,일,17,승차,330.0,2025
204,일,17,하차,404.21153846153845,2025
204,일,18,승차,290.6730769230769,2025
204,일,18,하차,385.25,2025
204,일,19,승차,208.34615384615384,2025
204,일,19,하차,290.4807692307692,2025
204,일,20,승차,180.44230769230768,2025
204,일,20,하차,245.75,2025
204,일,21,승차,174.6346153846154,2025
204,일,21,하차,192.09615384615384,2025
204,일,22,승차,128.17307692307693,2025
204,일,22,하차,129.57692307692307,2025
204,일,23,승차,46.88461538461539,2025
204,일,23,하차,82.21153846153847,2025
204,주중,0,승차,3.6015325670498086,2025
204,주중,0,하차,26.35249042145594,2025
204,주중,1,승차,0.42911877394636017,2025
204,주중,1,하차,0.45977011494252873,2025
204,주중,2,승차,0.3065134099616858,2025
204,주중,2,하차,0.41762452107279696,2025
204,주중,3,승차,0.019157088122605363,2025
204,주중,3,하차,0.04597701149425287,2025
204,주중,4,승차,2.532567049808429,2025
204,주중,4,하차,0.19923371647509577,2025
204,주중,5,승차,73.69731800766283,2025
204,주중,5,하차,8.50191570881226,2025
204,주중,6,승차,165.93103448275863,2025
204,주중,6,하차,207.7969348659004,2025
204,주중,7,승차,525.8582375478927,2025
204,주중,7,하차,303.86590038314176,2025
204,주중,8,승차,741.4559386973181,2025
204,주중,8,하차,636.2567049808429,2025
204,주중,9,승차,515.6858237547892,2025
204,주중,9,하차,366.20306513409963,2025
204,주중,10,승차,419.85057471264366,2025
204,주중,10,하차,291.04214559386975,2025
204,주중,11,승차,415.3639846743295,2025
204,주중,11,하차,355.6704980842912,2025
204,주중,12,승차,391.8773946360153,2025
204,주중,12,하차,367.04597701149424,2025
204,주중,13,승차,420.31800766283527,2025
204,주중,13,하차,426.27969348659,2025
204,주중,14,승차,408.02298850574715,2025
204,주중,14,하차,395.1992337164751,2025
204,주중,15,승차,468.84674329501917,2025
204,주중,15,하차,491.06130268199234,2025
204,주중,16,승차,549.8773946360153,2025
204,주중,16,하차,559.44061302682,2025
204,주중,17,승차,597.6015325670498,2025
204,주중,17,하차,719.1685823754789,2025
204,주중,18,승차,606.4176245210728,2025
204,주중,18,하차,802.7011494252873,2025
204,주중,19,승차,297.4214559386973,2025
204,주중,19,하차,473.72030651341,2025
204,주중,20,승차,213.26053639846742,2025
204,주중,20,하차,324.3448275862069,2025
204,주중,21,승차,204.24137931034483,2025
204,주중,21,하차,293.17241379310343,2025
204,주중,22,승차,144.40613026819923,2025
204,주중,22,하차,208.28735632183907,2025
204,주중,23,승차,55.97318007662835,2025
204,주중,23,하차,122.40229885057471,2025
204,토,0,승차,3.673076923076923,2025
204,토,0,하차,29.846153846153847,2025
204,토,1,승차,0.2692307692307692,2025
204,토,1,하차,0.3076923076923077,2025
204,토,2,승차,0.17307692307692307,2025
204,토,2,하차,0.36538461538461536,2025
204,토,3,승차,0.019230769230769232,2025
204,토,3,하차,0.019230769230769232,2025
204,토,4,승차,2.673076923076923,2025
204,토,4,하차,0.36538461538461536,2025
204,토,5,승차,54.69230769230769,2025
204,토,5,하차,8.134615384615385,2025
204,토,6,승차,94.15384615384616,2025
204,토,6,하차,174.46153846153845,2025
204,토,7,승차,186.3846153846154,2025
204,토,7,하차,159.25,2025
204,토,8,승차,351.78846153846155,2025
204,토,8,하차,272.0576923076923,2025
204,토,9,승차,383.9807692307692,2025
204,토,9,하차,338.9423076923077,2025
204,토,10,승차,414.0576923076923,2025
204,토,10,하차,346.8076923076923,2025
204,토,11,승차,502.7307692307692,2025
204,토,11,하차,406.03846153846155,2025
204,토,12,승차,526.3461538461538,2025
204,토,12,하차,468.7692307692308,2025
204,토,13,승차,512.0,2025
204,토,13,하차,515.0961538461538,2025
204,토,14,승차,490.46153846153845,2025
204,토,14,하차,499.7692307692308,2025
204,토,15,승차,497.61538461538464,2025
204,토,15,하차,505.75,2025
204,토,16,승차,532.6153846153846,2025
204,토,16,하차,589.4807692307693,2025
204,토,17,승차,493.0769230769231,2025
204,토,17,하차,605.8269230769231,2025
204,토,18,승차,400.8269230769231,2025
204,토,18,하차,549.6730769230769,2025
204,토,19,승차,299.7692307692308,2025
204,토,19,하차,397.15384615384613,2025
204,토,20,승차,304.4230769230769,2025
204,토,20,하차,317.88461538461536,2025
204,토,21,승차,249.40384615384616,2025
204,토,21,하차,277.96153846153845,2025
204,토,22,승차,183.73076923076923,2025
204,토,22,하차,182.40384615384616,2025
204,토,23,승차,71.57692307692308,2025
204,토,23,하차,130.07692307692307,2025
205,일,0,승차,4.038461538461538,2025
205,일,0,하차,16.923076923076923,2025
205,일,1,승차,0.038461538461538464,2025
205,일,1,하차,0.038461538461538464,2025
205,일,2,승차,0.0,2025
205,일,2,하차,0.0,2025
205,일,3,승차,0.0,2025
205,일,3,하차,0.0,2025
205,일,4,승차,0.3269230769230769,2025
205,일,4,하차,0.07692307692307693,2025
205,일,5,승차,35.11538461538461,2025
205,일,5,하차,19.057692307692307,2025
205,일,6,승차,147.82692307692307,2025
205,일,6,하차,231.65384615384616,2025
205,일,7,승차,172.3653846153846,2025
205,일,7,하차,248.90384615384616,2025
205,일,8,승차,365.5576923076923,2025
205,일,8,하차,626.0192307692307,2025
205,일,9,승차,478.5192307692308,2025
205,일,9,하차,504.25,2025
205,일,10,승차,842.1153846153846,2025
205,일,10,하차,1080.3461538461538,2025
205,일,11,승차,615.8653846153846,2025
205,일,11,하차,606.25,2025
205,일,12,승차,1118.75,2025
205,일,12,하차,829.3269230769231,2025
205,일,13,승차,728.0576923076923,2025
205,일,13,하차,599.3653846153846,2025
205,일,14,승차,977.4230769230769,2025
205,일,14,하차,717.5769230769231,2025
205,일,15,승차,743.3269230769231,2025
205,일,15,하차,694.5961538461538,2025
205,일,16,승차,830.25,2025
205,일,16,하차,674.5384615384615,2025
205,일,17,승차,701.25,2025
205,일,17,하차,556.75,2025
205,일,18,승차,515.6153846153846,2025
205,일,18,하차,485.71153846153845,2025
205,일,19,승차,511.21153846153845,2025
205,일,19,하차,409.88461538461536,2025
205,일,20,승차,356.3269230769231,2025
205,일,20,하차,360.40384615384613,2025
205,일,21,승차,262.9423076923077,2025
205,일,21,하차,297.11538461538464,2025
205,일,22,승차,138.03846153846155,2025
205,일,22,하차,192.17307692307693,2025
205,일,23,승차,47.46153846153846,2025
205,일,23,하차,98.51923076923077,2025
205,주중,0,승차,6.957854406130268,2025
205,주중,0,하차,25.126436781609197,2025
205,주중,1,승차,0.3831417624521073,2025
205,주중,1,하차,0.5095785440613027,2025
205,주중,2,승차,0.29118773946360155,2025
205,주중,2,하차,0.5325670498084292,2025
205,주중,3,승차,0.12643678160919541,2025
205,주중,3,하차,0.1532567049808429,2025
205,주중,4,승차,0.48659003831417624,2025
205,주중,4,하차,0.24521072796934865,2025
205,주중,5,승차,68.84291187739464,2025
205,주중,5,하차,34.689655172413794,2025
205,주중,6,승차,322.911877394636,2025
205,주중,6,하차,313.35632183908046,2025
205,주중,7,승차,774.9348659003831,2025
205,주중,7,하차,498.5057471264368,2025
205,주중,8,승차,1205.0114942528735,2025
205,주중,8,하차,817.8582375478927,2025
205,주중,9,승차,877.7126436781609,2025
205,주중,9,하차,606.4214559386974,2025
205,주중,10,승차,663.8199233716475,2025
205,주중,10,하차,550.639846743295,2025
205,주중,11,승차,640.6513409961685,2025
205,주중,11,하차,534.7892720306513,2025
205,주중,12,승차,730.8122605363984,2025
205,주중,12,하차,572.4980842911878,2025
205,주중,13,승차,695.6628352490421,2025
205,주중,13,하차,567.2145593869732,2025
205,주중,14,승차,665.9463601532567,2025
205,주중,14,하차,606.0498084291188,2025
205,주중,15,승차,705.2605363984675,2025
205,주중,15,하차,670.3026819923372,2025
205,주중,16,승차,873.904214559387,2025
205,주중,16,하차,804.5057471264367,2025
205,주중,17,승차,869.5708812260536,2025
205,주중,17,하차,838.6513409961685,2025
205,주중,18,승차,901.1226053639847,2025
205,주중,18,하차,1027.544061302682,2025
205,주중,19,승차,405.37164750957857,2025
205,주중,19,하차,563.3371647509579,2025
205,주중,20,승차,269.0727969348659,2025
205,주중,20,하차,433.53256704980845,2025
205,주중,21,승차,215.8582375478927,2025
205,주중,21,하차,389.7241379310345,2025
205,주중,22,승차,134.88122605363984,2025
205,주중,22,하차,279.2260536398467,2025
205,주중,23,승차,86.40229885057471,2025
205,주중,23,하차,152.48659003831418,2025
205,토,0,승차,6.0576923076923075,2025
205,토,0,하차,29.28846153846154,2025
205,토,1,승차,0.09615384615384616,2025
205,토,1,하차,0.07692307692307693,2025
205,토,2,승차,0.057692307692307696,2025
205,토,2,하차,0.09615384615384616,2025
205,토,3,승차,0.0,2025
205,토,3,하차,0.057692307692307696,2025
205,토,4,승차,0.5961538461538461,2025
205,토,4,하차,0.19230769230769232,2025
205,토,5,승차,50.92307692307692,2025
205,토,5,하차,20.846153846153847,2025
205,토,6,승차,196.90384615384616,2025
205,토,6,하차,211.94230769230768,2025
205,토,7,승차,274.88461538461536,2025
205,토,7,하차,255.92307692307693,2025
205,토,8,승차,479.2692307692308,2025
205,토,8,하차,475.21153846153845,2025
205,토,9,승차,656.4230769230769,2025
205,토,9,하차,528.1153846153846,2025
205,토,10,승차,663.5192307692307,2025
205,토,10,하차,617.2115384615385,2025
205,토,11,승차,817.1923076923077,2025
205,토,11,하차,677.3269230769231,2025
205,토,12,승차,881.8461538461538,2025
205,토,12,하차,725.3269230769231,2025
205,토,13,승차,790.6538461538462,2025
205,토,13,하차,770.0192307692307,2025
205,토,14,승차,819.1153846153846,2025
205,토,14,하차,721.1346153846154,2025
205,토,15,승차,793.1346153846154,2025
205,토,15,하차,730.6923076923077,2025
205,토,16,승차,883.2115384615385,2025
205,토,16,하차,769.3846153846154,2025
205,토,17,승차,965.9807692307693,2025
205,토,17,하차,683.6538461538462,2025
205,토,18,승차,662.6346153846154,2025
205,토,18,하차,552.0576923076923,2025
205,토,19,승차,399.5576923076923,2025
205,토,19,하차,451.0769230769231,2025
205,토,20,승차,349.2307692307692,2025
205,토,20,하차,498.86538461538464,2025
205,토,21,승차,259.88461538461536,2025
205,토,21,하차,464.0,2025
205,토,22,승차,165.1346153846154,2025
205,토,22,하차,325.21153846153845,2025
205,토,23,승차,76.36538461538461,2025
205,토,23,하차,185.05769230769232,2025
206,일,0,승차,4.596153846153846,2025
206,일,0,하차,17.557692307692307,2025
206,일,1,승차,0.0,2025
206,일,1,하차,0.11538461538461539,2025
206,일,2,승차,0.17307692307692307,2025
206,일,2,하차,0.09615384615384616,2025
206,일,3,승차,0.0,2025
206,일,3,하차,0.0,2025
206,일,4,승차,1.4423076923076923,2025
206,일,4,하차,0.8461538461538461,2025
206,일,5,승차,21.557692307692307,2025
206,일,5,하차,9.461538461538462,2025
206,일,6,승차,63.69230769230769,2025
206,일,6,하차,162.01923076923077,2025
206,일,7,승차,83.3076923076923,2025
206,일,7,하차,340.6730769230769,2025
206,일,8,승차,158.92307692307693,2025
206,일,8,하차,694.2884615384615,2025
206,일,9,승차,241.48076923076923,2025
206,일,9,하차,1456.1346153846155,2025
206,일,10,승차,394.5192307692308,2025
206,일,10,하차,1637.326923076923,2025
206,일,11,승차,607.5192307692307,2025
206,일,11,하차,1895.7307692307693,2025
206,일,12,승차,867.4807692307693,2025
206,일,12,하차,1736.5384615384614,2025
206,일,13,승차,1184.7692307692307,2025
206,일,13,하차,1889.1346153846155,2025
206,일,14,승차,1523.2884615384614,2025
206,일,14,하차,1659.9807692307693,2025
206,일,15,승차,1861.923076923077,2025
206,일,15,하차,1649.7115384615386,2025
206,일,16,승차,2157.25,2025
206,일,16,하차,1403.576923076923,2025
206,일,17,승차,2074.076923076923,2025
206,일,17,하차,1082.9038461538462,2025
206,일,18,승차,1925.6346153846155,2025
206,일,18,하차,811.0,2025
206,일,19,승차,1750.826923076923,2025
206,일,19,하차,580.4038461538462,2025
206,일,20,승차,2080.1923076923076,2025
206,일,20,하차,334.11538461538464,2025
206,일,21,승차,818.1538461538462,2025
206,일,21,하차,226.51923076923077,2025
206,일,22,승차,451.0,2025
206,일,22,하차,171.76923076923077,2025
206,일,23,승차,125.13461538461539,2025
206,일,23,하차,81.13461538461539,2025
206,주중,0,승차,6.318007662835249,2025
206,주중,0,하차,25.06513409961686,2025
206,주중,1,승차,0.4099616858237548,2025
206,주중,1,하차,0.8697318007662835,2025
206,주중,2,승차,0.37547892720306514,2025
206,주중,2,하차,0.4559386973180077,2025
206,주중,3,승차,0.07279693486590039,2025
206,주중,3,하차,0.15708812260536398,2025
206,주중,4,승차,1.6628352490421456,2025
206,주중,4,하차,1.1762452107279693,2025
206,주중,5,승차,37.39846743295019,2025
206,주중,5,하차,17.195402298850574,2025
206,주중,6,승차,127.29885057471265,2025
206,주중,6,하차,258.7164750957854,2025
206,주중,7,승차,427.53256704980845,2025
206,주중,7,하차,801.1340996168583,2025
206,주중,8,승차,719.7969348659004,2025
206,주중,8,하차,3081.114942528736,2025
206,주중,9,승차,485.30268199233717,2025
206,주중,9,하차,2383.5938697318006,2025
206,주중,10,승차,477.7011494252874,2025
206,주중,10,하차,1459.4750957854405,2025
206,주중,11,승차,709.5785440613026,2025
206,주중,11,하차,1294.2528735632184,2025
206,주중,12,승차,900.5325670498084,2025
206,주중,12,하차,1317.9578544061303,2025
206,주중,13,승차,1010.2107279693487,2025
206,주중,13,하차,1283.176245210728,2025
206,주중,14,승차,1224.6704980842912,2025
206,주중,14,하차,1332.5593869731802,2025
206,주중,15,승차,1520.9616858237548,2025
206,주중,15,하차,1265.8735632183907,2025
206,주중,16,승차,1792.0881226053639,2025
206,주중,16,하차,1343.095785440613,2025
206,주중,17,승차,2396.390804597701,2025
206,주중,17,하차,1453.057471264368,2025
206,주중,18,승차,3495.67816091954,2025
206,주중,18,하차,1428.3946360153257,2025
206,주중,19,승차,1902.1724137931035,2025
206,주중,19,하차,708.9463601532567,2025
206,주중,20,승차,1801.1954022988505,2025
206,주중,20,하차,382.0191570881226,2025
206,주중,21,승차,831.9616858237548,2025
206,주중,21,하차,288.7509578544061,2025
206,주중,22,승차,580.6513409961685,2025
206,주중,22,하차,239.904214559387,2025
206,주중,23,승차,180.9272030651341,2025
206,주중,23,하차,107.85823754789271,2025
206,토,0,승차,8.826923076923077,2025
206,토,0,하차,32.94230769230769,2025
206,토,1,승차,0.09615384615384616,2025
206,토,1,하차,0.17307692307692307,2025
206,토,2,승차,0.15384615384615385,2025
206,토,2,하차,0.11538461538461539,2025
206,토,3,승차,0.0,2025
206,토,3,하차,0.0,2025
206,토,4,승차,1.2115384615384615,2025
206,토,4,하차,0.8269230769230769,2025
206,토,5,승차,30.846153846153847,2025
206,토,5,하차,11.5,2025
206,토,6,승차,78.65384615384616,2025
206,토,6,하차,211.3653846153846,2025
206,토,7,승차,149.25,2025
206,토,7,하차,356.21153846153845,2025
206,토,8,승차,309.09615384615387,2025
206,토,8,하차,965.2307692307693,2025
206,토,9,승차,355.53846153846155,2025
206,토,9,하차,2013.673076923077,2025
206,토,10,승차,494.1923076923077,2025
206,토,10,하차,2086.903846153846,2025
206,토,11,승차,851.7692307692307,2025
206,토,11,하차,2433.403846153846,2025
206,토,12,승차,1242.6923076923076,2025
206,토,12,하차,2355.980769230769,2025
206,토,13,승차,1545.6153846153845,2025
206,토,13,하차,2538.7884615384614,2025
206,토,14,승차,1945.6346153846155,2025
206,토,14,하차,2293.096153846154,2025
206,토,15,승차,2483.0,2025
206,토,15,하차,2102.5384615384614,2025
206,토,16,승차,2900.0384615384614,2025
206,토,16,하차,1973.8846153846155,2025
206,토,17,승차,2921.980769230769,2025
206,토,17,하차,1596.9615384615386,2025
206,토,18,승차,2667.769230769231,2025
206,토,18,하차,1203.423076923077,2025
206,토,19,승차,2140.9423076923076,2025
206,토,19,하차,687.0576923076923,2025
206,토,20,승차,2613.8653846153848,2025
206,토,20,하차,477.5,2025
206,토,21,승차,1090.9615384615386,2025
206,토,21,하차,346.03846153846155,2025
206,토,22,승차,669.6923076923077,2025
206,토,22,하차,278.28846153846155,2025
206,토,23,승차,249.19230769230768,2025
206,토,23,하차,143.23076923076923,2025
207,일,0,승차,1.6538461538461537,2025
207,일,0,하차,10.75,2025
207,일,1,승차,0.09615384615384616,2025
207,일,1,하차,0.09615384615384616,2025
207,일,2,승차,0.07692307692307693,2025
207,일,2,하차,0.1346153846153846,2025
207,일,3,승차,0.0,2025
207,일,3,하차,0.0,2025
207,일,4,승차,0.9615384615384616,2025
207,일,4,하차,0.5,2025
207,일,5,승차,26.653846153846153,2025
207,일,5,하차,4.076923076923077,2025
207,일,6,승차,63.71153846153846,2025
207,일,6,하차,33.19230769230769,2025
207,일,7,승차,80.5576923076923,2025
207,일,7,하차,31.25,2025
207,일,8,승차,142.25,2025
207,일,8,하차,53.73076923076923,2025
207,일,9,승차,181.71153846153845,2025
207,일,9,하차,89.01923076923077,2025
207,일,10,승차,224.76923076923077,2025
207,일,10,하차,111.90384615384616,2025
207,일,11,승차,198.19230769230768,2025
207,일,11,하차,140.1153846153846,2025
207,일,12,승차,191.6346153846154,2025
207,일,12,하차,164.3846153846154,2025
207,일,13,승차,187.67307692307693,2025
207,일,13,하차,166.07692307692307,2025
207,일,14,승차,186.73076923076923,2025
207,일,14,하차,201.42307692307693,2025
207,일,15,승차,179.92307692307693,2025
207,일,15,하차,199.19230769230768,2025
207,일,16,승차,183.17307692307693,2025
207,일,16,하차,237.92307692307693,2025
207,일,17,승차,160.65384615384616,2025
207,일,17,하차,221.17307692307693,2025
207,일,18,승차,125.67307692307692,2025
207,일,18,하차,207.19230769230768,2025
207,일,19,승차,94.63461538461539,2025
207,일,19,하차,157.94230769230768,2025
207,일,20,승차,73.8076923076923,2025
207,일,20,하차,133.1346153846154,2025
207,일,21,승차,57.96153846153846,2025
207,일,21,하차,100.65384615384616,2025
207,일,22,승차,42.46153846153846,2025
207,일,22,하차,87.84615384615384,2025
207,일,23,승차,17.423076923076923,2025
207,일,23,하차,37.84615384615385,2025
207,주중,0,승차,2.8773946360153255,2025
207,주중,0,하차,15.547892720306514,2025
207,주중,1,승차,0.5057471264367817,2025
207,주중,1,하차,0.4904214559386973,2025
207,주중,2,승차,0.12260536398467432,2025
207,주중,2,하차,0.5134099616858238,2025
207,주중,3,승차,0.038314176245210725,2025
207,주중,3,하차,0.09195402298850575,2025
207,주중,4,승차,1.1647509578544062,2025
207,주중,4,하차,0.8659003831417624,2025
207,주중,5,승차,53.83524904214559,2025
207,주중,5,하차,6.486590038314176,2025
207,주중,6,승차,125.48275862068965,2025
207,주중,6,하차,47.97318007662835,2025
207,주중,7,승차,402.3984674329502,2025
207,주중,7,하차,93.90038314176245,2025
207,주중,8,승차,597.7126436781609,2025
207,주중,8,하차,173.911877394636,2025
207,주중,9,승차,333.92337164750955,2025
207,주중,9,하차,154.24521072796935,2025
207,주중,10,승차,242.09961685823754,2025
207,주중,10,하차,127.71647509578544,2025
207,주중,11,승차,240.1494252873563,2025
207,주중,11,하차,174.0536398467433,2025
207,주중,12,승차,215.5823754789272,2025
207,주중,12,하차,199.00766283524905,2025
207,주중,13,승차,223.64367816091954,2025
207,주중,13,하차,199.639846743295,2025
207,주중,14,승차,205.904214559387,2025
207,주중,14,하차,200.40613026819923,2025
207,주중,15,승차,206.93103448275863,2025
207,주중,15,하차,294.2183908045977,2025
207,주중,16,승차,234.93486590038313,2025
207,주중,16,하차,337.8735632183908,2025
207,주중,17,승차,246.4022988505747,2025
207,주중,17,하차,403.37547892720306,2025
207,주중,18,승차,244.38697318007664,2025
207,주중,18,하차,502.37164750957857,2025
207,주중,19,승차,117.52873563218391,2025
207,주중,19,하차,271.36015325670496,2025
207,주중,20,승차,92.79310344827586,2025
207,주중,20,하차,180.07662835249042,2025
207,주중,21,승차,71.8544061302682,2025
207,주중,21,하차,157.62452107279694,2025
207,주중,22,승차,52.30651340996169,2025
207,주중,22,하차,135.57088122605364,2025
207,주중,23,승차,25.042145593869733,2025
207,주중,23,하차,61.70498084291188,2025
207,토,0,승차,2.5961538461538463,2025
207,토,0,하차,17.0,2025
207,토,1,승차,0.3076923076923077,2025
207,토,1,하차,0.38461538461538464,2025
207,토,2,승차,0.11538461538461539,2025
207,토,2,하차,0.34615384615384615,2025
207,토,3,승차,0.0,2025
207,토,3,하차,0.0,2025
207,토,4,승차,1.0384615384615385,2025
207,토,4,하차,0.7307692307692307,2025
207,토,5,승차,44.07692307692308,2025
207,토,5,하차,4.673076923076923,2025
207,토,6,승차,74.26923076923077,2025
207,토,6,하차,40.96153846153846,2025
207,토,7,승차,133.67307692307693,2025
207,토,7,하차,48.75,2025
207,토,8,승차,219.8653846153846,2025
207,토,8,하차,82.32692307692308,2025
207,토,9,승차,244.28846153846155,2025
207,토,9,하차,131.28846153846155,2025
207,토,10,승차,245.17307692307693,2025
207,토,10,하차,147.1346153846154,2025
207,토,11,승차,279.86538461538464,2025
207,토,11,하차,195.15384615384616,2025
207,토,12,승차,273.11538461538464,2025
207,토,12,하차,222.09615384615384,2025
207,토,13,승차,247.19230769230768,2025
207,토,13,하차,247.44230769230768,2025
207,토,14,승차,237.73076923076923,2025
207,토,14,하차,251.0,2025
207,토,15,승차,227.26923076923077,2025
207,토,15,하차,268.1923076923077,2025
207,토,16,승차,257.3076923076923,2025
207,토,16,하차,323.53846153846155,2025
207,토,17,승차,246.57692307692307,2025
207,토,17,하차,331.13461538461536,2025
207,토,18,승차,183.46153846153845,2025
207,토,18,하차,288.63461538461536,2025
207,토,19,승차,119.53846153846153,2025
207,토,19,하차,200.3846153846154,2025
207,토,20,승차,125.38461538461539,2025
207,토,20,하차,184.0,2025
207,토,21,승차,118.75,2025
207,토,21,하차,139.17307692307693,2025
207,토,22,승차,77.28846153846153,2025
207,토,22,하차,122.40384615384616,2025
207,토,23,승차,35.65384615384615,2025
207,토,23,하차,62.67307692307692,2025
208,일,0,승차,6.596153846153846,2025
208,일,0,하차,63.03846153846154,2025
208,일,1,승차,0.38461538461538464,2025
208,일,1,하차,0.40384615384615385,2025
208,일,2,승차,0.2692307692307692,2025
208,일,2,하차,0.2692307692307692,2025
208,일,3,승차,0.11538461538461539,2025
208,일,3,하차,0.17307692307692307,2025
208,일,4,승차,7.6923076923076925,2025
208,일,4,하차,3.6538461538461537,2025
208,일,5,승차,180.25,2025
208,일,5,하차,36.78846153846154,2025
208,일,6,승차,225.6153846153846,2025
208,일,6,하차,141.67307692307693,2025
208,일,7,승차,291.2307692307692,2025
208,일,7,하차,145.17307692307693,2025
208,일,8,승차,511.84615384615387,2025
208,일,8,하차,278.5769230769231,2025
208,일,9,승차,728.6346153846154,2025
208,일,9,하차,374.6730769230769,2025
208,일,10,승차,746.1730769230769,2025
208,일,10,하차,490.7307692307692,2025
208,일,11,승차,751.6923076923077,2025
208,일,11,하차,603.8269230769231,2025
208,일,12,승차,814.1730769230769,2025
208,일,12,하차,564.1153846153846,2025
208,일,13,승차,817.1153846153846,2025
208,일,13,하차,633.3653846153846,2025
208,일,14,승차,806.3076923076923,2025
208,일,14,하차,672.9615384615385,2025
208,일,15,승차,696.6923076923077,2025
208,일,15,하차,758.6538461538462,2025
208,일,16,승차,718.5384615384615,2025
208,일,16,하차,856.1153846153846,2025
208,일,17,승차,640.5192307692307,2025
208,일,17,하차,830.6730769230769,2025
208,일,18,승차,526.1346153846154,2025
208,일,18,하차,802.3269230769231,2025
208,일,19,승차,441.63461538461536,2025
208,일,19,하차,693.4038461538462,2025
208,일,20,승차,371.84615384615387,2025
208,일,20,하차,572.2884615384615,2025
208,일,21,승차,326.71153846153845,2025
208,일,21,하차,524.6153846153846,2025
208,일,22,승차,250.75,2025
208,일,22,하차,356.1730769230769,2025
208,일,23,승차,142.01923076923077,2025
208,일,23,하차,194.80769230769232,2025
208,주중,0,승차,10.022988505747126,2025
208,주중,0,하차,85.9272030651341,2025
208,주중,1,승차,0.7701149425287356,2025
208,주중,1,하차,0.7509578544061303,2025
208,주중,2,승차,0.5708812260536399,2025
208,주중,2,하차,0.7662835249042146,2025
208,주중,3,승차,0.2988505747126437,2025
208,주중,3,하차,0.45977011494252873,2025
208,주중,4,승차,11.091954022988507,2025
208,주중,4,하차,3.942528735632184,2025
208,주중,5,승차,290.5632183908046,2025
208,주중,5,하차,54.96168582375479,2025
208,주중,6,승차,465.48659003831415,2025
208,주중,6,하차,206.80842911877394,2025
208,주중,7,승차,1104.7701149425288,2025
208,주중,7,하차,379.3524904214559,2025
208,주중,8,승차,2118.44061302682,2025
208,주중,8,하차,1304.1072796934866,2025
208,주중,9,승차,1248.7854406130268,2025
208,주중,9,하차,884.1187739463602,2025
208,주중,10,승차,1004.0191570881226,2025
208,주중,10,하차,809.3103448275862,2025
208,주중,11,승차,1033.5249042145595,2025
208,주중,11,하차,826.8275862068965,2025
208,주중,12,승차,1029.1149425287356,2025
208,주중,12,하차,896.5095785440614,2025
208,주중,13,승차,1046.896551724138,2025
208,주중,13,하차,978.1187739463602,2025
208,주중,14,승차,997.4444444444445,2025
208,주중,14,하차,936.0268199233717,2025
208,주중,15,승차,1014.7203065134099,2025
208,주중,15,하차,1044.632183908046,2025
208,주중,16,승차,1044.183908045977,2025
208,주중,16,하차,1201.0191570881227,2025
208,주중,17,승차,1251.4061302681991,2025
208,주중,17,하차,1556.5134099616857,2025
208,주중,18,승차,1151.0536398467434,2025
208,주중,18,하차,2128.2030651340997,2025
208,주중,19,승차,625.1954022988506,2025
208,주중,19,하차,1092.3141762452108,2025
208,주중,20,승차,497.7586206896552,2025
208,주중,20,하차,738.1226053639847,2025
208,주중,21,승차,434.7011494252874,2025
208,주중,21,하차,616.8199233716475,2025
208,주중,22,승차,340.1264367816092,2025
208,주중,22,하차,466.2911877394636,2025
208,주중,23,승차,194.7624521072797,2025
208,주중,23,하차,275.5095785440613,2025
208,토,0,승차,9.326923076923077,2025
208,토,0,하차,112.0576923076923,2025
208,토,1,승차,0.7115384615384616,2025
208,토,1,하차,0.6730769230769231,2025
208,토,2,승차,0.40384615384615385,2025
208,토,2,하차,0.6538461538461539,2025
208,토,3,승차,0.36538461538461536,2025
208,토,3,하차,0.5192307692307693,2025
208,토,4,승차,11.615384615384615,2025
208,토,4,하차,3.923076923076923,2025
208,토,5,승차,258.61538461538464,2025
208,토,5,하차,49.23076923076923,2025
208,토,6,승차,308.13461538461536,2025
208,토,6,하차,168.3653846153846,2025
208,토,7,승차,463.59615384615387,2025
208,토,7,하차,210.3653846153846,2025
208,토,8,승차,827.9807692307693,2025
208,토,8,하차,604.3653846153846,2025
208,토,9,승차,961.6730769230769,2025
208,토,9,하차,641.5192307692307,2025
208,토,10,승차,953.0384615384615,2025
208,토,10,하차,646.7692307692307,2025
208,토,11,승차,1057.7307692307693,2025
208,토,11,하차,871.3269230769231,2025
208,토,12,승차,1140.3076923076924,2025
208,토,12,하차,900.5,2025
208,토,13,승차,1175.1153846153845,2025
208,토,13,하차,919.4230769230769,2025
208,토,14,승차,987.0576923076923,2025
208,토,14,하차,860.7692307692307,2025
208,토,15,승차,900.5192307692307,2025
208,토,15,하차,984.7884615384615,2025
208,토,16,승차,931.7307692307693,2025
208,토,16,하차,1208.8653846153845,2025
208,토,17,승차,913.9615384615385,2025
208,토,17,하차,1340.5192307692307,2025
208,토,18,승차,744.1346153846154,2025
208,토,18,하차,1182.0384615384614,2025
208,토,19,승차,611.6538461538462,2025
208,토,19,하차,835.3461538461538,2025
208,토,20,승차,666.4423076923077,2025
208,토,20,하차,701.0384615384615,2025
208,토,21,승차,659.9038461538462,2025
208,토,21,하차,636.0192307692307,2025
208,토,22,승차,461.0769230769231,2025
208,토,22,하차,450.53846153846155,2025
208,토,23,승차,263.46153846153845,2025
208,토,23,하차,303.1923076923077,2025
209,일,0,승차,8.615384615384615,2025
209,일,0,하차,52.15384615384615,2025
209,일,1,승차,1.1538461538461537,2025
209,일,1,하차,0.6538461538461539,2025
209,일,2,승차,0.057692307692307696,2025
209,일,2,하차,4.230769230769231,2025
209,일,3,승차,0.019230769230769232,2025
209,일,3,하차,0.4423076923076923,2025
209,일,4,승차,4.288461538461538,2025
209,일,4,하차,0.2692307692307692,2025
209,일,5,승차,83.15384615384616,2025
209,일,5,하차,26.98076923076923,2025
209,일,6,승차,124.01923076923077,2025
209,일,6,하차,88.71153846153847,2025
209,일,7,승차,184.82692307692307,2025
209,일,7,하차,92.0576923076923,2025
209,일,8,승차,304.78846153846155,2025
209,일,8,하차,167.15384615384616,2025
209,일,9,승차,450.1923076923077,2025
209,일,9,하차,243.23076923076923,2025
209,일,10,승차,482.4230769230769,2025
209,일,10,하차,460.2307692307692,2025
209,일,11,승차,595.7307692307693,2025
209,일,11,하차,550.9230769230769,2025
209,일,12,승차,656.9615384615385,2025
209,일,12,하차,681.9423076923077,2025
209,일,13,승차,657.7692307692307,2025
209,일,13,하차,833.4230769230769,2025
209,일,14,승차,722.4615384615385,2025
209,일,14,하차,808.1346153846154,2025
209,일,15,승차,698.2115384615385,2025
209,일,15,하차,950.6923076923077,2025
209,일,16,승차,712.4038461538462,2025
209,일,16,하차,934.5769230769231,2025
209,일,17,승차,675.1923076923077,2025
209,일,17,하차,945.6923076923077,2025
209,일,18,승차,611.1923076923077,2025
209,일,18,하차,821.8653846153846,2025
209,일,19,승차,600.9807692307693,2025
209,일,19,하차,659.6346153846154,2025
209,일,20,승차,574.0961538461538,2025
209,일,20,하차,517.1346153846154,2025
209,일,21,승차,495.1730769230769,2025
209,일,21,하차,372.5576923076923,2025
209,일,22,승차,352.5192307692308,2025
209,일,22,하차,228.32692307692307,2025
209,일,23,승차,195.90384615384616,2025
209,일,23,하차,122.15384615384616,2025
209,주중,0,승차,29.685823754789272,2025
209,주중,0,하차,66.06130268199233,2025
209,주중,1,승차,3.2796934865900385,2025
209,주중,1,하차,1.053639846743295,2025
209,주중,2,승차,0.20689655172413793,2025
209,주중,2,하차,3.7547892720306515,2025
209,주중,3,승차,0.038314176245210725,2025
209,주중,3,하차,0.8505747126436781,2025
209,주중,4,승차,5.467432950191571,2025
209,주중,4,하차,0.5862068965517241,2025
209,주중,5,승차,120.8544061302682,2025
209,주중,5,하차,45.54406130268199,2025
209,주중,6,승차,231.38697318007664,2025
209,주중,6,하차,171.34865900383141,2025
209,주중,7,승차,674.7739463601532,2025
209,주중,7,하차,253.04597701149424,2025
209,주중,8,승차,1251.9157088122606,2025
209,주중,8,하차,746.4022988505748,2025
209,주중,9,승차,729.9770114942529,2025
209,주중,9,하차,471.62452107279694,2025
209,주중,10,승차,592.5019157088122,2025
209,주중,10,하차,473.69348659003833,2025
209,주중,11,승차,641.7931034482758,2025
209,주중,11,하차,564.3333333333334,2025
209,주중,12,승차,653.6896551724138,2025
209,주중,12,하차,647.3026819923372,2025
209,주중,13,승차,637.4674329501916,2025
209,주중,13,하차,661.6053639846743,2025
209,주중,14,승차,614.3984674329502,2025
209,주중,14,하차,758.3180076628353,2025
209,주중,15,승차,721.5670498084291,2025
209,주중,15,하차,812.919540229885,2025
209,주중,16,승차,735.8888888888889,2025
209,주중,16,하차,979.2222222222222,2025
209,주중,17,승차,793.8888888888889,2025
209,주중,17,하차,1155.5785440613026,2025
209,주중,18,승차,743.639846743295,2025
209,주중,18,하차,1524.5977011494253,2025
209,주중,19,승차,464.39080459770116,2025
209,주중,19,하차,855.9616858237548,2025
209,주중,20,승차,420.64367816091954,2025
209,주중,20,하차,580.5823754789272,2025
209,주중,21,승차,391.264367816092,2025
209,주중,21,하차,437.9616858237548,2025
209,주중,22,승차,309.88122605363986,2025
209,주중,22,하차,304.8007662835249,2025
209,주중,23,승차,180.71647509578543,2025
209,주중,23,하차,177.0191570881226,2025
209,토,0,승차,26.634615384615383,2025
209,토,0,하차,94.59615384615384,2025
209,토,1,승차,1.25,2025
209,토,1,하차,1.0192307692307692,2025
209,토,2,승차,0.21153846153846154,2025
209,토,2,하차,4.365384615384615,2025
209,토,3,승차,0.0,2025
209,토,3,하차,0.6730769230769231,2025
209,토,4,승차,5.673076923076923,2025
209,토,4,하차,0.4230769230769231,2025
209,토,5,승차,105.5576923076923,2025
209,토,5,하차,42.78846153846154,2025
209,토,6,승차,152.65384615384616,2025
209,토,6,하차,134.40384615384616,2025
209,토,7,승차,250.55769230769232,2025
209,토,7,하차,130.6346153846154,2025
209,토,8,승차,460.75,2025
209,토,8,하차,376.28846153846155,2025
209,토,9,승차,575.8653846153846,2025
209,토,9,하차,384.4807692307692,2025
209,토,10,승차,601.0961538461538,2025
209,토,10,하차,529.7307692307693,2025
209,토,11,승차,722.2692307692307,2025
209,토,11,하차,746.75,2025
209,토,12,승차,800.0192307692307,2025
209,토,12,하차,914.0,2025
209,토,13,승차,820.8269230769231,2025
209,토,13,하차,1042.8461538461538,2025
209,토,14,승차,737.4230769230769,2025
209,토,14,하차,1147.5384615384614,2025
209,토,15,승차,799.0,2025
209,토,15,하차,1354.8653846153845,2025
209,토,16,승차,859.4230769230769,2025
209,토,16,하차,1725.4423076923076,2025
209,토,17,승차,895.4615384615385,2025
209,토,17,하차,1952.576923076923,2025
209,토,18,승차,751.2692307692307,2025
209,토,18,하차,1973.8076923076924,2025
209,토,19,승차,897.8269230769231,2025
209,토,19,하차,1480.673076923077,2025
209,토,20,승차,1460.6346153846155,2025
209,토,20,하차,913.3846153846154,2025
209,토,21,승차,1234.6346153846155,2025
209,토,21,하차,606.9038461538462,2025
209,토,22,승차,996.0384615384615,2025
209,토,22,하차,328.0769230769231,2025
209,토,23,승차,525.5384615384615,2025
209,토,23,하차,216.84615384615384,2025
210,일,0,승차,4.0576923076923075,2025
210,일,0,하차,15.0,2025
210,일,1,승차,0.0,2025
210,일,1,하차,0.0,2025
210,일,2,승차,0.0,2025
210,일,2,하차,0.0,2025
210,일,3,승차,0.0,2025
210,일,3,하차,0.0,2025
210,일,4,승차,0.8461538461538461,2025
210,일,4,하차,0.11538461538461539,2025
210,일,5,승차,47.51923076923077,2025
210,일,5,하차,26.442307692307693,2025
210,일,6,승차,75.23076923076923,2025
210,일,6,하차,73.36538461538461,2025
210,일,7,승차,114.65384615384616,2025
210,일,7,하차,73.73076923076923,2025
210,일,8,승차,178.92307692307693,2025
210,일,8,하차,126.76923076923077,2025
210,일,9,승차,249.30769230769232,2025
210,일,9,하차,236.07692307692307,2025
210,일,10,승차,303.6923076923077,2025
210,일,10,하차,330.5,2025
210,일,11,승차,376.25,2025
210,일,11,하차,420.75,2025
210,일,12,승차,423.3076923076923,2025
210,일,12,하차,449.0192307692308,2025
210,일,13,승차,444.5576923076923,2025
210,일,13,하차,529.8076923076923,2025
210,일,14,승차,472.63461538461536,2025
210,일,14,하차,540.3461538461538,2025
210,일,15,승차,458.15384615384613,2025
210,일,15,하차,564.9615384615385,2025
210,일,16,승차,444.88461538461536,2025
210,일,16,하차,583.0,2025
210,일,17,승차,437.63461538461536,2025
210,일,17,하차,588.3653846153846,2025
210,일,18,승차,399.4423076923077,2025
210,일,18,하차,509.6730769230769,2025
210,일,19,승차,363.46153846153845,2025
210,일,19,하차,407.7307692307692,2025
210,일,20,승차,332.1730769230769,2025
210,일,20,하차,335.2307692307692,2025
210,일,21,승차,291.6730769230769,2025
210,일,21,하차,212.15384615384616,2025
210,일,22,승차,198.75,2025
210,일,22,하차,138.92307692307693,2025
210,일,23,승차,104.9423076923077,2025
210,일,23,하차,71.38461538461539,2025
210,주중,0,승차,14.67432950191571,2025
210,주중,0,하차,20.245210727969347,2025
210,주중,1,승차,1.3218390804597702,2025
210,주중,1,하차,0.2950191570881226,2025
210,주중,2,승차,0.10344827586206896,2025
210,주중,2,하차,0.25287356321839083,2025
210,주중,3,승차,0.01532567049808429,2025
210,주중,3,하차,0.038314176245210725,2025
210,주중,4,승차,1.1762452107279693,2025
210,주중,4,하차,0.5095785440613027,2025
210,주중,5,승차,63.39846743295019,2025
210,주중,5,하차,37.160919540229884,2025
210,주중,6,승차,120.52107279693486,2025
210,주중,6,하차,131.75095785440612,2025
210,주중,7,승차,395.65900383141764,2025
210,주중,7,하차,276.8582375478927,2025
210,주중,8,승차,725.9885057471264,2025
210,주중,8,하차,914.0114942528736,2025
210,주중,9,승차,455.0344827586207,2025
210,주중,9,하차,493.5249042145594,2025
210,주중,10,승차,450.06513409961684,2025
210,주중,10,하차,417.9080459770115,2025
210,주중,11,승차,527.4214559386974,2025
210,주중,11,하차,454.48659003831415,2025
210,주중,12,승차,518.2337164750958,2025
210,주중,12,하차,470.13026819923374,2025
210,주중,13,승차,475.8888888888889,2025
210,주중,13,하차,558.2605363984675,2025
210,주중,14,승차,509.191570881226,2025
210,주중,14,하차,548.7241379310345,2025
210,주중,15,승차,580.0191570881226,2025
210,주중,15,하차,579.0766283524904,2025
210,주중,16,승차,636.6513409961685,2025
210,주중,16,하차,657.616858237548,2025
210,주중,17,승차,700.0191570881226,2025
210,주중,17,하차,795.8697318007663,2025
210,주중,18,승차,668.0268199233717,2025
210,주중,18,하차,991.4367816091954,2025
210,주중,19,승차,342.37547892720306,2025
210,주중,19,하차,548.7318007662835,2025
210,주중,20,승차,310.30268199233717,2025
210,주중,20,하차,384.08429118773944,2025
210,주중,21,승차,311.67816091954023,2025
210,주중,21,하차,257.03065134099614,2025
210,주중,22,승차,219.9655172413793,2025
210,주중,22,하차,185.68582375478928,2025
210,주중,23,승차,110.33716475095785,2025
210,주중,23,하차,105.07662835249042,2025
210,토,0,승차,8.057692307692308,2025
210,토,0,하차,27.192307692307693,2025
210,토,1,승차,0.057692307692307696,2025
210,토,1,하차,0.1346153846153846,2025
210,토,2,승차,0.0,2025
210,토,2,하차,0.0,2025
210,토,3,승차,0.0,2025
210,토,3,하차,0.0,2025
210,토,4,승차,1.0192307692307692,2025
210,토,4,하차,0.28846153846153844,2025
210,토,5,승차,58.30769230769231,2025
210,토,5,하차,34.61538461538461,2025
210,토,6,승차,88.51923076923077,2025
210,토,6,하차,98.1923076923077,2025
210,토,7,승차,159.48076923076923,2025
210,토,7,하차,145.40384615384616,2025
210,토,8,승차,287.88461538461536,2025
210,토,8,하차,336.0,2025
210,토,9,승차,352.9230769230769,2025
210,토,9,하차,364.7692307692308,2025
210,토,10,승차,426.1923076923077,2025
210,토,10,하차,426.8269230769231,2025
210,토,11,승차,531.0384615384615,2025
210,토,11,하차,561.5192307692307,2025
210,토,12,승차,570.7115384615385,2025
210,토,12,하차,657.5192307692307,2025
210,토,13,승차,609.4615384615385,2025
210,토,13,하차,748.5769230769231,2025
210,토,14,승차,524.9038461538462,2025
210,토,14,하차,792.9038461538462,2025
210,토,15,승차,541.9038461538462,2025
210,토,15,하차,863.4615384615385,2025
210,토,16,승차,558.2884615384615,2025
210,토,16,하차,1101.0961538461538,2025
210,토,17,승차,598.2115384615385,2025
210,토,17,하차,1274.423076923077,2025
210,토,18,승차,487.8269230769231,2025
210,토,18,하차,1322.173076923077,2025
210,토,19,승차,532.3269230769231,2025
210,토,19,하차,875.7884615384615,2025
210,토,20,승차,810.7115384615385,2025
210,토,20,하차,571.8846153846154,2025
210,토,21,승차,694.0576923076923,2025
210,토,21,하차,345.65384615384613,2025
210,토,22,승차,502.0769230769231,2025
210,토,22,하차,191.82692307692307,2025
210,토,23,승차,256.5,2025
210,토,23,하차,116.82692307692308,2025
211,일,0,승차,3.1153846153846154,2025
211,일,0,하차,15.596153846153847,2025
211,일,1,승차,0.019230769230769232,2025
211,일,1,하차,0.09615384615384616,2025
211,일,2,승차,0.11538461538461539,2025
211,일,2,하차,0.1346153846153846,2025
211,일,3,승차,0.5576923076923077,2025
211,일,3,하차,0.11538461538461539,2025
211,일,4,승차,0.6153846153846154,2025
211,일,4,하차,0.21153846153846154,2025
211,일,5,승차,42.38461538461539,2025
211,일,5,하차,28.78846153846154,2025
211,일,6,승차,81.57692307692308,2025
211,일,6,하차,59.98076923076923,2025
211,일,7,승차,107.76923076923077,2025
211,일,7,하차,80.21153846153847,2025
211,일,8,승차,194.1153846153846,2025
211,일,8,하차,163.94230769230768,2025
211,일,9,승차,261.46153846153845,2025
211,일,9,하차,340.0576923076923,2025
211,일,10,승차,326.86538461538464,2025
211,일,10,하차,374.96153846153845,2025
211,일,11,승차,320.9230769230769,2025
211,일,11,하차,356.9230769230769,2025
211,일,12,승차,432.15384615384613,2025
211,일,12,하차,380.5576923076923,2025
211,일,13,승차,486.88461538461536,2025
211,일,13,하차,373.8076923076923,2025
211,일,14,승차,442.34615384615387,2025
211,일,14,하차,392.0769230769231,2025
211,일,15,승차,453.2307692307692,2025
211,일,15,하차,355.28846153846155,2025
211,일,16,승차,429.63461538461536,2025
211,일,16,하차,416.5,2025
211,일,17,승차,378.0769230769231,2025
211,일,17,하차,356.59615384615387,2025
211,일,18,승차,307.34615384615387,2025
211,일,18,하차,340.1923076923077,2025
211,일,19,승차,242.23076923076923,2025
211,일,19,하차,247.40384615384616,2025
211,일,20,승차,177.07692307692307,2025
211,일,20,하차,222.21153846153845,2025
211,일,21,승차,129.5,2025
211,일,21,하차,174.82692307692307,2025
211,일,22,승차,73.67307692307692,2025
211,일,22,하차,138.78846153846155,2025
211,일,23,승차,41.57692307692308,2025
211,일,23,하차,64.01923076923077,2025
211,주중,0,승차,4.517241379310345,2025
211,주중,0,하차,21.93486590038314,2025
211,주중,1,승차,0.24904214559386972,2025
211,주중,1,하차,0.2720306513409962,2025
211,주중,2,승차,0.04597701149425287,2025
211,주중,2,하차,0.06513409961685823,2025
211,주중,3,승차,2.5938697318007664,2025
211,주중,3,하차,0.1724137931034483,2025
211,주중,4,승차,1.0881226053639848,2025
211,주중,4,하차,0.6360153256704981,2025
211,주중,5,승차,71.62068965517241,2025
211,주중,5,하차,44.89272030651341,2025
211,주중,6,승차,170.09961685823754,2025
211,주중,6,하차,111.65517241379311,2025
211,주중,7,승차,532.2835249042146,2025
211,주중,7,하차,230.71264367816093,2025
211,주중,8,승차,892.4559386973181,2025
211,주중,8,하차,802.7432950191571,2025
211,주중,9,승차,519.6513409961685,2025
211,주중,9,하차,578.1992337164751,2025
211,주중,10,승차,441.42911877394636,2025
211,주중,10,하차,491.86206896551727,2025
211,주중,11,승차,526.44061302682,2025
211,주중,11,하차,456.9501915708812,2025
211,주중,12,승차,622.0268199233717,2025
211,주중,12,하차,442.7011494252874,2025
211,주중,13,승차,465.8352490421456,2025
211,주중,13,하차,633.7969348659004,2025
211,주중,14,승차,474.2068965517241,2025
211,주중,14,하차,515.3793103448276,2025
211,주중,15,승차,550.3256704980843,2025
211,주중,15,하차,586.6245210727969,2025
211,주중,16,승차,758.8735632183908,2025
211,주중,16,하차,677.4137931034483,2025
211,주중,17,승차,677.7662835249042,2025
211,주중,17,하차,811.0613026819923,2025
211,주중,18,승차,658.1226053639847,2025
211,주중,18,하차,1018.5977011494252,2025
211,주중,19,승차,317.0498084291188,2025
211,주중,19,하차,488.32567049808426,2025
211,주중,20,승차,267.0498084291188,2025
211,주중,20,하차,301.2337164750958,2025
211,주중,21,승차,265.32567049808426,2025
211,주중,21,하차,248.90804597701148,2025
211,주중,22,승차,177.83908045977012,2025
211,주중,22,하차,205.1264367816092,2025
211,주중,23,승차,87.99616858237547,2025
211,주중,23,하차,97.25287356321839,2025
211,토,0,승차,4.615384615384615,2025
211,토,0,하차,25.115384615384617,2025
211,토,1,승차,0.019230769230769232,2025
211,토,1,하차,0.0,2025
211,토,2,승차,0.038461538461538464,2025
211,토,2,하차,0.057692307692307696,2025
211,토,3,승차,2.75,2025
211,토,3,하차,0.1346153846153846,2025
211,토,4,승차,0.9423076923076923,2025
211,토,4,하차,0.46153846153846156,2025
211,토,5,승차,59.36538461538461,2025
211,토,5,하차,39.59615384615385,2025
211,토,6,승차,103.11538461538461,2025
211,토,6,하차,88.9423076923077,2025
211,토,7,승차,172.69230769230768,2025
211,토,7,하차,125.11538461538461,2025
211,토,8,승차,341.15384615384613,2025
211,토,8,하차,300.6730769230769,2025
211,토,9,승차,408.61538461538464,2025
211,토,9,하차,463.0576923076923,2025
211,토,10,승차,433.38461538461536,2025
211,토,10,하차,503.15384615384613,2025
211,토,11,승차,508.03846153846155,2025
211,토,11,하차,547.7884615384615,2025
211,토,12,승차,592.0192307692307,2025
211,토,12,하차,575.6538461538462,2025
211,토,13,승차,594.9615384615385,2025
211,토,13,하차,646.7884615384615,2025
211,토,14,승차,549.0576923076923,2025
211,토,14,하차,575.1538461538462,2025
211,토,15,승차,567.1153846153846,2025
211,토,15,하차,584.2884615384615,2025
211,토,16,승차,652.1346153846154,2025
211,토,16,하차,671.6923076923077,2025
211,토,17,승차,598.0576923076923,2025
211,토,17,하차,663.5192307692307,2025
211,토,18,승차,456.1730769230769,2025
211,토,18,하차,514.6153846153846,2025
211,토,19,승차,366.84615384615387,2025
211,토,19,하차,316.0576923076923,2025
211,토,20,승차,423.88461538461536,2025
211,토,20,하차,272.1923076923077,2025
211,토,21,승차,347.9807692307692,2025
211,토,21,하차,239.98076923076923,2025
211,토,22,승차,167.57692307692307,2025
211,토,22,하차,188.44230769230768,2025
211,토,23,승차,80.3076923076923,2025
211,토,23,하차,102.40384615384616,2025
212,일,0,승차,9.673076923076923,2025
212,일,0,하차,80.03846153846153,2025
212,일,1,승차,0.038461538461538464,2025
212,일,1,하차,0.038461538461538464,2025
212,일,2,승차,0.0,2025
212,일,2,하차,0.0,2025
212,일,3,승차,0.0,2025
212,일,3,하차,0.0,2025
212,일,4,승차,1.9038461538461537,2025
212,일,4,하차,0.5384615384615384,2025
212,일,5,승차,102.42307692307692,2025
212,일,5,하차,32.03846153846154,2025
212,일,6,승차,160.8653846153846,2025
212,일,6,하차,96.0,2025
212,일,7,승차,231.67307692307693,2025
212,일,7,하차,101.15384615384616,2025
212,일,8,승차,434.5,2025
212,일,8,하차,218.84615384615384,2025
212,일,9,승차,623.4038461538462,2025
212,일,9,하차,336.03846153846155,2025
212,일,10,승차,631.0192307692307,2025
212,일,10,하차,397.65384615384613,2025
212,일,11,승차,594.3076923076923,2025
212,일,11,하차,438.53846153846155,2025
212,일,12,승차,658.8461538461538,2025
212,일,12,하차,555.2884615384615,2025
212,일,13,승차,654.0192307692307,2025
212,일,13,하차,626.7692307692307,2025
212,일,14,승차,686.7692307692307,2025
212,일,14,하차,690.6153846153846,2025
212,일,15,승차,701.3653846153846,2025
212,일,15,하차,732.2692307692307,2025
212,일,16,승차,781.0961538461538,2025
212,일,16,하차,860.7115384615385,2025
212,일,17,승차,707.3653846153846,2025
212,일,17,하차,832.4230769230769,2025
212,일,18,승차,579.7692307692307,2025
212,일,18,하차,843.7692307692307,2025
212,일,19,승차,455.2307692307692,2025
212,일,19,하차,719.5576923076923,2025
212,일,20,승차,390.8269230769231,2025
212,일,20,하차,654.8269230769231,2025
212,일,21,승차,326.1730769230769,2025
212,일,21,하차,692.6153846153846,2025
212,일,22,승차,271.8076923076923,2025
212,일,22,하차,608.0,2025
212,일,23,승차,179.42307692307693,2025
212,일,23,하차,332.9230769230769,2025
212,주중,0,승차,14.651340996168582,2025
212,주중,0,하차,88.92337164750958,2025
212,주중,1,승차,0.31417624521072796,2025
212,주중,1,하차,0.7394636015325671,2025
212,주중,2,승차,0.06896551724137931,2025
212,주중,2,하차,0.15708812260536398,2025
212,주중,3,승차,0.011494252873563218,2025
212,주중,3,하차,0.04980842911877394,2025
212,주중,4,승차,2.256704980842912,2025
212,주중,4,하차,0.8237547892720306,2025
212,주중,5,승차,159.34099616858236,2025
212,주중,5,하차,54.111111111111114,2025
212,주중,6,승차,304.42911877394636,2025
212,주중,6,하차,188.1264367816092,2025
212,주중,7,승차,896.2950191570882,2025
212,주중,7,하차,432.1609195402299,2025
212,주중,8,승차,1485.697318007663,2025
212,주중,8,하차,1981.544061302682,2025
212,주중,9,승차,873.6283524904214,2025
212,주중,9,하차,1901.1992337164752,2025
212,주중,10,승차,679.3256704980843,2025
212,주중,10,하차,1105.9195402298851,2025
212,주중,11,승차,790.7049808429118,2025
212,주중,11,하차,849.9808429118774,2025
212,주중,12,승차,904.1111111111111,2025
212,주중,12,하차,1094.5823754789271,2025
212,주중,13,승차,957.9770114942529,2025
212,주중,13,하차,1102.7011494252874,2025
212,주중,14,승차,1094.2068965517242,2025
212,주중,14,하차,920.2375478927203,2025
212,주중,15,승차,1355.0498084291187,2025
212,주중,15,하차,896.5785440613026,2025
212,주중,16,승차,1733.0306513409962,2025
212,주중,16,하차,1088.1532567049808,2025
212,주중,17,승차,1866.6015325670498,2025
212,주중,17,하차,1376.2183908045977,2025
212,주중,18,승차,1661.88122605364,2025
212,주중,18,하차,1954.9693486590038,2025
212,주중,19,승차,821.5785440613026,2025
212,주중,19,하차,963.6091954022988,2025
212,주중,20,승차,707.6973180076628,2025
212,주중,20,하차,654.9348659003831,2025
212,주중,21,승차,659.727969348659,2025
212,주중,21,하차,639.9808429118774,2025
212,주중,22,승차,504.7586206896552,2025
212,주중,22,하차,604.9885057471264,2025
212,주중,23,승차,337.0574712643678,2025
212,주중,23,하차,350.1417624521073,2025
212,토,0,승차,12.076923076923077,2025
212,토,0,하차,104.25,2025
212,토,1,승차,0.15384615384615385,2025
212,토,1,하차,0.057692307692307696,2025
212,토,2,승차,0.09615384615384616,2025
212,토,2,하차,0.1346153846153846,2025
212,토,3,승차,0.0,2025
212,토,3,하차,0.11538461538461539,2025
212,토,4,승차,2.576923076923077,2025
212,토,4,하차,0.7115384615384616,2025
212,토,5,승차,144.78846153846155,2025
212,토,5,하차,49.09615384615385,2025
212,토,6,승차,200.42307692307693,2025
212,토,6,하차,146.73076923076923,2025
212,토,7,승차,346.9423076923077,2025
212,토,7,하차,190.07692307692307,2025
212,토,8,승차,658.0769230769231,2025
212,토,8,하차,472.8076923076923,2025
212,토,9,승차,800.0961538461538,2025
212,토,9,하차,596.1153846153846,2025
212,토,10,승차,791.1923076923077,2025
212,토,10,하차,574.5576923076923,2025
212,토,11,승차,881.2307692307693,2025
212,토,11,하차,718.9807692307693,2025
212,토,12,승차,985.9615384615385,2025
212,토,12,하차,865.9038461538462,2025
212,토,13,승차,994.1923076923077,2025
212,토,13,하차,934.6730769230769,2025
212,토,14,승차,979.6923076923077,2025
212,토,14,하차,881.1153846153846,2025
212,토,15,승차,1039.5,2025
212,토,15,하차,908.4230769230769,2025
212,토,16,승차,1159.5,2025
212,토,16,하차,1064.75,2025
212,토,17,승차,1145.7307692307693,2025
212,토,17,하차,1133.0384615384614,2025
212,토,18,승차,866.0192307692307,2025
212,토,18,하차,1018.0576923076923,2025
212,토,19,승차,603.9423076923077,2025
212,토,19,하차,810.8653846153846,2025
212,토,20,승차,526.9038461538462,2025
212,토,20,하차,688.0769230769231,2025
212,토,21,승차,518.3461538461538,2025
212,토,21,하차,702.1153846153846,2025
212,토,22,승차,415.5192307692308,2025
212,토,22,하차,676.4615384615385,2025
212,토,23,승차,281.71153846153845,2025
212,토,23,하차,418.4423076923077,2025
213,일,0,승차,2.4423076923076925,2025
213,일,0,하차,22.192307692307693,2025
213,일,1,승차,0.07692307692307693,2025
213,일,1,하차,0.0,2025
213,일,2,승차,0.0,2025
213,일,2,하차,0.07692307692307693,2025
213,일,3,승차,0.0,2025
213,일,3,하차,0.019230769230769232,2025
213,일,4,승차,1.8461538461538463,2025
213,일,4,하차,1.1730769230769231,2025
213,일,5,승차,107.36538461538461,2025
213,일,5,하차,30.865384615384617,2025
213,일,6,승차,168.0,2025
213,일,6,하차,80.40384615384616,2025
213,일,7,승차,220.67307692307693,2025
213,일,7,하차,89.96153846153847,2025
213,일,8,승차,421.0576923076923,2025
213,일,8,하차,172.6346153846154,2025
213,일,9,승차,564.4423076923077,2025
213,일,9,하차,242.5,2025
213,일,10,승차,558.6346153846154,2025
213,일,10,하차,278.65384615384613,2025
213,일,11,승차,551.7692307692307,2025
213,일,11,하차,336.90384615384613,2025
213,일,12,승차,549.1730769230769,2025
213,일,12,하차,345.6730769230769,2025
213,일,13,승차,565.5192307692307,2025
213,일,13,하차,390.4423076923077,2025
213,일,14,승차,523.9038461538462,2025
213,일,14,하차,387.7307692307692,2025
213,일,15,승차,464.59615384615387,2025
213,일,15,하차,534.0769230769231,2025
213,일,16,승차,444.86538461538464,2025
213,일,16,하차,557.0,2025
213,일,17,승차,410.1923076923077,2025
213,일,17,하차,590.4807692307693,2025
213,일,18,승차,319.11538461538464,2025
213,일,18,하차,514.0192307692307,2025
213,일,19,승차,265.61538461538464,2025
213,일,19,하차,440.7307692307692,2025
213,일,20,승차,196.5,2025
213,일,20,하차,388.84615384615387,2025
213,일,21,승차,144.55769230769232,2025
213,일,21,하차,391.8269230769231,2025
213,일,22,승차,102.09615384615384,2025
213,일,22,하차,357.40384615384613,2025
213,일,23,승차,52.11538461538461,2025
213,일,23,하차,224.1346153846154,2025
213,주중,0,승차,3.153256704980843,2025
213,주중,0,하차,26.724137931034484,2025
213,주중,1,승차,0.0842911877394636,2025
213,주중,1,하차,0.31417624521072796,2025
213,주중,2,승차,0.05363984674329502,2025
213,주중,2,하차,0.1532567049808429,2025
213,주중,3,승차,0.02681992337164751,2025
213,주중,3,하차,0.06896551724137931,2025
213,주중,4,승차,3.1877394636015324,2025
213,주중,4,하차,1.4597701149425288,2025
213,주중,5,승차,198.34099616858236,2025
213,주중,5,하차,43.94252873563219,2025
213,주중,6,승차,324.69348659003833,2025
213,주중,6,하차,140.09961685823754,2025
213,주중,7,승차,708.4980842911878,2025
213,주중,7,하차,320.9272030651341,2025
213,주중,8,승차,1212.463601532567,2025
213,주중,8,하차,929.9540229885057,2025
213,주중,9,승차,785.0229885057471,2025
213,주중,9,하차,615.647509578544,2025
213,주중,10,승차,629.55938697318,2025
213,주중,10,하차,454.44444444444446,2025
213,주중,11,승차,655.3141762452108,2025
213,주중,11,하차,503.28735632183907,2025
213,주중,12,승차,674.6015325670498,2025
213,주중,12,하차,554.8620689655172,2025
213,주중,13,승차,647.9425287356322,2025
213,주중,13,하차,544.3639846743295,2025
213,주중,14,승차,614.2911877394636,2025
213,주중,14,하차,627.5210727969348,2025
213,주중,15,승차,655.7624521072797,2025
213,주중,15,하차,675.6934865900383,2025
213,주중,16,승차,768.639846743295,2025
213,주중,16,하차,787.095785440613,2025
213,주중,17,승차,854.8045977011494,2025
213,주중,17,하차,932.1455938697318,2025
213,주중,18,승차,810.3678160919541,2025
213,주중,18,하차,1231.8620689655172,2025
213,주중,19,승차,393.455938697318,2025
213,주중,19,하차,629.5478927203065,2025
213,주중,20,승차,291.18773946360153,2025
213,주중,20,하차,438.39463601532566,2025
213,주중,21,승차,248.60919540229884,2025
213,주중,21,하차,428.0919540229885,2025
213,주중,22,승차,158.2030651340996,2025
213,주중,22,하차,405.2605363984674,2025
213,주중,23,승차,79.455938697318,2025
213,주중,23,하차,252.5977011494253,2025
213,토,0,승차,2.923076923076923,2025
213,토,0,하차,33.40384615384615,2025
213,토,1,승차,0.07692307692307693,2025
213,토,1,하차,0.11538461538461539,2025
213,토,2,승차,0.11538461538461539,2025
213,토,2,하차,0.23076923076923078,2025
213,토,3,승차,0.019230769230769232,2025
213,토,3,하차,0.0,2025
213,토,4,승차,2.5384615384615383,2025
213,토,4,하차,1.4038461538461537,2025
213,토,5,승차,168.98076923076923,2025
213,토,5,하차,41.80769230769231,2025
213,토,6,승차,229.3846153846154,2025
213,토,6,하차,120.26923076923077,2025
213,토,7,승차,334.5192307692308,2025
213,토,7,하차,134.30769230769232,2025
213,토,8,승차,596.9423076923077,2025
213,토,8,하차,414.46153846153845,2025
213,토,9,승차,739.6346153846154,2025
213,토,9,하차,392.09615384615387,2025
213,토,10,승차,718.9230769230769,2025
213,토,10,하차,411.90384615384613,2025
213,토,11,승차,740.4423076923077,2025
213,토,11,하차,502.13461538461536,2025
213,토,12,승차,811.1346153846154,2025
213,토,12,하차,577.0192307692307,2025
213,토,13,승차,747.1153846153846,2025
213,토,13,하차,573.8653846153846,2025
213,토,14,승차,673.8076923076923,2025
213,토,14,하차,544.1923076923077,2025
213,토,15,승차,619.9423076923077,2025
213,토,15,하차,588.9423076923077,2025
213,토,16,승차,690.1346153846154,2025
213,토,16,하차,719.8653846153846,2025
213,토,17,승차,631.4807692307693,2025
213,토,17,하차,753.75,2025
213,토,18,승차,460.21153846153845,2025
213,토,18,하차,665.8269230769231,2025
213,토,19,승차,369.3269230769231,2025
213,토,19,하차,482.61538461538464,2025
213,토,20,승차,283.21153846153845,2025
213,토,20,하차,444.46153846153845,2025
213,토,21,승차,220.73076923076923,2025
213,토,21,하차,460.03846153846155,2025
213,토,22,승차,157.90384615384616,2025
213,토,22,하차,447.61538461538464,2025
213,토,23,승차,83.01923076923077,2025
213,토,23,하차,308.90384615384613,2025
214,일,0,승차,1.0192307692307692,2025
214,일,0,하차,7.096153846153846,2025
214,일,1,승차,0.0,2025
214,일,1,하차,0.0,2025
214,일,2,승차,0.0,2025
214,일,2,하차,0.0,2025
214,일,3,승차,0.0,2025
214,일,3,하차,0.0,2025
214,일,4,승차,0.75,2025
214,일,4,하차,0.38461538461538464,2025
214,일,5,승차,45.01923076923077,2025
214,일,5,하차,23.03846153846154,2025
214,일,6,승차,76.1923076923077,2025
214,일,6,하차,55.90384615384615,2025
214,일,7,승차,98.1923076923077,2025
214,일,7,하차,69.42307692307692,2025
214,일,8,승차,154.6153846153846,2025
214,일,8,하차,93.5,2025
214,일,9,승차,236.1346153846154,2025
214,일,9,하차,166.3653846153846,2025
214,일,10,승차,261.36538461538464,2025
214,일,10,하차,168.21153846153845,2025
214,일,11,승차,277.11538461538464,2025
214,일,11,하차,183.5,2025
214,일,12,승차,292.9423076923077,2025
214,일,12,하차,163.01923076923077,2025
214,일,13,승차,274.7307692307692,2025
214,일,13,하차,200.19230769230768,2025
214,일,14,승차,244.15384615384616,2025
214,일,14,하차,212.6153846153846,2025
214,일,15,승차,207.6346153846154,2025
214,일,15,하차,263.6923076923077,2025
214,일,16,승차,208.1346153846154,2025
214,일,16,하차,300.46153846153845,2025
214,일,17,승차,180.8653846153846,2025
214,일,17,하차,289.88461538461536,2025
214,일,18,승차,133.15384615384616,2025
214,일,18,하차,240.55769230769232,2025
214,일,19,승차,92.5,2025
214,일,19,하차,215.6346153846154,2025
214,일,20,승차,71.32692307692308,2025
214,일,20,하차,181.28846153846155,2025
214,일,21,승차,52.19230769230769,2025
214,일,21,하차,140.8653846153846,2025
214,일,22,승차,33.98076923076923,2025
214,일,22,하차,101.1923076923077,2025
214,일,23,승차,17.25,2025
214,일,23,하차,56.30769230769231,2025
214,주중,0,승차,1.3371647509578544,2025
214,주중,0,하차,11.89272030651341,2025
214,주중,1,승차,0.18773946360153257,2025
214,주중,1,하차,0.20689655172413793,2025
214,주중,2,승차,0.05747126436781609,2025
214,주중,2,하차,0.08812260536398467,2025
214,주중,3,승차,0.0,2025
214,주중,3,하차,0.0,2025
214,주중,4,승차,1.2260536398467432,2025
214,주중,4,하차,0.6973180076628352,2025
214,주중,5,승차,83.66283524904215,2025
214,주중,5,하차,71.79693486590038,2025
214,주중,6,승차,177.19540229885058,2025
214,주중,6,하차,203.24137931034483,2025
214,주중,7,승차,427.191570881226,2025
214,주중,7,하차,311.5938697318008,2025
214,주중,8,승차,676.4329501915709,2025
214,주중,8,하차,655.8505747126437,2025
214,주중,9,승차,402.28735632183907,2025
214,주중,9,하차,286.32183908045977,2025
214,주중,10,승차,328.51340996168585,2025
214,주중,10,하차,227.60536398467434,2025
214,주중,11,승차,308.20306513409963,2025
214,주중,11,하차,253.79310344827587,2025
214,주중,12,승차,311.7854406130268,2025
214,주중,12,하차,266.1570881226054,2025
214,주중,13,승차,312.8965517241379,2025
214,주중,13,하차,290.02681992337165,2025
214,주중,14,승차,281.3486590038314,2025
214,주중,14,하차,311.4597701149425,2025
214,주중,15,승차,333.98850574712645,2025
214,주중,15,하차,358.43295019157085,2025
214,주중,16,승차,529.3295019157088,2025
214,주중,16,하차,441.48275862068965,2025
214,주중,17,승차,470.92337164750955,2025
214,주중,17,하차,492.72796934865903,2025
214,주중,18,승차,500.86206896551727,2025
214,주중,18,하차,653.2988505747127,2025
214,주중,19,승차,185.47892720306513,2025
214,주중,19,하차,322.632183908046,2025
214,주중,20,승차,122.74329501915709,2025
214,주중,20,하차,216.51340996168582,2025
214,주중,21,승차,98.86973180076629,2025
214,주중,21,하차,205.06130268199234,2025
214,주중,22,승차,56.74329501915709,2025
214,주중,22,하차,151.63601532567048,2025
214,주중,23,승차,28.839080459770116,2025
214,주중,23,하차,89.26819923371647,2025
214,토,0,승차,1.2307692307692308,2025
214,토,0,하차,12.461538461538462,2025
214,토,1,승차,0.11538461538461539,2025
214,토,1,하차,0.09615384615384616,2025
214,토,2,승차,0.057692307692307696,2025
214,토,2,하차,0.07692307692307693,2025
214,토,3,승차,0.0,2025
214,토,3,하차,0.057692307692307696,2025
214,토,4,승차,0.9038461538461539,2025
214,토,4,하차,0.46153846153846156,2025
214,토,5,승차,62.63461538461539,2025
214,토,5,하차,66.51923076923077,2025
214,토,6,승차,109.25,2025
214,토,6,하차,163.57692307692307,2025
214,토,7,승차,162.23076923076923,2025
214,토,7,하차,119.9423076923077,2025
214,토,8,승차,270.46153846153845,2025
214,토,8,하차,212.94230769230768,2025
214,토,9,승차,327.90384615384613,2025
214,토,9,하차,215.96153846153845,2025
214,토,10,승차,360.03846153846155,2025
214,토,10,하차,217.1346153846154,2025
214,토,11,승차,393.7692307692308,2025
214,토,11,하차,250.94230769230768,2025
214,토,12,승차,450.13461538461536,2025
214,토,12,하차,265.13461538461536,2025
214,토,13,승차,397.0576923076923,2025
214,토,13,하차,288.11538461538464,2025
214,토,14,승차,315.86538461538464,2025
214,토,14,하차,279.65384615384613,2025
214,토,15,승차,321.0769230769231,2025
214,토,15,하차,311.59615384615387,2025
214,토,16,승차,376.88461538461536,2025
214,토,16,하차,360.53846153846155,2025
214,토,17,승차,317.36538461538464,2025
214,토,17,하차,347.96153846153845,2025
214,토,18,승차,213.8653846153846,2025
214,토,18,하차,318.6730769230769,2025
214,토,19,승차,133.6346153846154,2025
214,토,19,하차,213.80769230769232,2025
214,토,20,승차,94.0,2025
214,토,20,하차,222.34615384615384,2025
214,토,21,승차,68.96153846153847,2025
214,토,21,하차,194.96153846153845,2025
214,토,22,승차,47.34615384615385,2025
214,토,22,하차,156.17307692307693,2025
214,토,23,승차,27.326923076923077,2025
214,토,23,하차,101.48076923076923,2025
215,일,0,승차,0.5,2025
215,일,0,하차,3.4038461538461537,2025
215,일,1,승차,0.038461538461538464,2025
215,일,1,하차,0.038461538461538464,2025
215,일,2,승차,0.0,2025
215,일,2,하차,0.057692307692307696,2025
215,일,3,승차,0.0,2025
215,일,3,하차,0.0,2025
215,일,4,승차,0.75,2025
215,일,4,하차,0.038461538461538464,2025
215,일,5,승차,39.65384615384615,2025
215,일,5,하차,7.961538461538462,2025
215,일,6,승차,42.98076923076923,2025
215,일,6,하차,27.51923076923077,2025
215,일,7,승차,57.98076923076923,2025
215,일,7,하차,29.923076923076923,2025
215,일,8,승차,93.46153846153847,2025
215,일,8,하차,45.05769230769231,2025
215,일,9,승차,143.51923076923077,2025
215,일,9,하차,88.96153846153847,2025
215,일,10,승차,133.40384615384616,2025
215,일,10,하차,141.21153846153845,2025
215,일,11,승차,136.8653846153846,2025
215,일,11,하차,95.15384615384616,2025
215,일,12,승차,160.25,2025
215,일,12,하차,82.36538461538461,2025
215,일,13,승차,165.25,2025
215,일,13,하차,93.84615384615384,2025
215,일,14,승차,132.42307692307693,2025
215,일,14,하차,116.73076923076923,2025
215,일,15,승차,107.09615384615384,2025
215,일,15,하차,126.03846153846153,2025
215,일,16,승차,97.51923076923077,2025
215,일,16,하차,162.55769230769232,2025
215,일,17,승차,89.76923076923077,2025
215,일,17,하차,151.19230769230768,2025
215,일,18,승차,72.86538461538461,2025
215,일,18,하차,138.3846153846154,2025
215,일,19,승차,52.03846153846154,2025
215,일,19,하차,96.46153846153847,2025
215,일,20,승차,44.5,2025
215,일,20,하차,82.63461538461539,2025
215,일,21,승차,31.076923076923077,2025
215,일,21,하차,65.6923076923077,2025
215,일,22,승차,16.384615384615383,2025
215,일,22,하차,50.09615384615385,2025
215,일,23,승차,9.5,2025
215,일,23,하차,24.173076923076923,2025
215,주중,0,승차,0.789272030651341,2025
215,주중,0,하차,4.900383141762452,2025
215,주중,1,승차,0.06513409961685823,2025
215,주중,1,하차,0.23754789272030652,2025
215,주중,2,승차,0.05363984674329502,2025
215,주중,2,하차,0.22988505747126436,2025
215,주중,3,승차,0.0038314176245210726,2025
215,주중,3,하차,0.01532567049808429,2025
215,주중,4,승차,1.3256704980842913,2025
215,주중,4,하차,0.09578544061302682,2025
215,주중,5,승차,81.42528735632185,2025
215,주중,5,하차,62.1455938697318,2025
215,주중,6,승차,104.50574712643679,2025
215,주중,6,하차,99.79310344827586,2025
215,주중,7,승차,222.4176245210728,2025
215,주중,7,하차,170.61302681992336,2025
215,주중,8,승차,336.3295019157088,2025
215,주중,8,하차,383.31800766283527,2025
215,주중,9,승차,210.6934865900383,2025
215,주중,9,하차,156.1992337164751,2025
215,주중,10,승차,169.25670498084293,2025
215,주중,10,하차,129.44827586206895,2025
215,주중,11,승차,174.22988505747125,2025
215,주중,11,하차,139.67049808429118,2025
215,주중,12,승차,183.97701149425288,2025
215,주중,12,하차,145.29501915708812,2025
215,주중,13,승차,178.727969348659,2025
215,주중,13,하차,141.24904214559388,2025
215,주중,14,승차,164.632183908046,2025
215,주중,14,하차,146.36398467432952,2025
215,주중,15,승차,203.5785440613027,2025
215,주중,15,하차,186.75478927203065,2025
215,주중,16,승차,284.2298850574713,2025
215,주중,16,하차,234.95019157088123,2025
215,주중,17,승차,261.7547892720307,2025
215,주중,17,하차,267.7931034482759,2025
215,주중,18,승차,225.22222222222223,2025
215,주중,18,하차,304.20306513409963,2025
215,주중,19,승차,82.17624521072797,2025
215,주중,19,하차,152.1647509578544,2025
215,주중,20,승차,60.67816091954023,2025
215,주중,20,하차,104.61302681992338,2025
215,주중,21,승차,48.076628352490424,2025
215,주중,21,하차,85.85057471264368,2025
215,주중,22,승차,25.302681992337163,2025
215,주중,22,하차,63.97318007662835,2025
215,주중,23,승차,12.122605363984674,2025
215,주중,23,하차,37.85057471264368,2025
215,토,0,승차,0.6730769230769231,2025
215,토,0,하차,6.153846153846154,2025
215,토,1,승차,0.019230769230769232,2025
215,토,1,하차,0.057692307692307696,2025
215,토,2,승차,0.038461538461538464,2025
215,토,2,하차,0.09615384615384616,2025
215,토,3,승차,0.0,2025
215,토,3,하차,0.0,2025
215,토,4,승차,1.8076923076923077,2025
215,토,4,하차,0.1346153846153846,2025
215,토,5,승차,61.13461538461539,2025
215,토,5,하차,57.61538461538461,2025
215,토,6,승차,65.5576923076923,2025
215,토,6,하차,82.46153846153847,2025
215,토,7,승차,106.38461538461539,2025
215,토,7,하차,43.98076923076923,2025
215,토,8,승차,162.42307692307693,2025
215,토,8,하차,87.03846153846153,2025
215,토,9,승차,166.59615384615384,2025
215,토,9,하차,102.01923076923077,2025
215,토,10,승차,169.8653846153846,2025
215,토,10,하차,95.51923076923077,2025
215,토,11,승차,185.65384615384616,2025
215,토,11,하차,122.38461538461539,2025
215,토,12,승차,178.98076923076923,2025
215,토,12,하차,141.44230769230768,2025
215,토,13,승차,182.0,2025
215,토,13,하차,133.94230769230768,2025
215,토,14,승차,145.48076923076923,2025
215,토,14,하차,137.26923076923077,2025
215,토,15,승차,160.03846153846155,2025
215,토,15,하차,159.59615384615384,2025
215,토,16,승차,209.90384615384616,2025
215,토,16,하차,186.6346153846154,2025
215,토,17,승차,174.01923076923077,2025
215,토,17,하차,198.6346153846154,2025
215,토,18,승차,110.07692307692308,2025
215,토,18,하차,160.96153846153845,2025
215,토,19,승차,69.5576923076923,2025
215,토,19,하차,114.26923076923077,2025
215,토,20,승차,55.86538461538461,2025
215,토,20,하차,106.86538461538461,2025
215,토,21,승차,40.67307692307692,2025
215,토,21,하차,90.23076923076923,2025
215,토,22,승차,24.01923076923077,2025
215,토,22,하차,68.88461538461539,2025
215,토,23,승차,14.173076923076923,2025
215,토,23,하차,42.78846153846154,2025
216,일,0,승차,2.0384615384615383,2025
216,일,0,하차,8.653846153846153,2025
216,일,1,승차,0.057692307692307696,2025
216,일,1,하차,0.11538461538461539,2025
216,일,2,승차,0.019230769230769232,2025
216,일,2,하차,0.09615384615384616,2025
216,일,3,승차,0.0,2025
216,일,3,하차,0.0,2025
216,일,4,승차,1.5,2025
216,일,4,하차,0.6923076923076923,2025
216,일,5,승차,54.17307692307692,2025
216,일,5,하차,21.346153846153847,2025
216,일,6,승차,76.11538461538461,2025
216,일,6,하차,56.67307692307692,2025
216,일,7,승차,102.98076923076923,2025
216,일,7,하차,82.82692307692308,2025
216,일,8,승차,152.5,2025
216,일,8,하차,106.15384615384616,2025
216,일,9,승차,221.44230769230768,2025
216,일,9,하차,219.6346153846154,2025
216,일,10,승차,252.07692307692307,2025
216,일,10,하차,303.36538461538464,2025
216,일,11,승차,267.5192307692308,2025
216,일,11,하차,238.6153846153846,2025
216,일,12,승차,318.0,2025
216,일,12,하차,228.17307692307693,2025
216,일,13,승차,319.7692307692308,2025
216,일,13,하차,209.8653846153846,2025
216,일,14,승차,288.21153846153845,2025
216,일,14,하차,208.53846153846155,2025
216,일,15,승차,253.32692307692307,2025
216,일,15,하차,232.1153846153846,2025
216,일,16,승차,247.78846153846155,2025
216,일,16,하차,233.8653846153846,2025
216,일,17,승차,246.3846153846154,2025
216,일,17,하차,235.78846153846155,2025
216,일,18,승차,309.0,2025
216,일,18,하차,231.44230769230768,2025
216,일,19,승차,132.80769230769232,2025
216,일,19,하차,166.80769230769232,2025
216,일,20,승차,88.5576923076923,2025
216,일,20,하차,152.32692307692307,2025
216,일,21,승차,69.48076923076923,2025
216,일,21,하차,135.59615384615384,2025
216,일,22,승차,42.92307692307692,2025
216,일,22,하차,100.9423076923077,2025
216,일,23,승차,20.692307692307693,2025
216,일,23,하차,68.23076923076923,2025
216,주중,0,승차,2.2796934865900385,2025
216,주중,0,하차,11.264367816091953,2025
216,주중,1,승차,0.14942528735632185,2025
216,주중,1,하차,0.36015325670498083,2025
216,주중,2,승차,0.08812260536398467,2025
216,주중,2,하차,0.2222222222222222,2025
216,주중,3,승차,0.0,2025
216,주중,3,하차,0.011494252873563218,2025
216,주중,4,승차,1.793103448275862,2025
216,주중,4,하차,1.2413793103448276,2025
216,주중,5,승차,89.53256704980843,2025
216,주중,5,하차,40.16858237547893,2025
216,주중,6,승차,165.81992337164752,2025
216,주중,6,하차,128.48659003831418,2025
216,주중,7,승차,390.8199233716475,2025
216,주중,7,하차,245.28352490421457,2025
216,주중,8,승차,582.647509578544,2025
216,주중,8,하차,757.6781609195402,2025
216,주중,9,승차,375.9501915708812,2025
216,주중,9,하차,291.06513409961684,2025
216,주중,10,승차,300.4214559386973,2025
216,주중,10,하차,196.24904214559388,2025
216,주중,11,승차,277.0498084291188,2025
216,주중,11,하차,219.28735632183907,2025
216,주중,12,승차,297.9846743295019,2025
216,주중,12,하차,236.59003831417624,2025
216,주중,13,승차,301.86973180076626,2025
216,주중,13,하차,234.33716475095787,2025
216,주중,14,승차,279.92337164750955,2025
216,주중,14,하차,249.2030651340996,2025
216,주중,15,승차,290.82758620689657,2025
216,주중,15,하차,275.22222222222223,2025
216,주중,16,승차,375.5402298850575,2025
216,주중,16,하차,350.735632183908,2025
216,주중,17,승차,484.7432950191571,2025
216,주중,17,하차,413.6360153256705,2025
216,주중,18,승차,670.44061302682,2025
216,주중,18,하차,546.8199233716475,2025
216,주중,19,승차,219.24137931034483,2025
216,주중,19,하차,277.1417624521073,2025
216,주중,20,승차,143.59003831417624,2025
216,주중,20,하차,215.33716475095787,2025
216,주중,21,승차,115.93869731800767,2025
216,주중,21,하차,190.24521072796935,2025
216,주중,22,승차,70.70498084291188,2025
216,주중,22,하차,146.088122605364,2025
216,주중,23,승차,34.43295019157088,2025
216,주중,23,하차,106.01915708812261,2025
216,토,0,승차,2.0384615384615383,2025
216,토,0,하차,13.76923076923077,2025
216,토,1,승차,0.09615384615384616,2025
216,토,1,하차,0.09615384615384616,2025
216,토,2,승차,0.019230769230769232,2025
216,토,2,하차,0.07692307692307693,2025
216,토,3,승차,0.0,2025
216,토,3,하차,0.0,2025
216,토,4,승차,1.9423076923076923,2025
216,토,4,하차,0.9615384615384616,2025
216,토,5,승차,75.42307692307692,2025
216,토,5,하차,36.55769230769231,2025
216,토,6,승차,103.32692307692308,2025
216,토,6,하차,90.28846153846153,2025
216,토,7,승차,155.6346153846154,2025
216,토,7,하차,111.75,2025
216,토,8,승차,259.7692307692308,2025
216,토,8,하차,187.07692307692307,2025
216,토,9,승차,311.78846153846155,2025
216,토,9,하차,226.48076923076923,2025
216,토,10,승차,313.96153846153845,2025
216,토,10,하차,333.59615384615387,2025
216,토,11,승차,355.2307692307692,2025
216,토,11,하차,359.63461538461536,2025
216,토,12,승차,413.36538461538464,2025
216,토,12,하차,363.84615384615387,2025
216,토,13,승차,403.90384615384613,2025
216,토,13,하차,377.78846153846155,2025
216,토,14,승차,364.6730769230769,2025
216,토,14,하차,324.53846153846155,2025
216,토,15,승차,370.7692307692308,2025
216,토,15,하차,310.63461538461536,2025
216,토,16,승차,410.5,2025
216,토,16,하차,347.7307692307692,2025
216,토,17,승차,439.90384615384613,2025
216,토,17,하차,332.03846153846155,2025
216,토,18,승차,379.4230769230769,2025
216,토,18,하차,289.9807692307692,2025
216,토,19,승차,193.23076923076923,2025
216,토,19,하차,208.26923076923077,2025
216,토,20,승차,156.67307692307693,2025
216,토,20,하차,194.65384615384616,2025
216,토,21,승차,98.32692307692308,2025
216,토,21,하차,197.69230769230768,2025
216,토,22,승차,63.19230769230769,2025
216,토,22,하차,148.75,2025
216,토,23,승차,32.59615384615385,2025
216,토,23,하차,124.15384615384616,2025
217,일,0,승차,1.3269230769230769,2025
217,일,0,하차,7.346153846153846,2025
217,일,1,승차,0.0,2025
217,일,1,하차,0.038461538461538464,2025
217,일,2,승차,0.07692307692307693,2025
217,일,2,하차,0.07692307692307693,2025
217,일,3,승차,0.057692307692307696,2025
217,일,3,하차,0.11538461538461539,2025
217,일,4,승차,1.3076923076923077,2025
217,일,4,하차,1.4423076923076923,2025
217,일,5,승차,33.61538461538461,2025
217,일,5,하차,11.788461538461538,2025
217,일,6,승차,46.82692307692308,2025
217,일,6,하차,40.53846153846154,2025
217,일,7,승차,64.75,2025
217,일,7,하차,62.84615384615385,2025
217,일,8,승차,106.6923076923077,2025
217,일,8,하차,82.13461538461539,2025
217,일,9,승차,155.1346153846154,2025
217,일,9,하차,107.86538461538461,2025
217,일,10,승차,180.90384615384616,2025
217,일,10,하차,151.1153846153846,2025
217,일,11,승차,189.65384615384616,2025
217,일,11,하차,182.30769230769232,2025
217,일,12,승차,181.65384615384616,2025
217,일,12,하차,176.21153846153845,2025
217,일,13,승차,189.92307692307693,2025
217,일,13,하차,235.6153846153846,2025
217,일,14,승차,185.98076923076923,2025
217,일,14,하차,208.40384615384616,2025
217,일,15,승차,182.67307692307693,2025
217,일,15,하차,194.1153846153846,2025
217,일,16,승차,185.96153846153845,2025
217,일,16,하차,183.78846153846155,2025
217,일,17,승차,221.25,2025
217,일,17,하차,209.05769230769232,2025
217,일,18,승차,165.75,2025
217,일,18,하차,165.96153846153845,2025
217,일,19,승차,101.01923076923077,2025
217,일,19,하차,142.3846153846154,2025
217,일,20,승차,79.76923076923077,2025
217,일,20,하차,118.67307692307692,2025
217,일,21,승차,81.25,2025
217,일,21,하차,128.96153846153845,2025
217,일,22,승차,47.44230769230769,2025
217,일,22,하차,78.67307692307692,2025
217,일,23,승차,21.23076923076923,2025
217,일,23,하차,49.86538461538461,2025
217,주중,0,승차,3.0229885057471266,2025
217,주중,0,하차,9.149425287356323,2025
217,주중,1,승차,0.09195402298850575,2025
217,주중,1,하차,0.24904214559386972,2025
217,주중,2,승차,0.14942528735632185,2025
217,주중,2,하차,0.1724137931034483,2025
217,주중,3,승차,0.038314176245210725,2025
217,주중,3,하차,0.08812260536398467,2025
217,주중,4,승차,1.2950191570881227,2025
217,주중,4,하차,1.5517241379310345,2025
217,주중,5,승차,57.00383141762452,2025
217,주중,5,하차,44.95785440613027,2025
217,주중,6,승차,90.75862068965517,2025
217,주중,6,하차,131.36398467432952,2025
217,주중,7,승차,222.70114942528735,2025
217,주중,7,하차,531.8045977011494,2025
217,주중,8,승차,366.42911877394636,2025
217,주중,8,하차,1872.934865900383,2025
217,주중,9,승차,244.99233716475095,2025
217,주중,9,하차,373.8735632183908,2025
217,주중,10,승차,209.70114942528735,2025
217,주중,10,하차,202.43295019157088,2025
217,주중,11,승차,272.3141762452107,2025
217,주중,11,하차,198.75095785440612,2025
217,주중,12,승차,228.35249042145594,2025
217,주중,12,하차,258.5632183908046,2025
217,주중,13,승차,243.1455938697318,2025
217,주중,13,하차,241.1072796934866,2025
217,주중,14,승차,254.99233716475095,2025
217,주중,14,하차,230.1264367816092,2025
217,주중,15,승차,291.2528735632184,2025
217,주중,15,하차,229.39463601532566,2025
217,주중,16,승차,378.86206896551727,2025
217,주중,16,하차,250.59003831417624,2025
217,주중,17,승차,631.6360153256705,2025
217,주중,17,하차,327.9080459770115,2025
217,주중,18,승차,1393.9578544061303,2025
217,주중,18,하차,412.6513409961686,2025
217,주중,19,승차,283.3103448275862,2025
217,주중,19,하차,212.78927203065135,2025
217,주중,20,승차,190.02681992337165,2025
217,주중,20,하차,146.96934865900383,2025
217,주중,21,승차,140.36398467432952,2025
217,주중,21,하차,150.20689655172413,2025
217,주중,22,승차,141.71264367816093,2025
217,주중,22,하차,96.60919540229885,2025
217,주중,23,승차,40.63984674329502,2025
217,주중,23,하차,58.54022988505747,2025
217,토,0,승차,1.5,2025
217,토,0,하차,10.48076923076923,2025
217,토,1,승차,0.09615384615384616,2025
217,토,1,하차,0.057692307692307696,2025
217,토,2,승차,0.07692307692307693,2025
217,토,2,하차,0.17307692307692307,2025
217,토,3,승차,0.019230769230769232,2025
217,토,3,하차,0.07692307692307693,2025
217,토,4,승차,1.3653846153846154,2025
217,토,4,하차,1.6538461538461537,2025
217,토,5,승차,46.92307692307692,2025
217,토,5,하차,22.01923076923077,2025
217,토,6,승차,57.53846153846154,2025
217,토,6,하차,79.84615384615384,2025
217,토,7,승차,102.46153846153847,2025
217,토,7,하차,123.07692307692308,2025
217,토,8,승차,177.15384615384616,2025
217,토,8,하차,148.96153846153845,2025
217,토,9,승차,197.17307692307693,2025
217,토,9,하차,149.67307692307693,2025
217,토,10,승차,209.0,2025
217,토,10,하차,190.80769230769232,2025
217,토,11,승차,233.94230769230768,2025
217,토,11,하차,225.34615384615384,2025
217,토,12,승차,252.71153846153845,2025
217,토,12,하차,253.96153846153845,2025
217,토,13,승차,230.01923076923077,2025
217,토,13,하차,318.40384615384613,2025
217,토,14,승차,230.71153846153845,2025
217,토,14,하차,224.09615384615384,2025
217,토,15,승차,242.44230769230768,2025
217,토,15,하차,239.71153846153845,2025
217,토,16,승차,318.88461538461536,2025
217,토,16,하차,247.65384615384616,2025
217,토,17,승차,325.9807692307692,2025
217,토,17,하차,272.0576923076923,2025
217,토,18,승차,215.57692307692307,2025
217,토,18,하차,239.6346153846154,2025
217,토,19,승차,142.59615384615384,2025
217,토,19,하차,154.92307692307693,2025
217,토,20,승차,114.17307692307692,2025
217,토,20,하차,131.28846153846155,2025
217,토,21,승차,148.46153846153845,2025
217,토,21,하차,159.67307692307693,2025
217,토,22,승차,78.96153846153847,2025
217,토,22,하차,111.32692307692308,2025
217,토,23,승차,27.884615384615383,2025
217,토,23,하차,81.48076923076923,2025
218,일,0,승차,6.230769230769231,2025
218,일,0,하차,25.71153846153846,2025
218,일,1,승차,0.34615384615384615,2025
218,일,1,하차,0.09615384615384616,2025
218,일,2,승차,0.019230769230769232,2025
218,일,2,하차,1.0192307692307692,2025
218,일,3,승차,0.0,2025
218,일,3,하차,0.36538461538461536,2025
218,일,4,승차,2.2115384615384617,2025
218,일,4,하차,0.15384615384615385,2025
218,일,5,승차,76.82692307692308,2025
218,일,5,하차,20.384615384615383,2025
218,일,6,승차,84.23076923076923,2025
218,일,6,하차,50.46153846153846,2025
218,일,7,승차,121.40384615384616,2025
218,일,7,하차,84.73076923076923,2025
218,일,8,승차,197.98076923076923,2025
218,일,8,하차,178.84615384615384,2025
218,일,9,승차,270.84615384615387,2025
218,일,9,하차,333.1923076923077,2025
218,일,10,승차,285.9230769230769,2025
218,일,10,하차,421.6923076923077,2025
218,일,11,승차,306.03846153846155,2025
218,일,11,하차,739.8076923076923,2025
218,일,12,승차,432.6923076923077,2025
218,일,12,하차,899.8461538461538,2025
218,일,13,승차,476.78846153846155,2025
218,일,13,하차,923.5576923076923,2025
218,일,14,승차,542.1538461538462,2025
218,일,14,하차,881.9038461538462,2025
218,일,15,승차,615.5769230769231,2025
218,일,15,하차,895.25,2025
218,일,16,승차,676.7884615384615,2025
218,일,16,하차,923.0384615384615,2025
218,일,17,승차,682.0576923076923,2025
218,일,17,하차,869.9423076923077,2025
218,일,18,승차,602.4038461538462,2025
218,일,18,하차,693.0961538461538,2025
218,일,19,승차,528.7115384615385,2025
218,일,19,하차,506.11538461538464,2025
218,일,20,승차,491.53846153846155,2025
218,일,20,하차,342.25,2025
218,일,21,승차,459.4423076923077,2025
218,일,21,하차,282.71153846153845,2025
218,일,22,승차,311.7692307692308,2025
218,일,22,하차,202.19230769230768,2025
218,일,23,승차,195.42307692307693,2025
218,일,23,하차,111.5576923076923,2025
218,주중,0,승차,6.662835249042145,2025
218,주중,0,하차,33.93103448275862,2025
218,주중,1,승차,0.6091954022988506,2025
218,주중,1,하차,0.8544061302681992,2025
218,주중,2,승차,0.25287356321839083,2025
218,주중,2,하차,1.3103448275862069,2025
218,주중,3,승차,0.019157088122605363,2025
218,주중,3,하차,0.44061302681992337,2025
218,주중,4,승차,2.9386973180076628,2025
218,주중,4,하차,0.19923371647509577,2025
218,주중,5,승차,111.25287356321839,2025
218,주중,5,하차,34.32567049808429,2025
218,주중,6,승차,193.75095785440612,2025
218,주중,6,하차,84.63984674329502,2025
218,주중,7,승차,482.83141762452107,2025
218,주중,7,하차,434.55555555555554,2025
218,주중,8,승차,841.6704980842912,2025
218,주중,8,하차,1064.9157088122606,2025
218,주중,9,승차,451.43295019157085,2025
218,주중,9,하차,455.9846743295019,2025
218,주중,10,승차,326.5593869731801,2025
218,주중,10,하차,452.0689655172414,2025
218,주중,11,승차,333.2145593869732,2025
218,주중,11,하차,598.3716475095786,2025
218,주중,12,승차,435.6551724137931,2025
218,주중,12,하차,692.7509578544061,2025
218,주중,13,승차,482.0498084291188,2025
218,주중,13,하차,710.9885057471264,2025
218,주중,14,승차,519.6704980842912,2025
218,주중,14,하차,669.7816091954023,2025
218,주중,15,승차,619.8390804597701,2025
218,주중,15,하차,717.9348659003831,2025
218,주중,16,승차,753.8314176245211,2025
218,주중,16,하차,855.4942528735633,2025
218,주중,17,승차,812.0689655172414,2025
218,주중,17,하차,1171.4750957854405,2025
218,주중,18,승차,955.4252873563219,2025
218,주중,18,하차,1684.8582375478927,2025
218,주중,19,승차,557.2911877394636,2025
218,주중,19,하차,816.6283524904214,2025
218,주중,20,승차,549.7394636015325,2025
218,주중,20,하차,436.2758620689655,2025
218,주중,21,승차,559.3409961685824,2025
218,주중,21,하차,344.13793103448273,2025
218,주중,22,승차,452.5249042145594,2025
218,주중,22,하차,251.2911877394636,2025
218,주중,23,승차,253.97701149425288,2025
218,주중,23,하차,146.17241379310346,2025
218,토,0,승차,10.423076923076923,2025
218,토,0,하차,42.48076923076923,2025
218,토,1,승차,0.38461538461538464,2025
218,토,1,하차,0.23076923076923078,2025
218,토,2,승차,0.09615384615384616,2025
218,토,2,하차,1.0769230769230769,2025
218,토,3,승차,0.019230769230769232,2025
218,토,3,하차,0.19230769230769232,2025
218,토,4,승차,3.4615384615384617,2025
218,토,4,하차,0.11538461538461539,2025
218,토,5,승차,95.15384615384616,2025
218,토,5,하차,27.5,2025
218,토,6,승차,107.28846153846153,2025
218,토,6,하차,66.71153846153847,2025
218,토,7,승차,188.80769230769232,2025
218,토,7,하차,152.3846153846154,2025
218,토,8,승차,346.38461538461536,2025
218,토,8,하차,310.9807692307692,2025
218,토,9,승차,380.25,2025
218,토,9,하차,472.5769230769231,2025
218,토,10,승차,362.71153846153845,2025
218,토,10,하차,644.9038461538462,2025
218,토,11,승차,458.15384615384613,2025
218,토,11,하차,1021.25,2025
218,토,12,승차,578.6730769230769,2025
218,토,12,하차,1304.75,2025
218,토,13,승차,652.4423076923077,2025
218,토,13,하차,1316.6538461538462,2025
218,토,14,승차,746.1730769230769,2025
218,토,14,하차,1205.0961538461538,2025
218,토,15,승차,883.6538461538462,2025
218,토,15,하차,1230.8653846153845,2025
218,토,16,승차,1010.8846153846154,2025
218,토,16,하차,1302.076923076923,2025
218,토,17,승차,1034.8653846153845,2025
218,토,17,하차,1435.076923076923,2025
218,토,18,승차,891.1153846153846,2025
218,토,18,하차,1293.4038461538462,2025
218,토,19,승차,704.0,2025
218,토,19,하차,830.8653846153846,2025
218,토,20,승차,647.6153846153846,2025
218,토,20,하차,588.8846153846154,2025
218,토,21,승차,632.0,2025
218,토,21,하차,462.53846153846155,2025
218,토,22,승차,495.1923076923077,2025
218,토,22,하차,313.84615384615387,2025
218,토,23,승차,374.86538461538464,2025
218,토,23,하차,186.53846153846155,2025
219,일,0,승차,6.576923076923077,2025
219,일,0,하차,62.48076923076923,2025
219,일,1,승차,0.5,2025
219,일,1,하차,0.09615384615384616,2025
219,일,2,승차,0.038461538461538464,2025
219,일,2,하차,0.0,2025
219,일,3,승차,0.0,2025
219,일,3,하차,0.0,2025
219,일,4,승차,7.096153846153846,2025
219,일,4,하차,0.8076923076923077,2025
219,일,5,승차,226.92307692307693,2025
219,일,5,하차,66.15384615384616,2025
219,일,6,승차,223.44230769230768,2025
219,일,6,하차,168.28846153846155,2025
219,일,7,승차,235.32692307692307,2025
219,일,7,하차,244.3846153846154,2025
219,일,8,승차,346.09615384615387,2025
219,일,8,하차,425.84615384615387,2025
219,일,9,승차,543.4038461538462,2025
219,일,9,하차,950.9038461538462,2025
219,일,10,승차,688.3653846153846,2025
219,일,10,하차,1206.0,2025
219,일,11,승차,903.5769230769231,2025
219,일,11,하차,1743.75,2025
219,일,12,승차,1074.0576923076924,2025
219,일,12,하차,1885.076923076923,2025
219,일,13,승차,1326.7884615384614,2025
219,일,13,하차,1778.9807692307693,2025
219,일,14,승차,1580.826923076923,2025
219,일,14,하차,1810.3076923076924,2025
219,일,15,승차,1886.5192307692307,2025
219,일,15,하차,1571.75,2025
219,일,16,승차,2063.730769230769,2025
219,일,16,하차,1525.423076923077,2025
219,일,17,승차,1993.5,2025
219,일,17,하차,1357.6346153846155,2025
219,일,18,승차,1761.1153846153845,2025
219,일,18,하차,1143.1538461538462,2025
219,일,19,승차,1486.3076923076924,2025
219,일,19,하차,784.4230769230769,2025
219,일,20,승차,1359.173076923077,2025
219,일,20,하차,614.3269230769231,2025
219,일,21,승차,972.3076923076923,2025
219,일,21,하차,486.84615384615387,2025
219,일,22,승차,686.6346153846154,2025
219,일,22,하차,339.6923076923077,2025
219,일,23,승차,459.0192307692308,2025
219,일,23,하차,184.30769230769232,2025
219,주중,0,승차,7.314176245210728,2025
219,주중,0,하차,75.00766283524904,2025
219,주중,1,승차,0.6015325670498084,2025
219,주중,1,하차,1.842911877394636,2025
219,주중,2,승차,0.06130268199233716,2025
219,주중,2,하차,0.20689655172413793,2025
219,주중,3,승차,0.04597701149425287,2025
219,주중,3,하차,0.13793103448275862,2025
219,주중,4,승차,4.735632183908046,2025
219,주중,4,하차,0.5402298850574713,2025
219,주중,5,승차,208.4750957854406,2025
219,주중,5,하차,114.53639846743295,2025
219,주중,6,승차,263.9425287356322,2025
219,주중,6,하차,240.26053639846742,2025
219,주중,7,승차,550.4444444444445,2025
219,주중,7,하차,540.7049808429118,2025
219,주중,8,승차,879.7586206896551,2025
219,주중,8,하차,1940.6360153256705,2025
219,주중,9,승차,769.5210727969348,2025
219,주중,9,하차,2048.9885057471265,2025
219,주중,10,승차,949.9463601532567,2025
219,주중,10,하차,1647.4214559386974,2025
219,주중,11,승차,1188.16091954023,2025
219,주중,11,하차,1898.344827586207,2025
219,주중,12,승차,1436.942528735632,2025
219,주중,12,하차,1780.4329501915709,2025
219,주중,13,승차,1568.704980842912,2025
219,주중,13,하차,1881.766283524904,2025
219,주중,14,승차,1768.295019157088,2025
219,주중,14,하차,1719.0191570881227,2025
219,주중,15,승차,2065.8582375478927,2025
219,주중,15,하차,1759.5670498084291,2025
219,주중,16,승차,2276.229885057471,2025
219,주중,16,하차,1787.5900383141764,2025
219,주중,17,승차,2376.712643678161,2025
219,주중,17,하차,2124.9808429118775,2025
219,주중,18,승차,2459.911877394636,2025
219,주중,18,하차,2466.8237547892722,2025
219,주중,19,승차,1582.344827586207,2025
219,주중,19,하차,1184.8352490421455,2025
219,주중,20,승차,1490.5249042145595,2025
219,주중,20,하차,751.6934865900383,2025
219,주중,21,승차,1258.7471264367816,2025
219,주중,21,하차,528.080459770115,2025
219,주중,22,승차,909.6130268199233,2025
219,주중,22,하차,396.4176245210728,2025
219,주중,23,승차,587.272030651341,2025
219,주중,23,하차,225.01532567049807,2025
219,토,0,승차,11.173076923076923,2025
219,토,0,하차,116.59615384615384,2025
219,토,1,승차,0.46153846153846156,2025
219,토,1,하차,0.038461538461538464,2025
219,토,2,승차,0.038461538461538464,2025
219,토,2,하차,0.23076923076923078,2025
219,토,3,승차,0.0,2025
219,토,3,하차,0.038461538461538464,2025
219,토,4,승차,6.4423076923076925,2025
219,토,4,하차,0.38461538461538464,2025
219,토,5,승차,238.05769230769232,2025
219,토,5,하차,115.25,2025
219,토,6,승차,228.82692307692307,2025
219,토,6,하차,221.01923076923077,2025
219,토,7,승차,304.8076923076923,2025
219,토,7,하차,358.15384615384613,2025
219,토,8,승차,478.90384615384613,2025
219,토,8,하차,958.2115384615385,2025
219,토,9,승차,739.6538461538462,2025
219,토,9,하차,1854.7692307692307,2025
219,토,10,승차,1066.0384615384614,2025
219,토,10,하차,1951.173076923077,2025
219,토,11,승차,1399.326923076923,2025
219,토,11,하차,2601.730769230769,2025
219,토,12,승차,1713.8461538461538,2025
219,토,12,하차,2666.326923076923,2025
219,토,13,승차,1973.7692307692307,2025
219,토,13,하차,2705.75,2025
219,토,14,승차,2298.923076923077,2025
219,토,14,하차,2452.5576923076924,2025
219,토,15,승차,2702.980769230769,2025
219,토,15,하차,2188.903846153846,2025
219,토,16,승차,2949.2884615384614,2025
219,토,16,하차,2211.9615384615386,2025
219,토,17,승차,2821.8653846153848,2025
219,토,17,하차,2227.019230769231,2025
219,토,18,승차,2376.4615384615386,2025
219,토,18,하차,1781.6346153846155,2025
219,토,19,승차,1929.9038461538462,2025
219,토,19,하차,1229.826923076923,2025
219,토,20,승차,1827.423076923077,2025
219,토,20,하차,981.8269230769231,2025
219,토,21,승차,1406.6923076923076,2025
219,토,21,하차,846.1153846153846,2025
219,토,22,승차,1096.173076923077,2025
219,토,22,하차,602.8846153846154,2025
219,토,23,승차,852.0961538461538,2025
219,토,23,하차,363.9423076923077,2025
220,일,0,승차,1.9807692307692308,2025
220,일,0,하차,13.711538461538462,2025
220,일,1,승차,0.038461538461538464,2025
220,일,1,하차,0.038461538461538464,2025
220,일,2,승차,0.0,2025
220,일,2,하차,0.0,2025
220,일,3,승차,0.0,2025
220,일,3,하차,0.0,2025
220,일,4,승차,1.3076923076923077,2025
220,일,4,하차,0.9038461538461539,2025
220,일,5,승차,73.98076923076923,2025
220,일,5,하차,36.38461538461539,2025
220,일,6,승차,98.90384615384616,2025
220,일,6,하차,84.53846153846153,2025
220,일,7,승차,151.48076923076923,2025
220,일,7,하차,69.21153846153847,2025
220,일,8,승차,204.65384615384616,2025
220,일,8,하차,126.86538461538461,2025
220,일,9,승차,284.6923076923077,2025
220,일,9,하차,170.48076923076923,2025
220,일,10,승차,281.53846153846155,2025
220,일,10,하차,226.69230769230768,2025
220,일,11,승차,312.88461538461536,2025
220,일,11,하차,214.3846153846154,2025
220,일,12,승차,296.6730769230769,2025
220,일,12,하차,205.23076923076923,2025
220,일,13,승차,289.2307692307692,2025
220,일,13,하차,275.11538461538464,2025
220,일,14,승차,267.6730769230769,2025
220,일,14,하차,215.67307692307693,2025
220,일,15,승차,279.5769230769231,2025
220,일,15,하차,257.96153846153845,2025
220,일,16,승차,284.3076923076923,2025
220,일,16,하차,267.90384615384613,2025
220,일,17,승차,230.0,2025
220,일,17,하차,282.8269230769231,2025
220,일,18,승차,192.73076923076923,2025
220,일,18,하차,239.78846153846155,2025
220,일,19,승차,132.76923076923077,2025
220,일,19,하차,188.57692307692307,2025
220,일,20,승차,104.57692307692308,2025
220,일,20,하차,164.01923076923077,2025
220,일,21,승차,78.26923076923077,2025
220,일,21,하차,168.48076923076923,2025
220,일,22,승차,56.38461538461539,2025
220,일,22,하차,104.51923076923077,2025
220,일,23,승차,21.942307692307693,2025
220,일,23,하차,53.67307692307692,2025
220,주중,0,승차,2.0191570881226055,2025
220,주중,0,하차,19.061302681992338,2025
220,주중,1,승차,0.23371647509578544,2025
220,주중,1,하차,0.4827586206896552,2025
220,주중,2,승차,0.04980842911877394,2025
220,주중,2,하차,0.2835249042145594,2025
220,주중,3,승차,0.022988505747126436,2025
220,주중,3,하차,0.05363984674329502,2025
220,주중,4,승차,1.632183908045977,2025
220,주중,4,하차,1.1417624521072798,2025
220,주중,5,승차,144.54789272030652,2025
220,주중,5,하차,71.03831417624521,2025
220,주중,6,승차,220.35632183908046,2025
220,주중,6,하차,159.8735632183908,2025
220,주중,7,승차,572.2528735632184,2025
220,주중,7,하차,282.55172413793105,2025
220,주중,8,승차,876.9616858237548,2025
220,주중,8,하차,917.1954022988506,2025
220,주중,9,승차,523.7931034482758,2025
220,주중,9,하차,385.86206896551727,2025
220,주중,10,승차,402.6896551724138,2025
220,주중,10,하차,299.4176245210728,2025
220,주중,11,승차,411.1647509578544,2025
220,주중,11,하차,280.9272030651341,2025
220,주중,12,승차,394.6551724137931,2025
220,주중,12,하차,285.823754789272,2025
220,주중,13,승차,346.11877394636014,2025
220,주중,13,하차,320.77777777777777,2025
220,주중,14,승차,349.52107279693485,2025
220,주중,14,하차,342.63984674329504,2025
220,주중,15,승차,394.088122605364,2025
220,주중,15,하차,384.91570881226056,2025
220,주중,16,승차,449.67432950191574,2025
220,주중,16,하차,416.7739463601533,2025
220,주중,17,승차,622.7701149425287,2025
220,주중,17,하차,522.0229885057471,2025
220,주중,18,승차,606.6934865900383,2025
220,주중,18,하차,639.3371647509579,2025
220,주중,19,승차,222.66283524904213,2025
220,주중,19,하차,323.31800766283527,2025
220,주중,20,승차,147.63601532567048,2025
220,주중,20,하차,234.13409961685824,2025
220,주중,21,승차,118.28735632183908,2025
220,주중,21,하차,205.03831417624522,2025
220,주중,22,승차,84.53639846743295,2025
220,주중,22,하차,147.7816091954023,2025
220,주중,23,승차,30.82375478927203,2025
220,주중,23,하차,72.8735632183908,2025
220,토,0,승차,2.3846153846153846,2025
220,토,0,하차,22.53846153846154,2025
220,토,1,승차,0.07692307692307693,2025
220,토,1,하차,0.07692307692307693,2025
220,토,2,승차,0.0,2025
220,토,2,하차,0.19230769230769232,2025
220,토,3,승차,0.0,2025
220,토,3,하차,0.0,2025
220,토,4,승차,1.25,2025
220,토,4,하차,0.9230769230769231,2025
220,토,5,승차,112.75,2025
220,토,5,하차,57.88461538461539,2025
220,토,6,승차,131.8846153846154,2025
220,토,6,하차,126.3076923076923,2025
220,토,7,승차,223.1346153846154,2025
220,토,7,하차,155.53846153846155,2025
220,토,8,승차,352.9807692307692,2025
220,토,8,하차,466.71153846153845,2025
220,토,9,승차,407.15384615384613,2025
220,토,9,하차,298.0769230769231,2025
220,토,10,승차,397.15384615384613,2025
220,토,10,하차,310.28846153846155,2025
220,토,11,승차,437.53846153846155,2025
220,토,11,하차,321.28846153846155,2025
220,토,12,승차,486.0,2025
220,토,12,하차,318.7692307692308,2025
220,토,13,승차,524.8269230769231,2025
220,토,13,하차,378.4423076923077,2025
220,토,14,승차,358.63461538461536,2025
220,토,14,하차,327.0,2025
220,토,15,승차,384.5576923076923,2025
220,토,15,하차,321.75,2025
220,토,16,승차,474.38461538461536,2025
220,토,16,하차,359.7307692307692,2025
220,토,17,승차,395.13461538461536,2025
220,토,17,하차,342.5576923076923,2025
220,토,18,승차,290.63461538461536,2025
220,토,18,하차,284.03846153846155,2025
220,토,19,승차,176.30769230769232,2025
220,토,19,하차,225.34615384615384,2025
220,토,20,승차,124.9423076923077,2025
220,토,20,하차,191.30769230769232,2025
220,토,21,승차,105.13461538461539,2025
220,토,21,하차,221.3846153846154,2025
220,토,22,승차,78.28846153846153,2025
220,토,22,하차,146.42307692307693,2025
220,토,23,승차,33.32692307692308,2025
220,토,23,하차,86.42307692307692,2025
221,일,0,승차,1.2115384615384615,2025
221,일,0,하차,12.326923076923077,2025
221,일,1,승차,0.07692307692307693,2025
221,일,1,하차,0.1346153846153846,2025
221,일,2,승차,0.019230769230769232,2025
221,일,2,하차,0.019230769230769232,2025
221,일,3,승차,0.0,2025
221,일,3,하차,0.0,2025
221,일,4,승차,0.7692307692307693,2025
221,일,4,하차,0.3269230769230769,2025
221,일,5,승차,71.86538461538461,2025
221,일,5,하차,15.403846153846153,2025
221,일,6,승차,83.59615384615384,2025
221,일,6,하차,35.90384615384615,2025
221,일,7,승차,108.38461538461539,2025
221,일,7,하차,45.19230769230769,2025
221,일,8,승차,157.94230769230768,2025
221,일,8,하차,67.25,2025
221,일,9,승차,223.19230769230768,2025
221,일,9,하차,77.65384615384616,2025
221,일,10,승차,237.73076923076923,2025
221,일,10,하차,83.5,2025
221,일,11,승차,224.26923076923077,2025
221,일,11,하차,94.59615384615384,2025
221,일,12,승차,197.5,2025
221,일,12,하차,118.63461538461539,2025
221,일,13,승차,184.82692307692307,2025
221,일,13,하차,138.23076923076923,2025
221,일,14,승차,164.67307692307693,2025
221,일,14,하차,148.28846153846155,2025
221,일,15,승차,139.03846153846155,2025
221,일,15,하차,219.59615384615384,2025
221,일,16,승차,140.69230769230768,2025
221,일,16,하차,221.07692307692307,2025
221,일,17,승차,113.38461538461539,2025
221,일,17,하차,222.84615384615384,2025
221,일,18,승차,91.63461538461539,2025
221,일,18,하차,181.80769230769232,2025
221,일,19,승차,53.01923076923077,2025
221,일,19,하차,158.07692307692307,2025
221,일,20,승차,43.71153846153846,2025
221,일,20,하차,121.76923076923077,2025
221,일,21,승차,28.596153846153847,2025
221,일,21,하차,123.0,2025
221,일,22,승차,20.846153846153847,2025
221,일,22,하차,82.8076923076923,2025
221,일,23,승차,10.788461538461538,2025
221,일,23,하차,47.98076923076923,2025
221,주중,0,승차,1.8237547892720307,2025
221,주중,0,하차,14.245210727969349,2025
221,주중,1,승차,0.2260536398467433,2025
221,주중,1,하차,0.36398467432950193,2025
221,주중,2,승차,0.1111111111111111,2025
221,주중,2,하차,0.20689655172413793,2025
221,주중,3,승차,0.011494252873563218,2025
221,주중,3,하차,0.08045977011494253,2025
221,주중,4,승차,1.1724137931034482,2025
221,주중,4,하차,0.7049808429118773,2025
221,주중,5,승차,135.43295019157088,2025
221,주중,5,하차,32.89272030651341,2025
221,주중,6,승차,191.94252873563218,2025
221,주중,6,하차,81.71264367816092,2025
221,주중,7,승차,426.35632183908046,2025
221,주중,7,하차,104.05747126436782,2025
221,주중,8,승차,566.5632183908046,2025
221,주중,8,하차,235.66666666666666,2025
221,주중,9,승차,357.5593869731801,2025
221,주중,9,하차,123.21072796934865,2025
221,주중,10,승차,252.59003831417624,2025
221,주중,10,하차,130.04980842911877,2025
221,주중,11,승차,233.15708812260536,2025
221,주중,11,하차,176.79310344827587,2025
221,주중,12,승차,228.28352490421457,2025
221,주중,12,하차,191.43295019157088,2025
221,주중,13,승차,240.3448275862069,2025
221,주중,13,하차,185.80459770114942,2025
221,주중,14,승차,196.4750957854406,2025
221,주중,14,하차,214.21072796934865,2025
221,주중,15,승차,172.20689655172413,2025
221,주중,15,하차,266.3524904214559,2025
221,주중,16,승차,208.2030651340996,2025
221,주중,16,하차,345.0727969348659,2025
221,주중,17,승차,222.1455938697318,2025
221,주중,17,하차,388.96934865900386,2025
221,주중,18,승차,229.33333333333334,2025
221,주중,18,하차,468.99233716475095,2025
221,주중,19,승차,95.16858237547893,2025
221,주중,19,하차,239.95019157088123,2025
221,주중,20,승차,67.76628352490421,2025
221,주중,20,하차,167.08429118773947,2025
221,주중,21,승차,46.888888888888886,2025
221,주중,21,하차,154.639846743295,2025
221,주중,22,승차,28.375478927203066,2025
221,주중,22,하차,113.14176245210729,2025
221,주중,23,승차,14.89655172413793,2025
221,주중,23,하차,62.58620689655172,2025
221,토,0,승차,1.7692307692307692,2025
221,토,0,하차,17.557692307692307,2025
221,토,1,승차,0.15384615384615385,2025
221,토,1,하차,0.1346153846153846,2025
221,토,2,승차,0.0,2025
221,토,2,하차,0.038461538461538464,2025
221,토,3,승차,0.0,2025
221,토,3,하차,0.0,2025
221,토,4,승차,0.8461538461538461,2025
221,토,4,하차,0.40384615384615385,2025
221,토,5,승차,103.59615384615384,2025
221,토,5,하차,27.51923076923077,2025
221,토,6,승차,117.76923076923077,2025
221,토,6,하차,69.09615384615384,2025
221,토,7,승차,173.44230769230768,2025
221,토,7,하차,61.15384615384615,2025
221,토,8,승차,269.03846153846155,2025
221,토,8,하차,114.4423076923077,2025
221,토,9,승차,287.59615384615387,2025
221,토,9,하차,103.48076923076923,2025
221,토,10,승차,275.86538461538464,2025
221,토,10,하차,125.76923076923077,2025
221,토,11,승차,287.7307692307692,2025
221,토,11,하차,155.40384615384616,2025
221,토,12,승차,274.65384615384613,2025
221,토,12,하차,183.5,2025
221,토,13,승차,243.1153846153846,2025
221,토,13,하차,187.67307692307693,2025
221,토,14,승차,197.84615384615384,2025
221,토,14,하차,196.78846153846155,2025
221,토,15,승차,186.80769230769232,2025
221,토,15,하차,235.15384615384616,2025
221,토,16,승차,223.19230769230768,2025
221,토,16,하차,275.1730769230769,2025
221,토,17,승차,196.92307692307693,2025
221,토,17,하차,286.3269230769231,2025
221,토,18,승차,138.03846153846155,2025
221,토,18,하차,224.78846153846155,2025
221,토,19,승차,82.63461538461539,2025
221,토,19,하차,173.55769230769232,2025
221,토,20,승차,62.92307692307692,2025
221,토,20,하차,147.15384615384616,2025
221,토,21,승차,42.19230769230769,2025
221,토,21,하차,157.07692307692307,2025
221,토,22,승차,28.21153846153846,2025
221,토,22,하차,116.26923076923077,2025
221,토,23,승차,16.71153846153846,2025
221,토,23,하차,75.3076923076923,2025
222,일,0,승차,2.75,2025
222,일,0,하차,18.846153846153847,2025
222,일,1,승차,0.057692307692307696,2025
222,일,1,하차,0.0,2025
222,일,2,승차,0.0,2025
222,일,2,하차,0.057692307692307696,2025
222,일,3,승차,0.0,2025
222,일,3,하차,0.0,2025
222,일,4,승차,0.3076923076923077,2025
222,일,4,하차,0.0,2025
222,일,5,승차,66.07692307692308,2025
222,일,5,하차,28.98076923076923,2025
222,일,6,승차,88.73076923076923,2025
222,일,6,하차,48.69230769230769,2025
222,일,7,승차,131.01923076923077,2025
222,일,7,하차,76.13461538461539,2025
222,일,8,승차,197.23076923076923,2025
222,일,8,하차,119.6923076923077,2025
222,일,9,승차,285.09615384615387,2025
222,일,9,하차,226.17307692307693,2025
222,일,10,승차,283.53846153846155,2025
222,일,10,하차,163.21153846153845,2025
222,일,11,승차,387.5769230769231,2025
222,일,11,하차,174.82692307692307,2025
222,일,12,승차,327.63461538461536,2025
222,일,12,하차,175.09615384615384,2025
222,일,13,승차,316.5576923076923,2025
222,일,13,하차,188.25,2025
222,일,14,승차,264.63461538461536,2025
222,일,14,하차,227.6153846153846,2025
222,일,15,승차,254.03846153846155,2025
222,일,15,하차,248.44230769230768,2025
222,일,16,승차,245.26923076923077,2025
222,일,16,하차,304.2692307692308,2025
222,일,17,승차,210.8846153846154,2025
222,일,17,하차,291.38461538461536,2025
222,일,18,승차,148.21153846153845,2025
222,일,18,하차,253.32692307692307,2025
222,일,19,승차,108.92307692307692,2025
222,일,19,하차,218.44230769230768,2025
222,일,20,승차,89.96153846153847,2025
222,일,20,하차,224.67307692307693,2025
222,일,21,승차,73.48076923076923,2025
222,일,21,하차,217.3653846153846,2025
222,일,22,승차,47.13461538461539,2025
222,일,22,하차,174.90384615384616,2025
222,일,23,승차,35.44230769230769,2025
222,일,23,하차,108.0576923076923,2025
222,주중,0,승차,3.735632183908046,2025
222,주중,0,하차,22.35632183908046,2025
222,주중,1,승차,0.11494252873563218,2025
222,주중,1,하차,0.32567049808429116,2025
222,주중,2,승차,0.06513409961685823,2025
222,주중,2,하차,0.19157088122605365,2025
222,주중,3,승차,0.02681992337164751,2025
222,주중,3,하차,0.10727969348659004,2025
222,주중,4,승차,0.9042145593869731,2025
222,주중,4,하차,0.12643678160919541,2025
222,주중,5,승차,121.60919540229885,2025
222,주중,5,하차,45.45977011494253,2025
222,주중,6,승차,202.16858237547893,2025
222,주중,6,하차,87.73946360153256,2025
222,주중,7,승차,535.2681992337165,2025
222,주중,7,하차,206.91570881226053,2025
222,주중,8,승차,754.9540229885057,2025
222,주중,8,하차,747.0613026819923,2025
222,주중,9,승차,419.0191570881226,2025
222,주중,9,하차,676.9770114942529,2025
222,주중,10,승차,382.60536398467434,2025
222,주중,10,하차,513.9233716475096,2025
222,주중,11,승차,410.04597701149424,2025
222,주중,11,하차,373.2988505747126,2025
222,주중,12,승차,472.60919540229884,2025
222,주중,12,하차,434.8582375478927,2025
222,주중,13,승차,509.91570881226056,2025
222,주중,13,하차,357.46360153256705,2025
222,주중,14,승차,538.7777777777778,2025
222,주중,14,하차,322.2605363984674,2025
222,주중,15,승차,611.8965517241379,2025
222,주중,15,하차,358.84674329501917,2025
222,주중,16,승차,697.3218390804598,2025
222,주중,16,하차,425.32567049808426,2025
222,주중,17,승차,702.0651340996169,2025
222,주중,17,하차,503.64367816091954,2025
222,주중,18,승차,448.57471264367814,2025
222,주중,18,하차,645.9425287356322,2025
222,주중,19,승차,208.1455938697318,2025
222,주중,19,하차,324.49808429118775,2025
222,주중,20,승차,163.904214559387,2025
222,주중,20,하차,240.7471264367816,2025
222,주중,21,승차,143.60536398467434,2025
222,주중,21,하차,215.03831417624522,2025
222,주중,22,승차,106.01915708812261,2025
222,주중,22,하차,186.75095785440612,2025
222,주중,23,승차,64.16858237547893,2025
222,주중,23,하차,124.5095785440613,2025
222,토,0,승차,3.0576923076923075,2025
222,토,0,하차,26.307692307692307,2025
222,토,1,승차,0.0,2025
222,토,1,하차,0.0,2025
222,토,2,승차,0.0,2025
222,토,2,하차,0.0,2025
222,토,3,승차,0.0,2025
222,토,3,하차,0.0,2025
222,토,4,승차,1.2692307692307692,2025
222,토,4,하차,0.09615384615384616,2025
222,토,5,승차,97.96153846153847,2025
222,토,5,하차,45.17307692307692,2025
222,토,6,승차,121.34615384615384,2025
222,토,6,하차,65.96153846153847,2025
222,토,7,승차,211.94230769230768,2025
222,토,7,하차,89.84615384615384,2025
222,토,8,승차,325.3269230769231,2025
222,토,8,하차,173.65384615384616,2025
222,토,9,승차,345.8269230769231,2025
222,토,9,하차,193.17307692307693,2025
222,토,10,승차,363.65384615384613,2025
222,토,10,하차,171.17307692307693,2025
222,토,11,승차,404.5192307692308,2025
222,토,11,하차,198.48076923076923,2025
222,토,12,승차,390.2692307692308,2025
222,토,12,하차,245.1153846153846,2025
222,토,13,승차,375.21153846153845,2025
222,토,13,하차,258.6730769230769,2025
222,토,14,승차,308.40384615384613,2025
222,토,14,하차,259.3269230769231,2025
222,토,15,승차,296.9807692307692,2025
222,토,15,하차,296.4423076923077,2025
222,토,16,승차,345.5769230769231,2025
222,토,16,하차,337.8076923076923,2025
222,토,17,승차,339.5,2025
222,토,17,하차,350.53846153846155,2025
222,토,18,승차,228.6153846153846,2025
222,토,18,하차,299.38461538461536,2025
222,토,19,승차,146.15384615384616,2025
222,토,19,하차,221.98076923076923,2025
222,토,20,승차,115.98076923076923,2025
222,토,20,하차,208.98076923076923,2025
222,토,21,승차,92.67307692307692,2025
222,토,21,하차,211.57692307692307,2025
222,토,22,승차,64.40384615384616,2025
222,토,22,하차,184.09615384615384,2025
222,토,23,승차,45.57692307692308,2025
222,토,23,하차,147.8653846153846,2025
223,일,0,승차,3.173076923076923,2025
223,일,0,하차,21.01923076923077,2025
223,일,1,승차,0.07692307692307693,2025
223,일,1,하차,0.038461538461538464,2025
223,일,2,승차,0.0,2025
223,일,2,하차,0.0,2025
223,일,3,승차,0.0,2025
223,일,3,하차,0.0,2025
223,일,4,승차,1.0769230769230769,2025
223,일,4,하차,0.3269230769230769,2025
223,일,5,승차,95.26923076923077,2025
223,일,5,하차,32.65384615384615,2025
223,일,6,승차,137.0,2025
223,일,6,하차,65.8076923076923,2025
223,일,7,승차,186.1153846153846,2025
223,일,7,하차,69.09615384615384,2025
223,일,8,승차,292.59615384615387,2025
223,일,8,하차,92.40384615384616,2025
223,일,9,승차,401.13461538461536,2025
223,일,9,하차,151.92307692307693,2025
223,일,10,승차,400.5192307692308,2025
223,일,10,하차,162.8846153846154,2025
223,일,11,승차,423.15384615384613,2025
223,일,11,하차,209.23076923076923,2025
223,일,12,승차,397.34615384615387,2025
223,일,12,하차,229.3653846153846,2025
223,일,13,승차,379.63461538461536,2025
223,일,13,하차,269.25,2025
223,일,14,승차,332.6923076923077,2025
223,일,14,하차,329.7307692307692,2025
223,일,15,승차,297.03846153846155,2025
223,일,15,하차,368.63461538461536,2025
223,일,16,승차,278.96153846153845,2025
223,일,16,하차,433.40384615384613,2025
223,일,17,승차,247.8846153846154,2025
223,일,17,하차,427.78846153846155,2025
223,일,18,승차,191.15384615384616,2025
223,일,18,하차,392.53846153846155,2025
223,일,19,승차,134.1153846153846,2025
223,일,19,하차,293.9423076923077,2025
223,일,20,승차,104.03846153846153,2025
223,일,20,하차,286.03846153846155,2025
223,일,21,승차,76.8076923076923,2025
223,일,21,하차,244.07692307692307,2025
223,일,22,승차,61.11538461538461,2025
223,일,22,하차,180.94230769230768,2025
223,일,23,승차,33.92307692307692,2025
223,일,23,하차,121.90384615384616,2025
223,주중,0,승차,4.164750957854406,2025
223,주중,0,하차,26.835249042145595,2025
223,주중,1,승차,0.1417624521072797,2025
223,주중,1,하차,0.5632183908045977,2025
223,주중,2,승차,0.06896551724137931,2025
223,주중,2,하차,0.2835249042145594,2025
223,주중,3,승차,0.0038314176245210726,2025
223,주중,3,하차,0.019157088122605363,2025
223,주중,4,승차,1.2681992337164751,2025
223,주중,4,하차,0.685823754789272,2025
223,주중,5,승차,179.48659003831418,2025
223,주중,5,하차,47.70498084291188,2025
223,주중,6,승차,328.88122605363986,2025
223,주중,6,하차,164.34099616858236,2025
223,주중,7,승차,850.9693486590038,2025
223,주중,7,하차,380.2911877394636,2025
223,주중,8,승차,1180.9310344827586,2025
223,주중,8,하차,742.6091954022988,2025
223,주중,9,승차,700.7892720306513,2025
223,주중,9,하차,495.7164750957854,2025
223,주중,10,승차,656.4329501915709,2025
223,주중,10,하차,421.2835249042146,2025
223,주중,11,승차,661.3869731800767,2025
223,주중,11,하차,398.264367816092,2025
223,주중,12,승차,606.9233716475096,2025
223,주중,12,하차,447.35632183908046,2025
223,주중,13,승차,526.7509578544061,2025
223,주중,13,하차,543.6666666666666,2025
223,주중,14,승차,539.2911877394636,2025
223,주중,14,하차,510.71264367816093,2025
223,주중,15,승차,557.6436781609195,2025
223,주중,15,하차,574.7164750957854,2025
223,주중,16,승차,557.7049808429118,2025
223,주중,16,하차,644.0268199233717,2025
223,주중,17,승차,693.7816091954023,2025
223,주중,17,하차,878.0727969348659,2025
223,주중,18,승차,510.1954022988506,2025
223,주중,18,하차,1109.808429118774,2025
223,주중,19,승차,224.64750957854406,2025
223,주중,19,하차,473.2260536398467,2025
223,주중,20,승차,160.6934865900383,2025
223,주중,20,하차,352.79693486590037,2025
223,주중,21,승차,123.86973180076629,2025
223,주중,21,하차,292.6704980842912,2025
223,주중,22,승차,92.75095785440612,2025
223,주중,22,하차,236.1647509578544,2025
223,주중,23,승차,51.735632183908045,2025
223,주중,23,하차,161.00766283524905,2025
223,토,0,승차,4.961538461538462,2025
223,토,0,하차,34.42307692307692,2025
223,토,1,승차,0.11538461538461539,2025
223,토,1,하차,0.09615384615384616,2025
223,토,2,승차,0.0,2025
223,토,2,하차,0.0,2025
223,토,3,승차,0.0,2025
223,토,3,하차,0.0,2025
223,토,4,승차,1.4230769230769231,2025
223,토,4,하차,0.5576923076923077,2025
223,토,5,승차,147.03846153846155,2025
223,토,5,하차,43.30769230769231,2025
223,토,6,승차,184.90384615384616,2025
223,토,6,하차,97.42307692307692,2025
223,토,7,승차,338.13461538461536,2025
223,토,7,하차,114.46153846153847,2025
223,토,8,승차,478.4230769230769,2025
223,토,8,하차,260.4230769230769,2025
223,토,9,승차,529.6923076923077,2025
223,토,9,하차,266.88461538461536,2025
223,토,10,승차,539.2692307692307,2025
223,토,10,하차,256.7692307692308,2025
223,토,11,승차,573.8269230769231,2025
223,토,11,하차,331.21153846153845,2025
223,토,12,승차,570.3076923076923,2025
223,토,12,하차,374.0769230769231,2025
223,토,13,승차,541.7884615384615,2025
223,토,13,하차,405.53846153846155,2025
223,토,14,승차,440.0,2025
223,토,14,하차,393.65384615384613,2025
223,토,15,승차,398.03846153846155,2025
223,토,15,하차,468.0,2025
223,토,16,승차,412.8269230769231,2025
223,토,16,하차,529.9038461538462,2025
223,토,17,승차,428.40384615384613,2025
223,토,17,하차,546.5192307692307,2025
223,토,18,승차,287.8076923076923,2025
223,토,18,하차,467.75,2025
223,토,19,승차,191.3653846153846,2025
223,토,19,하차,335.5,2025
223,토,20,승차,138.96153846153845,2025
223,토,20,하차,323.90384615384613,2025
223,토,21,승차,103.17307692307692,2025
223,토,21,하차,302.1923076923077,2025
223,토,22,승차,86.01923076923077,2025
223,토,22,하차,248.15384615384616,2025
223,토,23,승차,50.01923076923077,2025
223,토,23,하차,197.01923076923077,2025
224,일,0,승차,4.923076923076923,2025
224,일,0,하차,32.51923076923077,2025
224,일,1,승차,0.11538461538461539,2025
224,일,1,하차,0.17307692307692307,2025
224,일,2,승차,0.019230769230769232,2025
224,일,2,하차,0.019230769230769232,2025
224,일,3,승차,0.057692307692307696,2025
224,일,3,하차,0.057692307692307696,2025
224,일,4,승차,0.8076923076923077,2025
224,일,4,하차,0.40384615384615385,2025
224,일,5,승차,60.15384615384615,2025
224,일,5,하차,23.692307692307693,2025
224,일,6,승차,68.86538461538461,2025
224,일,6,하차,52.96153846153846,2025
224,일,7,승차,109.92307692307692,2025
224,일,7,하차,55.78846153846154,2025
224,일,8,승차,191.30769230769232,2025
224,일,8,하차,71.48076923076923,2025
224,일,9,승차,245.90384615384616,2025
224,일,9,하차,90.13461538461539,2025
224,일,10,승차,260.11538461538464,2025
224,일,10,하차,101.63461538461539,2025
224,일,11,승차,256.1730769230769,2025
224,일,11,하차,128.15384615384616,2025
224,일,12,승차,239.94230769230768,2025
224,일,12,하차,115.84615384615384,2025
224,일,13,승차,252.17307692307693,2025
224,일,13,하차,158.28846153846155,2025
224,일,14,승차,241.57692307692307,2025
224,일,14,하차,162.96153846153845,2025
224,일,15,승차,252.03846153846155,2025
224,일,15,하차,226.05769230769232,2025
224,일,16,승차,240.71153846153845,2025
224,일,16,하차,234.51923076923077,2025
224,일,17,승차,219.73076923076923,2025
224,일,17,하차,239.75,2025
224,일,18,승차,168.42307692307693,2025
224,일,18,하차,224.69230769230768,2025
224,일,19,승차,112.63461538461539,2025
224,일,19,하차,180.65384615384616,2025
224,일,20,승차,83.1923076923077,2025
224,일,20,하차,201.09615384615384,2025
224,일,21,승차,70.9423076923077,2025
224,일,21,하차,198.44230769230768,2025
224,일,22,승차,48.32692307692308,2025
224,일,22,하차,193.40384615384616,2025
224,일,23,승차,37.90384615384615,2025
224,일,23,하차,164.1346153846154,2025
224,주중,0,승차,5.5440613026819925,2025
224,주중,0,하차,35.01149425287356,2025
224,주중,1,승차,0.3486590038314176,2025
224,주중,1,하차,0.6130268199233716,2025
224,주중,2,승차,0.25287356321839083,2025
224,주중,2,하차,0.4674329501915709,2025
224,주중,3,승차,0.05747126436781609,2025
224,주중,3,하차,0.17624521072796934,2025
224,주중,4,승차,0.7547892720306514,2025
224,주중,4,하차,0.421455938697318,2025
224,주중,5,승차,105.50191570881226,2025
224,주중,5,하차,35.13026819923372,2025
224,주중,6,승차,174.5785440613027,2025
224,주중,6,하차,103.6360153256705,2025
224,주중,7,승차,414.4367816091954,2025
224,주중,7,하차,188.31800766283524,2025
224,주중,8,승차,607.0536398467433,2025
224,주중,8,하차,733.4291187739464,2025
224,주중,9,승차,347.6130268199234,2025
224,주중,9,하차,631.1685823754789,2025
224,주중,10,승차,293.9501915708812,2025
224,주중,10,하차,374.9846743295019,2025
224,주중,11,승차,330.3103448275862,2025
224,주중,11,하차,259.1570881226054,2025
224,주중,12,승차,364.79693486590037,2025
224,주중,12,하차,332.8773946360153,2025
224,주중,13,승차,408.1072796934866,2025
224,주중,13,하차,308.5095785440613,2025
224,주중,14,승차,396.67816091954023,2025
224,주중,14,하차,291.47892720306515,2025
224,주중,15,승차,494.55555555555554,2025
224,주중,15,하차,279.66283524904213,2025
224,주중,16,승차,630.2030651340996,2025
224,주중,16,하차,338.6130268199234,2025
224,주중,17,승차,721.0536398467433,2025
224,주중,17,하차,441.04214559386975,2025
224,주중,18,승차,482.81609195402297,2025
224,주중,18,하차,564.5823754789272,2025
224,주중,19,승차,210.639846743295,2025
224,주중,19,하차,283.63984674329504,2025
224,주중,20,승차,161.272030651341,2025
224,주중,20,하차,218.88505747126436,2025
224,주중,21,승차,137.37547892720306,2025
224,주중,21,하차,223.4712643678161,2025
224,주중,22,승차,97.11111111111111,2025
224,주중,22,하차,209.23371647509578,2025
224,주중,23,승차,61.20306513409962,2025
224,주중,23,하차,189.0536398467433,2025
224,토,0,승차,5.25,2025
224,토,0,하차,48.21153846153846,2025
224,토,1,승차,0.09615384615384616,2025
224,토,1,하차,0.1346153846153846,2025
224,토,2,승차,0.11538461538461539,2025
224,토,2,하차,0.11538461538461539,2025
224,토,3,승차,0.0,2025
224,토,3,하차,0.038461538461538464,2025
224,토,4,승차,0.7115384615384616,2025
224,토,4,하차,0.3269230769230769,2025
224,토,5,승차,86.21153846153847,2025
224,토,5,하차,33.63461538461539,2025
224,토,6,승차,108.26923076923077,2025
224,토,6,하차,74.75,2025
224,토,7,승차,182.34615384615384,2025
224,토,7,하차,97.38461538461539,2025
224,토,8,승차,300.0769230769231,2025
224,토,8,하차,230.1153846153846,2025
224,토,9,승차,311.5769230769231,2025
224,토,9,하차,169.28846153846155,2025
224,토,10,승차,318.5769230769231,2025
224,토,10,하차,148.8653846153846,2025
224,토,11,승차,348.11538461538464,2025
224,토,11,하차,178.0,2025
224,토,12,승차,351.4230769230769,2025
224,토,12,하차,213.90384615384616,2025
224,토,13,승차,350.4807692307692,2025
224,토,13,하차,225.48076923076923,2025
224,토,14,승차,306.5769230769231,2025
224,토,14,하차,210.30769230769232,2025
224,토,15,승차,325.5576923076923,2025
224,토,15,하차,234.59615384615384,2025
224,토,16,승차,358.1730769230769,2025
224,토,16,하차,278.88461538461536,2025
224,토,17,승차,355.84615384615387,2025
224,토,17,하차,297.1730769230769,2025
224,토,18,승차,247.26923076923077,2025
224,토,18,하차,252.55769230769232,2025
224,토,19,승차,176.03846153846155,2025
224,토,19,하차,191.07692307692307,2025
224,토,20,승차,117.67307692307692,2025
224,토,20,하차,205.82692307692307,2025
224,토,21,승차,96.42307692307692,2025
224,토,21,하차,220.73076923076923,2025
224,토,22,승차,65.98076923076923,2025
224,토,22,하차,221.32692307692307,2025
224,토,23,승차,50.57692307692308,2025
224,토,23,하차,216.92307692307693,2025
225,일,0,승차,4.0576923076923075,2025
225,일,0,하차,16.26923076923077,2025
225,일,1,승차,0.11538461538461539,2025
225,일,1,하차,0.23076923076923078,2025
225,일,2,승차,0.21153846153846154,2025
225,일,2,하차,0.09615384615384616,2025
225,일,3,승차,0.019230769230769232,2025
225,일,3,하차,0.019230769230769232,2025
225,일,4,승차,0.6346153846153846,2025
225,일,4,하차,0.1346153846153846,2025
225,일,5,승차,90.40384615384616,2025
225,일,5,하차,28.423076923076923,2025
225,일,6,승차,108.28846153846153,2025
225,일,6,하차,55.88461538461539,2025
225,일,7,승차,138.92307692307693,2025
225,일,7,하차,80.96153846153847,2025
225,일,8,승차,232.15384615384616,2025
225,일,8,하차,141.67307692307693,2025
225,일,9,승차,321.7307692307692,2025
225,일,9,하차,246.0,2025
225,일,10,승차,355.3269230769231,2025
225,일,10,하차,175.82692307692307,2025
225,일,11,승차,366.6923076923077,2025
225,일,11,하차,171.05769230769232,2025
225,일,12,승차,355.0769230769231,2025
225,일,12,하차,176.1346153846154,2025
225,일,13,승차,339.11538461538464,2025
225,일,13,하차,229.57692307692307,2025
225,일,14,승차,303.9230769230769,2025
225,일,14,하차,238.0,2025
225,일,15,승차,307.1730769230769,2025
225,일,15,하차,330.03846153846155,2025
225,일,16,승차,278.2692307692308,2025
225,일,16,하차,340.5769230769231,2025
225,일,17,승차,283.0,2025
225,일,17,하차,326.2692307692308,2025
225,일,18,승차,288.84615384615387,2025
225,일,18,하차,275.3269230769231,2025
225,일,19,승차,142.3653846153846,2025
225,일,19,하차,246.84615384615384,2025
225,일,20,승차,104.21153846153847,2025
225,일,20,하차,208.8846153846154,2025
225,일,21,승차,68.53846153846153,2025
225,일,21,하차,231.8846153846154,2025
225,일,22,승차,50.09615384615385,2025
225,일,22,하차,168.75,2025
225,일,23,승차,21.423076923076923,2025
225,일,23,하차,91.09615384615384,2025
225,주중,0,승차,5.647509578544061,2025
225,주중,0,하차,21.00383141762452,2025
225,주중,1,승차,0.26053639846743293,2025
225,주중,1,하차,0.5210727969348659,2025
225,주중,2,승차,0.18773946360153257,2025
225,주중,2,하차,0.25287356321839083,2025
225,주중,3,승차,0.019157088122605363,2025
225,주중,3,하차,0.09578544061302682,2025
225,주중,4,승차,0.6168582375478927,2025
225,주중,4,하차,0.11494252873563218,2025
225,주중,5,승차,140.63601532567048,2025
225,주중,5,하차,58.10344827586207,2025
225,주중,6,승차,250.39846743295018,2025
225,주중,6,하차,189.16858237547893,2025
225,주중,7,승차,648.0536398467433,2025
225,주중,7,하차,414.1455938697318,2025
225,주중,8,승차,870.0498084291188,2025
225,주중,8,하차,602.2873563218391,2025
225,주중,9,승차,560.0651340996169,2025
225,주중,9,하차,377.1570881226054,2025
225,주중,10,승차,477.3141762452107,2025
225,주중,10,하차,315.632183908046,2025
225,주중,11,승차,474.5632183908046,2025
225,주중,11,하차,334.0689655172414,2025
225,주중,12,승차,485.3869731800766,2025
225,주중,12,하차,363.808429118774,2025
225,주중,13,승차,466.93486590038316,2025
225,주중,13,하차,363.2145593869732,2025
225,주중,14,승차,441.93869731800766,2025
225,주중,14,하차,396.40996168582376,2025
225,주중,15,승차,448.3984674329502,2025
225,주중,15,하차,434.7509578544061,2025
225,주중,16,승차,506.44444444444446,2025
225,주중,16,하차,527.4367816091954,2025
225,주중,17,승차,787.536398467433,2025
225,주중,17,하차,599.9310344827586,2025
225,주중,18,승차,695.088122605364,2025
225,주중,18,하차,721.2873563218391,2025
225,주중,19,승차,280.67816091954023,2025
225,주중,19,하차,383.11877394636014,2025
225,주중,20,승차,203.73946360153258,2025
225,주중,20,하차,273.0498084291188,2025
225,주중,21,승차,122.46743295019157,2025
225,주중,21,하차,251.4176245210728,2025
225,주중,22,승차,78.5632183908046,2025
225,주중,22,하차,207.64750957854406,2025
225,주중,23,승차,36.60919540229885,2025
225,주중,23,하차,116.7088122605364,2025
225,토,0,승차,4.461538461538462,2025
225,토,0,하차,27.365384615384617,2025
225,토,1,승차,0.15384615384615385,2025
225,토,1,하차,0.11538461538461539,2025
225,토,2,승차,0.21153846153846154,2025
225,토,2,하차,0.46153846153846156,2025
225,토,3,승차,0.019230769230769232,2025
225,토,3,하차,0.15384615384615385,2025
225,토,4,승차,0.8076923076923077,2025
225,토,4,하차,0.057692307692307696,2025
225,토,5,승차,122.26923076923077,2025
225,토,5,하차,41.13461538461539,2025
225,토,6,승차,150.28846153846155,2025
225,토,6,하차,82.73076923076923,2025
225,토,7,승차,242.26923076923077,2025
225,토,7,하차,127.17307692307692,2025
225,토,8,승차,395.0576923076923,2025
225,토,8,하차,247.94230769230768,2025
225,토,9,승차,441.65384615384613,2025
225,토,9,하차,265.6923076923077,2025
225,토,10,승차,501.96153846153845,2025
225,토,10,하차,237.78846153846155,2025
225,토,11,승차,524.9615384615385,2025
225,토,11,하차,280.25,2025
225,토,12,승차,525.9038461538462,2025
225,토,12,하차,302.1923076923077,2025
225,토,13,승차,499.0,2025
225,토,13,하차,303.36538461538464,2025
225,토,14,승차,389.8269230769231,2025
225,토,14,하차,311.0192307692308,2025
225,토,15,승차,390.03846153846155,2025
225,토,15,하차,364.34615384615387,2025
225,토,16,승차,432.3076923076923,2025
225,토,16,하차,422.9423076923077,2025
225,토,17,승차,459.9423076923077,2025
225,토,17,하차,439.15384615384613,2025
225,토,18,승차,356.0769230769231,2025
225,토,18,하차,355.9423076923077,2025
225,토,19,승차,184.90384615384616,2025
225,토,19,하차,267.9807692307692,2025
225,토,20,승차,147.82692307692307,2025
225,토,20,하차,245.42307692307693,2025
225,토,21,승차,95.26923076923077,2025
225,토,21,하차,296.7307692307692,2025
225,토,22,승차,69.59615384615384,2025
225,토,22,하차,220.76923076923077,2025
225,토,23,승차,37.23076923076923,2025
225,토,23,하차,146.23076923076923,2025
226,일,0,승차,2.8076923076923075,2025
226,일,0,하차,10.75,2025
226,일,1,승차,0.057692307692307696,2025
226,일,1,하차,0.057692307692307696,2025
226,일,2,승차,0.057692307692307696,2025
226,일,2,하차,0.07692307692307693,2025
226,일,3,승차,0.0,2025
226,일,3,하차,0.019230769230769232,2025
226,일,4,승차,1.0576923076923077,2025
226,일,4,하차,0.5576923076923077,2025
226,일,5,승차,29.903846153846153,2025
226,일,5,하차,20.173076923076923,2025
226,일,6,승차,43.42307692307692,2025
226,일,6,하차,64.3076923076923,2025
226,일,7,승차,64.86538461538461,2025
226,일,7,하차,43.26923076923077,2025
226,일,8,승차,88.98076923076923,2025
226,일,8,하차,83.71153846153847,2025
226,일,9,승차,143.65384615384616,2025
226,일,9,하차,102.75,2025
226,일,10,승차,146.69230769230768,2025
226,일,10,하차,124.98076923076923,2025
226,일,11,승차,148.1153846153846,2025
226,일,11,하차,112.03846153846153,2025
226,일,12,승차,163.1153846153846,2025
226,일,12,하차,121.51923076923077,2025
226,일,13,승차,148.48076923076923,2025
226,일,13,하차,113.17307692307692,2025
226,일,14,승차,175.1346153846154,2025
226,일,14,하차,111.6923076923077,2025
226,일,15,승차,144.1153846153846,2025
226,일,15,하차,114.92307692307692,2025
226,일,16,승차,119.53846153846153,2025
226,일,16,하차,127.71153846153847,2025
226,일,17,승차,114.32692307692308,2025
226,일,17,하차,118.32692307692308,2025
226,일,18,승차,91.82692307692308,2025
226,일,18,하차,106.67307692307692,2025
226,일,19,승차,60.51923076923077,2025
226,일,19,하차,76.32692307692308,2025
226,일,20,승차,47.17307692307692,2025
226,일,20,하차,65.48076923076923,2025
226,일,21,승차,43.38461538461539,2025
226,일,21,하차,54.40384615384615,2025
226,일,22,승차,16.442307692307693,2025
226,일,22,하차,38.25,2025
226,일,23,승차,7.826923076923077,2025
226,일,23,하차,21.53846153846154,2025
226,주중,0,승차,3.268199233716475,2025
226,주중,0,하차,13.455938697318008,2025
226,주중,1,승차,0.17624521072796934,2025
226,주중,1,하차,0.19923371647509577,2025
226,주중,2,승차,0.07662835249042145,2025
226,주중,2,하차,0.1839080459770115,2025
226,주중,3,승차,0.0,2025
226,주중,3,하차,0.007662835249042145,2025
226,주중,4,승차,1.2183908045977012,2025
226,주중,4,하차,0.6436781609195402,2025
226,주중,5,승차,50.91954022988506,2025
226,주중,5,하차,44.75095785440613,2025
226,주중,6,승차,87.727969348659,2025
226,주중,6,하차,147.81992337164752,2025
226,주중,7,승차,211.40996168582376,2025
226,주중,7,하차,518.4827586206897,2025
226,주중,8,승차,293.0038314176245,2025
226,주중,8,하차,1117.5938697318009,2025
226,주중,9,승차,221.75862068965517,2025
226,주중,9,하차,304.72796934865903,2025
226,주중,10,승차,196.82375478927204,2025
226,주중,10,하차,227.00766283524905,2025
226,주중,11,승차,213.39846743295018,2025
226,주중,11,하차,186.3831417624521,2025
226,주중,12,승차,251.5785440613027,2025
226,주중,12,하차,179.183908045977,2025
226,주중,13,승차,241.48659003831418,2025
226,주중,13,하차,213.2030651340996,2025
226,주중,14,승차,238.31417624521072,2025
226,주중,14,하차,172.26819923371647,2025
226,주중,15,승차,254.632183908046,2025
226,주중,15,하차,195.59003831417624,2025
226,주중,16,승차,362.0727969348659,2025
226,주중,16,하차,197.01532567049807,2025
226,주중,17,승차,718.8199233716475,2025
226,주중,17,하차,233.73946360153258,2025
226,주중,18,승차,900.1609195402299,2025
226,주중,18,하차,225.18773946360153,2025
226,주중,19,승차,178.9808429118774,2025
226,주중,19,하차,116.65517241379311,2025
226,주중,20,승차,131.84291187739464,2025
226,주중,20,하차,90.69348659003832,2025
226,주중,21,승차,97.39463601532567,2025
226,주중,21,하차,73.09578544061303,2025
226,주중,22,승차,41.53639846743295,2025
226,주중,22,하차,52.16858237547893,2025
226,주중,23,승차,16.831417624521073,2025
226,주중,23,하차,26.07662835249042,2025
226,토,0,승차,3.6538461538461537,2025
226,토,0,하차,19.01923076923077,2025
226,토,1,승차,0.09615384615384616,2025
226,토,1,하차,0.15384615384615385,2025
226,토,2,승차,0.038461538461538464,2025
226,토,2,하차,0.038461538461538464,2025
226,토,3,승차,0.019230769230769232,2025
226,토,3,하차,0.07692307692307693,2025
226,토,4,승차,1.1923076923076923,2025
226,토,4,하차,0.6538461538461539,2025
226,토,5,승차,44.30769230769231,2025
226,토,5,하차,26.442307692307693,2025
226,토,6,승차,64.42307692307692,2025
226,토,6,하차,78.07692307692308,2025
226,토,7,승차,95.73076923076923,2025
226,토,7,하차,142.73076923076923,2025
226,토,8,승차,156.1153846153846,2025
226,토,8,하차,160.28846153846155,2025
226,토,9,승차,177.8846153846154,2025
226,토,9,하차,135.21153846153845,2025
226,토,10,승차,183.8653846153846,2025
226,토,10,하차,147.07692307692307,2025
226,토,11,승차,196.46153846153845,2025
226,토,11,하차,140.01923076923077,2025
226,토,12,승차,267.90384615384613,2025
226,토,12,하차,160.82692307692307,2025
226,토,13,승차,199.28846153846155,2025
226,토,13,하차,157.94230769230768,2025
226,토,14,승차,182.55769230769232,2025
226,토,14,하차,145.65384615384616,2025
226,토,15,승차,171.09615384615384,2025
226,토,15,하차,142.80769230769232,2025
226,토,16,승차,199.46153846153845,2025
226,토,16,하차,174.19230769230768,2025
226,토,17,승차,205.21153846153845,2025
226,토,17,하차,166.84615384615384,2025
226,토,18,승차,139.98076923076923,2025
226,토,18,하차,126.4423076923077,2025
226,토,19,승차,72.76923076923077,2025
226,토,19,하차,89.57692307692308,2025
226,토,20,승차,57.36538461538461,2025
226,토,20,하차,82.1923076923077,2025
226,토,21,승차,57.98076923076923,2025
226,토,21,하차,78.63461538461539,2025
226,토,22,승차,32.11538461538461,2025
226,토,22,하차,59.71153846153846,2025
226,토,23,승차,14.326923076923077,2025
226,토,23,하차,36.55769230769231,2025
227,일,0,승차,16.26923076923077,2025
227,일,0,하차,71.42307692307692,2025
227,일,1,승차,0.038461538461538464,2025
227,일,1,하차,0.038461538461538464,2025
227,일,2,승차,0.038461538461538464,2025
227,일,2,하차,0.07692307692307693,2025
227,일,3,승차,0.0,2025
227,일,3,하차,0.0,2025
227,일,4,승차,2.3076923076923075,2025
227,일,4,하차,0.28846153846153844,2025
227,일,5,승차,112.78846153846153,2025
227,일,5,하차,218.0,2025
227,일,6,승차,148.6346153846154,2025
227,일,6,하차,501.75,2025
227,일,7,승차,394.03846153846155,2025
227,일,7,하차,549.1730769230769,2025
227,일,8,승차,635.3076923076923,2025
227,일,8,하차,670.9038461538462,2025
227,일,9,승차,962.7115384615385,2025
227,일,9,하차,911.3269230769231,2025
227,일,10,승차,1247.75,2025
227,일,10,하차,959.7115384615385,2025
227,일,11,승차,1482.1346153846155,2025
227,일,11,하차,1175.6538461538462,2025
227,일,12,승차,1439.3076923076924,2025
227,일,12,하차,1222.3461538461538,2025
227,일,13,승차,1400.0961538461538,2025
227,일,13,하차,1390.1923076923076,2025
227,일,14,승차,1468.2115384615386,2025
227,일,14,하차,1446.9615384615386,2025
227,일,15,승차,1497.3653846153845,2025
227,일,15,하차,1496.4038461538462,2025
227,일,16,승차,1523.3846153846155,2025
227,일,16,하차,1665.0576923076924,2025
227,일,17,승차,1439.7115384615386,2025
227,일,17,하차,1622.0192307692307,2025
227,일,18,승차,1224.423076923077,2025
227,일,18,하차,1633.2692307692307,2025
227,일,19,승차,1068.2115384615386,2025
227,일,19,하차,1243.2884615384614,2025
227,일,20,승차,1102.2115384615386,2025
227,일,20,하차,1111.0961538461538,2025
227,일,21,승차,1045.8461538461538,2025
227,일,21,하차,781.8269230769231,2025
227,일,22,승차,568.1923076923077,2025
227,일,22,하차,505.40384615384613,2025
227,일,23,승차,219.32692307692307,2025
227,일,23,하차,230.17307692307693,2025
227,주중,0,승차,18.90038314176245,2025
227,주중,0,하차,89.06896551724138,2025
227,주중,1,승차,0.44061302681992337,2025
227,주중,1,하차,1.789272030651341,2025
227,주중,2,승차,0.25287356321839083,2025
227,주중,2,하차,0.3448275862068966,2025
227,주중,3,승차,0.10344827586206896,2025
227,주중,3,하차,0.18773946360153257,2025
227,주중,4,승차,2.5402298850574714,2025
227,주중,4,하차,0.5172413793103449,2025
227,주중,5,승차,190.34099616858236,2025
227,주중,5,하차,266.15325670498083,2025
227,주중,6,승차,282.5095785440613,2025
227,주중,6,하차,792.352490421456,2025
227,주중,7,승차,1016.080459770115,2025
227,주중,7,하차,1357.2643678160919,2025
227,주중,8,승차,1678.0229885057472,2025
227,주중,8,하차,1965.712643678161,2025
227,주중,9,승차,1342.9233716475096,2025
227,주중,9,하차,1179.1992337164752,2025
227,주중,10,승차,1234.5095785440612,2025
227,주중,10,하차,1022.1954022988506,2025
227,주중,11,승차,1312.9731800766283,2025
227,주중,11,하차,1130.528735632184,2025
227,주중,12,승차,1393.0229885057472,2025
227,주중,12,하차,1284.2567049808429,2025
227,주중,13,승차,1380.1340996168583,2025
227,주중,13,하차,1264.5862068965516,2025
227,주중,14,승차,1391.2911877394636,2025
227,주중,14,하차,1246.5478927203064,2025
227,주중,15,승차,1407.0536398467434,2025
227,주중,15,하차,1498.3869731800767,2025
227,주중,16,승차,1570.536398467433,2025
227,주중,16,하차,1663.8544061302682,2025
227,주중,17,승차,2207.367816091954,2025
227,주중,17,하차,1914.095785440613,2025
227,주중,18,승차,2313.743295019157,2025
227,주중,18,하차,2143.808429118774,2025
227,주중,19,승차,1148.639846743295,2025
227,주중,19,하차,1256.7164750957854,2025
227,주중,20,승차,973.1915708812261,2025
227,주중,20,하차,854.6130268199233,2025
227,주중,21,승차,915.7739463601532,2025
227,주중,21,하차,751.3180076628353,2025
227,주중,22,승차,568.463601532567,2025
227,주중,22,하차,583.5747126436781,2025
227,주중,23,승차,248.39463601532566,2025
227,주중,23,하차,295.08429118773944,2025
227,토,0,승차,21.96153846153846,2025
227,토,0,하차,126.75,2025
227,토,1,승차,0.057692307692307696,2025
227,토,1,하차,0.07692307692307693,2025
227,토,2,승차,0.11538461538461539,2025
227,토,2,하차,0.23076923076923078,2025
227,토,3,승차,0.11538461538461539,2025
227,토,3,하차,0.15384615384615385,2025
227,토,4,승차,2.673076923076923,2025
227,토,4,하차,0.3269230769230769,2025
227,토,5,승차,172.05769230769232,2025
227,토,5,하차,245.90384615384616,2025
227,토,6,승차,194.30769230769232,2025
227,토,6,하차,605.0576923076923,2025
227,토,7,승차,624.5192307692307,2025
227,토,7,하차,752.1730769230769,2025
227,토,8,승차,1090.6153846153845,2025
227,토,8,하차,973.5384615384615,2025
227,토,9,승차,1475.0,2025
227,토,9,하차,1163.173076923077,2025
227,토,10,승차,1815.076923076923,2025
227,토,10,하차,1187.8461538461538,2025
227,토,11,승차,2064.326923076923,2025
227,토,11,하차,1501.8653846153845,2025
227,토,12,승차,2052.3076923076924,2025
227,토,12,하차,1590.4038461538462,2025
227,토,13,승차,1974.1923076923076,2025
227,토,13,하차,1626.673076923077,2025
227,토,14,승차,1938.7692307692307,2025
227,토,14,하차,1595.9615384615386,2025
227,토,15,승차,1861.25,2025
227,토,15,하차,1729.7115384615386,2025
227,토,16,승차,1896.8461538461538,2025
227,토,16,하차,2029.1346153846155,2025
227,토,17,승차,1816.4807692307693,2025
227,토,17,하차,2205.480769230769,2025
227,토,18,승차,1442.4807692307693,2025
227,토,18,하차,1900.6346153846155,2025
227,토,19,승차,1109.1923076923076,2025
227,토,19,하차,1372.7692307692307,2025
227,토,20,승차,1002.8269230769231,2025
227,토,20,하차,1294.4038461538462,2025
227,토,21,승차,1059.1923076923076,2025
227,토,21,하차,1128.3461538461538,2025
227,토,22,승차,707.4807692307693,2025
227,토,22,하차,805.6923076923077,2025
227,토,23,승차,346.0192307692308,2025
227,토,23,하차,425.0,2025
228,일,0,승차,1.5961538461538463,2025
228,일,0,하차,18.78846153846154,2025
228,일,1,승차,0.0,2025
228,일,1,하차,0.057692307692307696,2025
228,일,2,승차,0.11538461538461539,2025
228,일,2,하차,0.019230769230769232,2025
228,일,3,승차,0.0,2025
228,일,3,하차,0.0,2025
228,일,4,승차,0.9038461538461539,2025
228,일,4,하차,0.15384615384615385,2025
228,일,5,승차,58.46153846153846,2025
228,일,5,하차,18.923076923076923,2025
228,일,6,승차,59.40384615384615,2025
228,일,6,하차,50.23076923076923,2025
228,일,7,승차,86.76923076923077,2025
228,일,7,하차,86.61538461538461,2025
228,일,8,승차,137.57692307692307,2025
228,일,8,하차,102.71153846153847,2025
228,일,9,승차,186.23076923076923,2025
228,일,9,하차,129.84615384615384,2025
228,일,10,승차,213.23076923076923,2025
228,일,10,하차,151.0,2025
228,일,11,승차,219.78846153846155,2025
228,일,11,하차,175.3653846153846,2025
228,일,12,승차,223.94230769230768,2025
228,일,12,하차,163.80769230769232,2025
228,일,13,승차,213.25,2025
228,일,13,하차,201.73076923076923,2025
228,일,14,승차,199.32692307692307,2025
228,일,14,하차,192.6153846153846,2025
228,일,15,승차,201.78846153846155,2025
228,일,15,하차,237.67307692307693,2025
228,일,16,승차,216.94230769230768,2025
228,일,16,하차,229.57692307692307,2025
228,일,17,승차,231.42307692307693,2025
228,일,17,하차,210.34615384615384,2025
228,일,18,승차,160.48076923076923,2025
228,일,18,하차,163.32692307692307,2025
228,일,19,승차,119.40384615384616,2025
228,일,19,하차,131.25,2025
228,일,20,승차,75.73076923076923,2025
228,일,20,하차,117.46153846153847,2025
228,일,21,승차,47.53846153846154,2025
228,일,21,하차,94.84615384615384,2025
228,일,22,승차,25.98076923076923,2025
228,일,22,하차,77.8076923076923,2025
228,일,23,승차,14.365384615384615,2025
228,일,23,하차,49.38461538461539,2025
228,주중,0,승차,2.1455938697318007,2025
228,주중,0,하차,25.126436781609197,2025
228,주중,1,승차,0.1417624521072797,2025
228,주중,1,하차,0.2950191570881226,2025
228,주중,2,승차,0.1532567049808429,2025
228,주중,2,하차,0.2681992337164751,2025
228,주중,3,승차,0.034482758620689655,2025
228,주중,3,하차,0.08045977011494253,2025
228,주중,4,승차,1.0804597701149425,2025
228,주중,4,하차,0.20689655172413793,2025
228,주중,5,승차,140.43295019157088,2025
228,주중,5,하차,37.99616858237548,2025
228,주중,6,승차,150.26053639846742,2025
228,주중,6,하차,144.60153256704982,2025
228,주중,7,승차,361.48275862068965,2025
228,주중,7,하차,447.04597701149424,2025
228,주중,8,승차,517.9463601532567,2025
228,주중,8,하차,587.0996168582376,2025
228,주중,9,승차,307.9501915708812,2025
228,주중,9,하차,288.5785440613027,2025
228,주중,10,승차,250.5095785440613,2025
228,주중,10,하차,262.58620689655174,2025
228,주중,11,승차,275.455938697318,2025
228,주중,11,하차,261.3869731800766,2025
228,주중,12,승차,294.5402298850575,2025
228,주중,12,하차,305.69348659003833,2025
228,주중,13,승차,300.32567049808426,2025
228,주중,13,하차,268.1264367816092,2025
228,주중,14,승차,284.04214559386975,2025
228,주중,14,하차,266.81226053639847,2025
228,주중,15,승차,338.69731800766283,2025
228,주중,15,하차,311.52107279693485,2025
228,주중,16,승차,376.09961685823754,2025
228,주중,16,하차,346.6475095785441,2025
228,주중,17,승차,621.1226053639847,2025
228,주중,17,하차,355.7241379310345,2025
228,주중,18,승차,543.8084291187739,2025
228,주중,18,하차,406.53256704980845,2025
228,주중,19,승차,199.55938697318007,2025
228,주중,19,하차,211.34865900383141,2025
228,주중,20,승차,136.911877394636,2025
228,주중,20,하차,142.69731800766283,2025
228,주중,21,승차,106.8735632183908,2025
228,주중,21,하차,127.727969348659,2025
228,주중,22,승차,47.1455938697318,2025
228,주중,22,하차,98.29885057471265,2025
228,주중,23,승차,19.260536398467433,2025
228,주중,23,하차,64.37931034482759,2025
228,토,0,승차,2.3461538461538463,2025
228,토,0,하차,30.865384615384617,2025
228,토,1,승차,0.07692307692307693,2025
228,토,1,하차,0.09615384615384616,2025
228,토,2,승차,0.07692307692307693,2025
228,토,2,하차,0.15384615384615385,2025
228,토,3,승차,0.0,2025
228,토,3,하차,0.019230769230769232,2025
228,토,4,승차,1.1346153846153846,2025
228,토,4,하차,0.11538461538461539,2025
228,토,5,승차,109.13461538461539,2025
228,토,5,하차,24.53846153846154,2025
228,토,6,승차,89.38461538461539,2025
228,토,6,하차,66.36538461538461,2025
228,토,7,승차,145.6153846153846,2025
228,토,7,하차,104.98076923076923,2025
228,토,8,승차,245.40384615384616,2025
228,토,8,하차,194.03846153846155,2025
228,토,9,승차,261.46153846153845,2025
228,토,9,하차,183.19230769230768,2025
228,토,10,승차,261.75,2025
228,토,10,하차,197.76923076923077,2025
228,토,11,승차,278.4230769230769,2025
228,토,11,하차,233.15384615384616,2025
228,토,12,승차,298.9230769230769,2025
228,토,12,하차,257.21153846153845,2025
228,토,13,승차,280.8269230769231,2025
228,토,13,하차,261.9423076923077,2025
228,토,14,승차,249.1153846153846,2025
228,토,14,하차,245.15384615384616,2025
228,토,15,승차,267.1923076923077,2025
228,토,15,하차,262.63461538461536,2025
228,토,16,승차,304.71153846153845,2025
228,토,16,하차,285.90384615384613,2025
228,토,17,승차,353.0192307692308,2025
228,토,17,하차,274.65384615384613,2025
228,토,18,승차,196.82692307692307,2025
228,토,18,하차,207.8846153846154,2025
228,토,19,승차,120.13461538461539,2025
228,토,19,하차,149.51923076923077,2025
228,토,20,승차,83.15384615384616,2025
228,토,20,하차,138.78846153846155,2025
228,토,21,승차,65.42307692307692,2025
228,토,21,하차,128.44230769230768,2025
228,토,22,승차,43.55769230769231,2025
228,토,22,하차,103.4423076923077,2025
228,토,23,승차,25.01923076923077,2025
228,토,23,하차,80.48076923076923,2025
229,일,0,승차,1.1538461538461537,2025
229,일,0,하차,4.346153846153846,2025
229,일,1,승차,0.0,2025
229,일,1,하차,0.0,2025
229,일,2,승차,0.057692307692307696,2025
229,일,2,하차,0.0,2025
229,일,3,승차,0.0,2025
229,일,3,하차,0.0,2025
229,일,4,승차,0.09615384615384616,2025
229,일,4,하차,0.038461538461538464,2025
229,일,5,승차,10.596153846153847,2025
229,일,5,하차,4.480769230769231,2025
229,일,6,승차,12.307692307692308,2025
229,일,6,하차,15.23076923076923,2025
229,일,7,승차,19.846153846153847,2025
229,일,7,하차,20.51923076923077,2025
229,일,8,승차,31.48076923076923,2025
229,일,8,하차,27.01923076923077,2025
229,일,9,승차,35.94230769230769,2025
229,일,9,하차,36.34615384615385,2025
229,일,10,승차,36.40384615384615,2025
229,일,10,하차,38.61538461538461,2025
229,일,11,승차,43.05769230769231,2025
229,일,11,하차,24.25,2025
229,일,12,승차,65.11538461538461,2025
229,일,12,하차,26.21153846153846,2025
229,일,13,승차,44.76923076923077,2025
229,일,13,하차,33.40384615384615,2025
229,일,14,승차,36.25,2025
229,일,14,하차,31.134615384615383,2025
229,일,15,승차,38.86538461538461,2025
229,일,15,하차,30.846153846153847,2025
229,일,16,승차,40.88461538461539,2025
229,일,16,하차,31.057692307692307,2025
229,일,17,승차,41.76923076923077,2025
229,일,17,하차,29.365384615384617,2025
229,일,18,승차,29.576923076923077,2025
229,일,18,하차,25.134615384615383,2025
229,일,19,승차,17.153846153846153,2025
229,일,19,하차,21.23076923076923,2025
229,일,20,승차,13.76923076923077,2025
229,일,20,하차,14.192307692307692,2025
229,일,21,승차,8.038461538461538,2025
229,일,21,하차,11.038461538461538,2025
229,일,22,승차,6.096153846153846,2025
229,일,22,하차,8.961538461538462,2025
229,일,23,승차,5.115384615384615,2025
229,일,23,하차,7.730769230769231,2025
229,주중,0,승차,1.2873563218390804,2025
229,주중,0,하차,5.206896551724138,2025
229,주중,1,승차,0.20306513409961685,2025
229,주중,1,하차,0.3371647509578544,2025
229,주중,2,승차,0.2222222222222222,2025
229,주중,2,하차,0.2681992337164751,2025
229,주중,3,승차,0.02681992337164751,2025
229,주중,3,하차,0.07662835249042145,2025
229,주중,4,승차,0.7509578544061303,2025
229,주중,4,하차,0.04597701149425287,2025
229,주중,5,승차,21.467432950191572,2025
229,주중,5,하차,25.75862068965517,2025
229,주중,6,승차,28.325670498084293,2025
229,주중,6,하차,132.1072796934866,2025
229,주중,7,승차,67.48659003831418,2025
229,주중,7,하차,634.6819923371647,2025
229,주중,8,승차,89.38697318007662,2025
229,주중,8,하차,638.1072796934866,2025
229,주중,9,승차,74.9463601532567,2025
229,주중,9,하차,121.47509578544062,2025
229,주중,10,승차,71.55172413793103,2025
229,주중,10,하차,71.01149425287356,2025
229,주중,11,승차,84.98084291187739,2025
229,주중,11,하차,74.48659003831418,2025
229,주중,12,승차,84.0727969348659,2025
229,주중,12,하차,86.98084291187739,2025
229,주중,13,승차,103.64750957854406,2025
229,주중,13,하차,77.59770114942529,2025
229,주중,14,승차,106.29501915708812,2025
229,주중,14,하차,69.95019157088123,2025
229,주중,15,승차,156.22605363984675,2025
229,주중,15,하차,82.87739463601532,2025
229,주중,16,승차,206.98467432950193,2025
229,주중,16,하차,65.82375478927203,2025
229,주중,17,승차,659.3716475095786,2025
229,주중,17,하차,71.13409961685824,2025
229,주중,18,승차,454.4406130268199,2025
229,주중,18,하차,57.97701149425287,2025
229,주중,19,승차,117.40229885057471,2025
229,주중,19,하차,37.95019157088122,2025
229,주중,20,승차,102.91187739463602,2025
229,주중,20,하차,20.436781609195403,2025
229,주중,21,승차,39.77777777777778,2025
229,주중,21,하차,14.685823754789272,2025
229,주중,22,승차,15.264367816091953,2025
229,주중,22,하차,12.0,2025
229,주중,23,승차,8.517241379310345,2025
229,주중,23,하차,10.793103448275861,2025
229,토,0,승차,1.6153846153846154,2025
229,토,0,하차,8.307692307692308,2025
229,토,1,승차,0.057692307692307696,2025
229,토,1,하차,0.15384615384615385,2025
229,토,2,승차,0.07692307692307693,2025
229,토,2,하차,0.17307692307692307,2025
229,토,3,승차,0.0,2025
229,토,3,하차,0.0,2025
229,토,4,승차,1.0192307692307692,2025
229,토,4,하차,0.0,2025
229,토,5,승차,21.596153846153847,2025
229,토,5,하차,17.365384615384617,2025
229,토,6,승차,20.23076923076923,2025
229,토,6,하차,47.71153846153846,2025
229,토,7,승차,32.25,2025
229,토,7,하차,149.28846153846155,2025
229,토,8,승차,42.48076923076923,2025
229,토,8,하차,109.5576923076923,2025
229,토,9,승차,44.65384615384615,2025
229,토,9,하차,49.15384615384615,2025
229,토,10,승차,52.36538461538461,2025
229,토,10,하차,44.13461538461539,2025
229,토,11,승차,66.88461538461539,2025
229,토,11,하차,45.92307692307692,2025
229,토,12,승차,92.88461538461539,2025
229,토,12,하차,48.76923076923077,2025
229,토,13,승차,67.9423076923077,2025
229,토,13,하차,47.23076923076923,2025
229,토,14,승차,59.65384615384615,2025
229,토,14,하차,39.75,2025
229,토,15,승차,78.48076923076923,2025
229,토,15,하차,39.03846153846154,2025
229,토,16,승차,88.32692307692308,2025
229,토,16,하차,41.46153846153846,2025
229,토,17,승차,129.07692307692307,2025
229,토,17,하차,41.75,2025
229,토,18,승차,62.57692307692308,2025
229,토,18,하차,34.32692307692308,2025
229,토,19,승차,29.98076923076923,2025
229,토,19,하차,30.076923076923077,2025
229,토,20,승차,18.96153846153846,2025
229,토,20,하차,24.653846153846153,2025
229,토,21,승차,14.288461538461538,2025
229,토,21,하차,21.307692307692307,2025
229,토,22,승차,13.557692307692308,2025
229,토,22,하차,17.48076923076923,2025
229,토,23,승차,7.730769230769231,2025
229,토,23,하차,15.673076923076923,2025
230,일,0,승차,1.7307692307692308,2025
230,일,0,하차,14.153846153846153,2025
230,일,1,승차,0.15384615384615385,2025
230,일,1,하차,0.17307692307692307,2025
230,일,2,승차,0.019230769230769232,2025
230,일,2,하차,0.09615384615384616,2025
230,일,3,승차,0.019230769230769232,2025
230,일,3,하차,0.07692307692307693,2025
230,일,4,승차,4.423076923076923,2025
230,일,4,하차,0.11538461538461539,2025
230,일,5,승차,66.73076923076923,2025
230,일,5,하차,15.442307692307692,2025
230,일,6,승차,70.65384615384616,2025
230,일,6,하차,42.86538461538461,2025
230,일,7,승차,97.21153846153847,2025
230,일,7,하차,73.78846153846153,2025
230,일,8,승차,174.51923076923077,2025
230,일,8,하차,79.65384615384616,2025
230,일,9,승차,237.01923076923077,2025
230,일,9,하차,119.6923076923077,2025
230,일,10,승차,265.46153846153845,2025
230,일,10,하차,143.25,2025
230,일,11,승차,252.73076923076923,2025
230,일,11,하차,181.34615384615384,2025
230,일,12,승차,261.96153846153845,2025
230,일,12,하차,183.92307692307693,2025
230,일,13,승차,271.84615384615387,2025
230,일,13,하차,152.98076923076923,2025
230,일,14,승차,234.55769230769232,2025
230,일,14,하차,203.23076923076923,2025
230,일,15,승차,201.17307692307693,2025
230,일,15,하차,223.03846153846155,2025
230,일,16,승차,170.21153846153845,2025
230,일,16,하차,242.51923076923077,2025
230,일,17,승차,161.65384615384616,2025
230,일,17,하차,219.25,2025
230,일,18,승차,129.1346153846154,2025
230,일,18,하차,194.17307692307693,2025
230,일,19,승차,96.71153846153847,2025
230,일,19,하차,139.53846153846155,2025
230,일,20,승차,63.17307692307692,2025
230,일,20,하차,110.65384615384616,2025
230,일,21,승차,37.26923076923077,2025
230,일,21,하차,94.71153846153847,2025
230,일,22,승차,24.096153846153847,2025
230,일,22,하차,65.71153846153847,2025
230,일,23,승차,12.115384615384615,2025
230,일,23,하차,44.71153846153846,2025
230,주중,0,승차,2.4827586206896552,2025
230,주중,0,하차,18.586206896551722,2025
230,주중,1,승차,0.10344827586206896,2025
230,주중,1,하차,0.38697318007662834,2025
230,주중,2,승차,0.10727969348659004,2025
230,주중,2,하차,0.2720306513409962,2025
230,주중,3,승차,0.0038314176245210726,2025
230,주중,3,하차,0.04980842911877394,2025
230,주중,4,승차,6.35632183908046,2025
230,주중,4,하차,0.13409961685823754,2025
230,주중,5,승차,128.3065134099617,2025
230,주중,5,하차,29.862068965517242,2025
230,주중,6,승차,191.60153256704982,2025
230,주중,6,하차,109.9463601532567,2025
230,주중,7,승차,357.1992337164751,2025
230,주중,7,하차,406.30651340996167,2025
230,주중,8,승차,490.5249042145594,2025
230,주중,8,하차,595.4329501915709,2025
230,주중,9,승차,352.9961685823755,2025
230,주중,9,하차,251.04980842911877,2025
230,주중,10,승차,299.3295019157088,2025
230,주중,10,하차,203.35249042145594,2025
230,주중,11,승차,333.0919540229885,2025
230,주중,11,하차,270.9310344827586,2025
230,주중,12,승차,360.02681992337165,2025
230,주중,12,하차,260.17241379310343,2025
230,주중,13,승차,328.9655172413793,2025
230,주중,13,하차,248.90038314176246,2025
230,주중,14,승차,281.0153256704981,2025
230,주중,14,하차,241.44061302681993,2025
230,주중,15,승차,274.5249042145594,2025
230,주중,15,하차,329.35632183908046,2025
230,주중,16,승차,293.43295019157085,2025
230,주중,16,하차,372.9846743295019,2025
230,주중,17,승차,524.6858237547892,2025
230,주중,17,하차,368.7509578544061,2025
230,주중,18,승차,592.0536398467433,2025
230,주중,18,하차,381.36015325670496,2025
230,주중,19,승차,189.911877394636,2025
230,주중,19,하차,205.66283524904213,2025
230,주중,20,승차,115.39080459770115,2025
230,주중,20,하차,140.02298850574712,2025
230,주중,21,승차,76.37931034482759,2025
230,주중,21,하차,120.8199233716475,2025
230,주중,22,승차,40.65900383141762,2025
230,주중,22,하차,86.34865900383141,2025
230,주중,23,승차,19.915708812260537,2025
230,주중,23,하차,60.00383141762452,2025
230,토,0,승차,2.769230769230769,2025
230,토,0,하차,23.98076923076923,2025
230,토,1,승차,0.15384615384615385,2025
230,토,1,하차,0.1346153846153846,2025
230,토,2,승차,0.19230769230769232,2025
230,토,2,하차,0.3076923076923077,2025
230,토,3,승차,0.019230769230769232,2025
230,토,3,하차,0.1346153846153846,2025
230,토,4,승차,5.346153846153846,2025
230,토,4,하차,0.09615384615384616,2025
230,토,5,승차,103.11538461538461,2025
230,토,5,하차,22.153846153846153,2025
230,토,6,승차,108.15384615384616,2025
230,토,6,하차,58.98076923076923,2025
230,토,7,승차,169.78846153846155,2025
230,토,7,하차,127.5,2025
230,토,8,승차,263.09615384615387,2025
230,토,8,하차,157.40384615384616,2025
230,토,9,승차,308.5192307692308,2025
230,토,9,하차,161.42307692307693,2025
230,토,10,승차,319.7692307692308,2025
230,토,10,하차,165.57692307692307,2025
230,토,11,승차,355.7692307692308,2025
230,토,11,하차,246.01923076923077,2025
230,토,12,승차,364.0576923076923,2025
230,토,12,하차,255.71153846153845,2025
230,토,13,승차,335.1923076923077,2025
230,토,13,하차,216.32692307692307,2025
230,토,14,승차,264.6730769230769,2025
230,토,14,하차,221.6346153846154,2025
230,토,15,승차,245.07692307692307,2025
230,토,15,하차,262.5576923076923,2025
230,토,16,승차,246.17307692307693,2025
230,토,16,하차,311.38461538461536,2025
230,토,17,승차,269.0576923076923,2025
230,토,17,하차,328.8076923076923,2025
230,토,18,승차,189.6346153846154,2025
230,토,18,하차,248.80769230769232,2025
230,토,19,승차,136.67307692307693,2025
230,토,19,하차,169.1153846153846,2025
230,토,20,승차,101.34615384615384,2025
230,토,20,하차,138.78846153846155,2025
230,토,21,승차,63.28846153846154,2025
230,토,21,하차,128.03846153846155,2025
230,토,22,승차,38.38461538461539,2025
230,토,22,하차,96.11538461538461,2025
230,토,23,승차,20.884615384615383,2025
230,토,23,하차,77.03846153846153,2025
231,일,0,승차,2.1923076923076925,2025
231,일,0,하차,13.0,2025
231,일,1,승차,0.1346153846153846,2025
231,일,1,하차,0.17307692307692307,2025
231,일,2,승차,0.15384615384615385,2025
231,일,2,하차,0.1346153846153846,2025
231,일,3,승차,0.8653846153846154,2025
231,일,3,하차,0.2692307692307692,2025
231,일,4,승차,2.6923076923076925,2025
231,일,4,하차,1.4423076923076923,2025
231,일,5,승차,66.1923076923077,2025
231,일,5,하차,18.692307692307693,2025
231,일,6,승차,78.51923076923077,2025
231,일,6,하차,51.28846153846154,2025
231,일,7,승차,109.13461538461539,2025
231,일,7,하차,60.25,2025
231,일,8,승차,181.90384615384616,2025
231,일,8,하차,93.92307692307692,2025
231,일,9,승차,218.82692307692307,2025
231,일,9,하차,104.67307692307692,2025
231,일,10,승차,235.32692307692307,2025
231,일,10,하차,138.8653846153846,2025
231,일,11,승차,242.80769230769232,2025
231,일,11,하차,136.03846153846155,2025
231,일,12,승차,238.03846153846155,2025
231,일,12,하차,159.53846153846155,2025
231,일,13,승차,223.03846153846155,2025
231,일,13,하차,179.8653846153846,2025
231,일,14,승차,195.23076923076923,2025
231,일,14,하차,185.71153846153845,2025
231,일,15,승차,193.3846153846154,2025
231,일,15,하차,242.09615384615384,2025
231,일,16,승차,172.67307692307693,2025
231,일,16,하차,257.61538461538464,2025
231,일,17,승차,162.80769230769232,2025
231,일,17,하차,246.28846153846155,2025
231,일,18,승차,130.57692307692307,2025
231,일,18,하차,215.40384615384616,2025
231,일,19,승차,89.92307692307692,2025
231,일,19,하차,170.26923076923077,2025
231,일,20,승차,70.26923076923077,2025
231,일,20,하차,164.32692307692307,2025
231,일,21,승차,53.71153846153846,2025
231,일,21,하차,134.96153846153845,2025
231,일,22,승차,31.884615384615383,2025
231,일,22,하차,101.26923076923077,2025
231,일,23,승차,17.403846153846153,2025
231,일,23,하차,56.17307692307692,2025
231,주중,0,승차,3.053639846743295,2025
231,주중,0,하차,17.766283524904214,2025
231,주중,1,승차,0.09578544061302682,2025
231,주중,1,하차,0.22988505747126436,2025
231,주중,2,승차,0.1417624521072797,2025
231,주중,2,하차,0.15708812260536398,2025
231,주중,3,승차,2.5172413793103448,2025
231,주중,3,하차,0.2681992337164751,2025
231,주중,4,승차,3.2835249042145596,2025
231,주중,4,하차,1.0881226053639848,2025
231,주중,5,승차,122.50191570881226,2025
231,주중,5,하차,23.6360153256705,2025
231,주중,6,승차,220.39463601532566,2025
231,주중,6,하차,87.26436781609195,2025
231,주중,7,승차,492.5249042145594,2025
231,주중,7,하차,156.9463601532567,2025
231,주중,8,승차,603.8122605363984,2025
231,주중,8,하차,323.76245210727967,2025
231,주중,9,승차,355.08045977011494,2025
231,주중,9,하차,180.72030651340995,2025
231,주중,10,승차,275.2605363984674,2025
231,주중,10,하차,176.31034482758622,2025
231,주중,11,승차,255.68199233716476,2025
231,주중,11,하차,230.911877394636,2025
231,주중,12,승차,267.93486590038316,2025
231,주중,12,하차,247.10344827586206,2025
231,주중,13,승차,276.53256704980845,2025
231,주중,13,하차,225.44827586206895,2025
231,주중,14,승차,244.44444444444446,2025
231,주중,14,하차,251.00383141762453,2025
231,주중,15,승차,243.81226053639847,2025
231,주중,15,하차,338.2260536398467,2025
231,주중,16,승차,291.7432950191571,2025
231,주중,16,하차,397.1034482758621,2025
231,주중,17,승차,286.67816091954023,2025
231,주중,17,하차,499.91954022988506,2025
231,주중,18,승차,266.97318007662835,2025
231,주중,18,하차,534.7969348659004,2025
231,주중,19,승차,137.56704980842912,2025
231,주중,19,하차,293.7739463601533,2025
231,주중,20,승차,103.03065134099617,2025
231,주중,20,하차,218.9655172413793,2025
231,주중,21,승차,79.1800766283525,2025
231,주중,21,하차,180.83141762452107,2025
231,주중,22,승차,50.666666666666664,2025
231,주중,22,하차,150.04980842911877,2025
231,주중,23,승차,27.482758620689655,2025
231,주중,23,하차,83.89272030651341,2025
231,토,0,승차,3.826923076923077,2025
231,토,0,하차,24.557692307692307,2025
231,토,1,승차,0.07692307692307693,2025
231,토,1,하차,0.057692307692307696,2025
231,토,2,승차,0.11538461538461539,2025
231,토,2,하차,0.11538461538461539,2025
231,토,3,승차,2.1538461538461537,2025
231,토,3,하차,0.17307692307692307,2025
231,토,4,승차,2.980769230769231,2025
231,토,4,하차,0.9038461538461539,2025
231,토,5,승차,93.23076923076923,2025
231,토,5,하차,20.26923076923077,2025
231,토,6,승차,113.36538461538461,2025
231,토,6,하차,61.69230769230769,2025
231,토,7,승차,193.53846153846155,2025
231,토,7,하차,73.84615384615384,2025
231,토,8,승차,300.75,2025
231,토,8,하차,142.69230769230768,2025
231,토,9,승차,325.90384615384613,2025
231,토,9,하차,146.23076923076923,2025
231,토,10,승차,299.0192307692308,2025
231,토,10,하차,164.67307692307693,2025
231,토,11,승차,323.2307692307692,2025
231,토,11,하차,216.6153846153846,2025
231,토,12,승차,302.13461538461536,2025
231,토,12,하차,235.53846153846155,2025
231,토,13,승차,276.9230769230769,2025
231,토,13,하차,250.3846153846154,2025
231,토,14,승차,232.5,2025
231,토,14,하차,245.44230769230768,2025
231,토,15,승차,225.32692307692307,2025
231,토,15,하차,285.90384615384613,2025
231,토,16,승차,246.69230769230768,2025
231,토,16,하차,311.7692307692308,2025
231,토,17,승차,263.61538461538464,2025
231,토,17,하차,319.5192307692308,2025
231,토,18,승차,194.19230769230768,2025
231,토,18,하차,258.96153846153845,2025
231,토,19,승차,118.42307692307692,2025
231,토,19,하차,202.96153846153845,2025
231,토,20,승차,96.71153846153847,2025
231,토,20,하차,195.09615384615384,2025
231,토,21,승차,71.5,2025
231,토,21,하차,173.17307692307693,2025
231,토,22,승차,47.48076923076923,2025
231,토,22,하차,152.65384615384616,2025
231,토,23,승차,28.826923076923077,2025
231,토,23,하차,92.98076923076923,2025
232,일,0,승차,2.730769230769231,2025
232,일,0,하차,10.884615384615385,2025
232,일,1,승차,0.9038461538461539,2025
232,일,1,하차,0.40384615384615385,2025
232,일,2,승차,0.11538461538461539,2025
232,일,2,하차,0.7115384615384616,2025
232,일,3,승차,0.11538461538461539,2025
232,일,3,하차,0.6923076923076923,2025
232,일,4,승차,2.2884615384615383,2025
232,일,4,하차,0.3076923076923077,2025
232,일,5,승차,39.67307692307692,2025
232,일,5,하차,12.288461538461538,2025
232,일,6,승차,60.82692307692308,2025
232,일,6,하차,44.84615384615385,2025
232,일,7,승차,76.53846153846153,2025
232,일,7,하차,43.80769230769231,2025
232,일,8,승차,148.19230769230768,2025
232,일,8,하차,84.07692307692308,2025
232,일,9,승차,187.75,2025
232,일,9,하차,88.53846153846153,2025
232,일,10,승차,206.69230769230768,2025
232,일,10,하차,135.3653846153846,2025
232,일,11,승차,199.17307692307693,2025
232,일,11,하차,81.71153846153847,2025
232,일,12,승차,196.51923076923077,2025
232,일,12,하차,86.07692307692308,2025
232,일,13,승차,171.57692307692307,2025
232,일,13,하차,103.73076923076923,2025
232,일,14,승차,146.30769230769232,2025
232,일,14,하차,108.57692307692308,2025
232,일,15,승차,146.59615384615384,2025
232,일,15,하차,137.1346153846154,2025
232,일,16,승차,152.40384615384616,2025
232,일,16,하차,146.92307692307693,2025
232,일,17,승차,129.30769230769232,2025
232,일,17,하차,155.96153846153845,2025
232,일,18,승차,93.1923076923077,2025
232,일,18,하차,136.07692307692307,2025
232,일,19,승차,67.11538461538461,2025
232,일,19,하차,113.59615384615384,2025
232,일,20,승차,53.84615384615385,2025
232,일,20,하차,106.28846153846153,2025
232,일,21,승차,37.44230769230769,2025
232,일,21,하차,86.63461538461539,2025
232,일,22,승차,24.73076923076923,2025
232,일,22,하차,76.88461538461539,2025
232,일,23,승차,12.134615384615385,2025
232,일,23,하차,43.44230769230769,2025
232,주중,0,승차,3.3946360153256707,2025
232,주중,0,하차,14.298850574712644,2025
232,주중,1,승차,0.8697318007662835,2025
232,주중,1,하차,0.5977011494252874,2025
232,주중,2,승차,0.1685823754789272,2025
232,주중,2,하차,1.1455938697318007,2025
232,주중,3,승차,0.1111111111111111,2025
232,주중,3,하차,0.8045977011494253,2025
232,주중,4,승차,4.559386973180077,2025
232,주중,4,하차,0.5632183908045977,2025
232,주중,5,승차,102.0,2025
232,주중,5,하차,24.18773946360153,2025
232,주중,6,승차,153.48275862068965,2025
232,주중,6,하차,71.58620689655173,2025
232,주중,7,승차,397.7816091954023,2025
232,주중,7,하차,106.31800766283524,2025
232,주중,8,승차,486.823754789272,2025
232,주중,8,하차,278.76245210727967,2025
232,주중,9,승차,293.1264367816092,2025
232,주중,9,하차,135.61302681992336,2025
232,주중,10,승차,229.272030651341,2025
232,주중,10,하차,129.62835249042146,2025
232,주중,11,승차,229.3793103448276,2025
232,주중,11,하차,129.2911877394636,2025
232,주중,12,승차,234.6206896551724,2025
232,주중,12,하차,149.78544061302682,2025
232,주중,13,승차,228.2030651340996,2025
232,주중,13,하차,138.21072796934865,2025
232,주중,14,승차,185.80842911877394,2025
232,주중,14,하차,156.93869731800766,2025
232,주중,15,승차,199.5249042145594,2025
232,주중,15,하차,191.21455938697318,2025
232,주중,16,승차,263.3831417624521,2025
232,주중,16,하차,239.98850574712642,2025
232,주중,17,승차,256.63984674329504,2025
232,주중,17,하차,292.97318007662835,2025
232,주중,18,승차,235.87739463601534,2025
232,주중,18,하차,308.3141762452107,2025
232,주중,19,승차,110.52490421455938,2025
232,주중,19,하차,175.32183908045977,2025
232,주중,20,승차,86.73563218390805,2025
232,주중,20,하차,135.095785440613,2025
232,주중,21,승차,57.89655172413793,2025
232,주중,21,하차,115.49425287356321,2025
232,주중,22,승차,32.05747126436781,2025
232,주중,22,하차,103.80459770114942,2025
232,주중,23,승차,13.003831417624522,2025
232,주중,23,하차,60.90421455938697,2025
232,토,0,승차,2.423076923076923,2025
232,토,0,하차,18.75,2025
232,토,1,승차,0.9423076923076923,2025
232,토,1,하차,0.28846153846153844,2025
232,토,2,승차,0.057692307692307696,2025
232,토,2,하차,1.0576923076923077,2025
232,토,3,승차,0.07692307692307693,2025
232,토,3,하차,0.4807692307692308,2025
232,토,4,승차,3.6346153846153846,2025
232,토,4,하차,0.28846153846153844,2025
232,토,5,승차,73.13461538461539,2025
232,토,5,하차,21.25,2025
232,토,6,승차,90.57692307692308,2025
232,토,6,하차,52.25,2025
232,토,7,승차,149.82692307692307,2025
232,토,7,하차,51.65384615384615,2025
232,토,8,승차,227.30769230769232,2025
232,토,8,하차,98.90384615384616,2025
232,토,9,승차,242.21153846153845,2025
232,토,9,하차,100.07692307692308,2025
232,토,10,승차,246.96153846153845,2025
232,토,10,하차,111.9423076923077,2025
232,토,11,승차,261.84615384615387,2025
232,토,11,하차,119.13461538461539,2025
232,토,12,승차,239.48076923076923,2025
232,토,12,하차,134.3846153846154,2025
232,토,13,승차,204.07692307692307,2025
232,토,13,하차,139.07692307692307,2025
232,토,14,승차,170.46153846153845,2025
232,토,14,하차,147.28846153846155,2025
232,토,15,승차,171.94230769230768,2025
232,토,15,하차,163.80769230769232,2025
232,토,16,승차,210.59615384615384,2025
232,토,16,하차,183.94230769230768,2025
232,토,17,승차,206.25,2025
232,토,17,하차,193.78846153846155,2025
232,토,18,승차,138.42307692307693,2025
232,토,18,하차,167.51923076923077,2025
232,토,19,승차,89.96153846153847,2025
232,토,19,하차,128.59615384615384,2025
232,토,20,승차,65.67307692307692,2025
232,토,20,하차,121.40384615384616,2025
232,토,21,승차,43.67307692307692,2025
232,토,21,하차,112.01923076923077,2025
232,토,22,승차,33.09615384615385,2025
232,토,22,하차,103.71153846153847,2025
232,토,23,승차,14.442307692307692,2025
232,토,23,하차,66.98076923076923,2025
233,일,0,승차,4.153846153846154,2025
233,일,0,하차,13.173076923076923,2025
233,일,1,승차,0.07692307692307693,2025
233,일,1,하차,0.057692307692307696,2025
233,일,2,승차,0.0,2025
233,일,2,하차,0.0,2025
233,일,3,승차,0.019230769230769232,2025
233,일,3,하차,0.0,2025
233,일,4,승차,0.9230769230769231,2025
233,일,4,하차,0.25,2025
233,일,5,승차,33.65384615384615,2025
233,일,5,하차,35.44230769230769,2025
233,일,6,승차,47.82692307692308,2025
233,일,6,하차,93.98076923076923,2025
233,일,7,승차,65.78846153846153,2025
233,일,7,하차,130.25,2025
233,일,8,승차,104.21153846153847,2025
233,일,8,하차,169.03846153846155,2025
233,일,9,승차,157.90384615384616,2025
233,일,9,하차,279.5192307692308,2025
233,일,10,승차,219.8846153846154,2025
233,일,10,하차,357.25,2025
233,일,11,승차,266.8076923076923,2025
233,일,11,하차,461.1923076923077,2025
233,일,12,승차,295.21153846153845,2025
233,일,12,하차,497.1730769230769,2025
233,일,13,승차,322.15384615384613,2025
233,일,13,하차,421.40384615384613,2025
233,일,14,승차,367.86538461538464,2025
233,일,14,하차,473.8269230769231,2025
233,일,15,승차,385.2307692307692,2025
233,일,15,하차,414.4230769230769,2025
233,일,16,승차,352.59615384615387,2025
233,일,16,하차,393.15384615384613,2025
233,일,17,승차,299.28846153846155,2025
233,일,17,하차,321.21153846153845,2025
233,일,18,승차,218.55769230769232,2025
233,일,18,하차,258.25,2025
233,일,19,승차,175.84615384615384,2025
233,일,19,하차,170.01923076923077,2025
233,일,20,승차,134.84615384615384,2025
233,일,20,하차,129.75,2025
233,일,21,승차,89.0,2025
233,일,21,하차,118.48076923076923,2025
233,일,22,승차,53.34615384615385,2025
233,일,22,하차,78.46153846153847,2025
233,일,23,승차,29.03846153846154,2025
233,일,23,하차,60.82692307692308,2025
233,주중,0,승차,5.674329501915709,2025
233,주중,0,하차,16.0,2025
233,주중,1,승차,0.210727969348659,2025
233,주중,1,하차,0.3716475095785441,2025
233,주중,2,승차,0.10344827586206896,2025
233,주중,2,하차,0.15708812260536398,2025
233,주중,3,승차,0.05363984674329502,2025
233,주중,3,하차,0.0842911877394636,2025
233,주중,4,승차,1.0229885057471264,2025
233,주중,4,하차,0.30268199233716475,2025
233,주중,5,승차,68.7624521072797,2025
233,주중,5,하차,57.44444444444444,2025
233,주중,6,승차,112.37931034482759,2025
233,주중,6,하차,151.65134099616859,2025
233,주중,7,승차,244.64367816091954,2025
233,주중,7,하차,285.79693486590037,2025
233,주중,8,승차,286.1072796934866,2025
233,주중,8,하차,769.007662835249,2025
233,주중,9,승차,244.75862068965517,2025
233,주중,9,하차,591.0689655172414,2025
233,주중,10,승차,328.49808429118775,2025
233,주중,10,하차,530.6513409961685,2025
233,주중,11,승차,397.911877394636,2025
233,주중,11,하차,590.7739463601532,2025
233,주중,12,승차,417.7892720306513,2025
233,주중,12,하차,502.0,2025
233,주중,13,승차,393.18390804597703,2025
233,주중,13,하차,571.3103448275862,2025
233,주중,14,승차,412.7854406130268,2025
233,주중,14,하차,518.536398467433,2025
233,주중,15,승차,465.0344827586207,2025
233,주중,15,하차,535.2413793103449,2025
233,주중,16,승차,481.23754789272033,2025
233,주중,16,하차,528.4329501915709,2025
233,주중,17,승차,514.7892720306513,2025
233,주중,17,하차,553.7777777777778,2025
233,주중,18,승차,424.3141762452107,2025
233,주중,18,하차,572.2068965517242,2025
233,주중,19,승차,205.19540229885058,2025
233,주중,19,하차,261.69731800766283,2025
233,주중,20,승차,159.78544061302682,2025
233,주중,20,하차,165.53256704980842,2025
233,주중,21,승차,129.40613026819923,2025
233,주중,21,하차,146.56704980842912,2025
233,주중,22,승차,79.17624521072797,2025
233,주중,22,하차,100.89272030651341,2025
233,주중,23,승차,40.6360153256705,2025
233,주중,23,하차,84.89272030651341,2025
233,토,0,승차,6.519230769230769,2025
233,토,0,하차,24.98076923076923,2025
233,토,1,승차,0.17307692307692307,2025
233,토,1,하차,0.25,2025
233,토,2,승차,0.019230769230769232,2025
233,토,2,하차,0.019230769230769232,2025
233,토,3,승차,0.019230769230769232,2025
233,토,3,하차,0.0,2025
233,토,4,승차,0.8846153846153846,2025
233,토,4,하차,0.28846153846153844,2025
233,토,5,승차,52.46153846153846,2025
233,토,5,하차,49.94230769230769,2025
233,토,6,승차,69.17307692307692,2025
233,토,6,하차,117.28846153846153,2025
233,토,7,승차,113.6923076923077,2025
233,토,7,하차,156.8653846153846,2025
233,토,8,승차,156.5,2025
233,토,8,하차,406.53846153846155,2025
233,토,9,승차,224.1346153846154,2025
233,토,9,하차,479.21153846153845,2025
233,토,10,승차,329.7307692307692,2025
233,토,10,하차,528.8846153846154,2025
233,토,11,승차,410.11538461538464,2025
233,토,11,하차,600.6730769230769,2025
233,토,12,승차,439.61538461538464,2025
233,토,12,하차,616.5384615384615,2025
233,토,13,승차,441.38461538461536,2025
233,토,13,하차,553.9423076923077,2025
233,토,14,승차,427.5769230769231,2025
233,토,14,하차,486.78846153846155,2025
233,토,15,승차,436.8076923076923,2025
233,토,15,하차,480.84615384615387,2025
233,토,16,승차,413.15384615384613,2025
233,토,16,하차,524.6923076923077,2025
233,토,17,승차,366.78846153846155,2025
233,토,17,하차,547.4615384615385,2025
233,토,18,승차,272.78846153846155,2025
233,토,18,하차,401.09615384615387,2025
233,토,19,승차,204.3846153846154,2025
233,토,19,하차,247.90384615384616,2025
233,토,20,승차,171.03846153846155,2025
233,토,20,하차,176.76923076923077,2025
233,토,21,승차,142.03846153846155,2025
233,토,21,하차,175.65384615384616,2025
233,토,22,승차,92.63461538461539,2025
233,토,22,하차,122.03846153846153,2025
233,토,23,승차,55.32692307692308,2025
233,토,23,하차,108.75,2025
234,일,0,승차,2.1346153846153846,2025
234,일,0,하차,35.51923076923077,2025
234,일,1,승차,0.07692307692307693,2025
234,일,1,하차,0.09615384615384616,2025
234,일,2,승차,0.038461538461538464,2025
234,일,2,하차,0.11538461538461539,2025
234,일,3,승차,0.0,2025
234,일,3,하차,0.0,2025
234,일,4,승차,0.6153846153846154,2025
234,일,4,하차,0.0,2025
234,일,5,승차,43.69230769230769,2025
234,일,5,하차,22.96153846153846,2025
234,일,6,승차,78.82692307692308,2025
234,일,6,하차,54.92307692307692,2025
234,일,7,승차,125.09615384615384,2025
234,일,7,하차,84.78846153846153,2025
234,일,8,승차,194.07692307692307,2025
234,일,8,하차,112.84615384615384,2025
234,일,9,승차,276.96153846153845,2025
234,일,9,하차,149.90384615384616,2025
234,일,10,승차,313.25,2025
234,일,10,하차,176.26923076923077,2025
234,일,11,승차,321.9807692307692,2025
234,일,11,하차,186.67307692307693,2025
234,일,12,승차,319.0192307692308,2025
234,일,12,하차,201.19230769230768,2025
234,일,13,승차,311.3269230769231,2025
234,일,13,하차,242.67307692307693,2025
234,일,14,승차,294.0192307692308,2025
234,일,14,하차,255.6346153846154,2025
234,일,15,승차,293.5,2025
234,일,15,하차,293.36538461538464,2025
234,일,16,승차,251.03846153846155,2025
234,일,16,하차,343.09615384615387,2025
234,일,17,승차,224.55769230769232,2025
234,일,17,하차,322.46153846153845,2025
234,일,18,승차,175.53846153846155,2025
234,일,18,하차,293.86538461538464,2025
234,일,19,승차,121.8076923076923,2025
234,일,19,하차,208.48076923076923,2025
234,일,20,승차,86.40384615384616,2025
234,일,20,하차,206.80769230769232,2025
234,일,21,승차,67.75,2025
234,일,21,하차,180.90384615384616,2025
234,일,22,승차,49.13461538461539,2025
234,일,22,하차,119.67307692307692,2025
234,일,23,승차,24.28846153846154,2025
234,일,23,하차,85.46153846153847,2025
234,주중,0,승차,3.103448275862069,2025
234,주중,0,하차,51.89655172413793,2025
234,주중,1,승차,0.21839080459770116,2025
234,주중,1,하차,0.40229885057471265,2025
234,주중,2,승차,0.07279693486590039,2025
234,주중,2,하차,0.16475095785440613,2025
234,주중,3,승차,0.007662835249042145,2025
234,주중,3,하차,0.06513409961685823,2025
234,주중,4,승차,0.5134099616858238,2025
234,주중,4,하차,0.019157088122605363,2025
234,주중,5,승차,95.5823754789272,2025
234,주중,5,하차,30.2183908045977,2025
234,주중,6,승차,237.93103448275863,2025
234,주중,6,하차,98.57088122605364,2025
234,주중,7,승차,836.7126436781609,2025
234,주중,7,하차,161.2911877394636,2025
234,주중,8,승차,1018.9272030651341,2025
234,주중,8,하차,339.7854406130268,2025
234,주중,9,승차,504.86590038314176,2025
234,주중,9,하차,219.4367816091954,2025
234,주중,10,승차,394.16858237547893,2025
234,주중,10,하차,247.66283524904213,2025
234,주중,11,승차,386.42911877394636,2025
234,주중,11,하차,277.7164750957854,2025
234,주중,12,승차,354.46360153256705,2025
234,주중,12,하차,324.62835249042143,2025
234,주중,13,승차,347.9310344827586,2025
234,주중,13,하차,326.27969348659,2025
234,주중,14,승차,324.9272030651341,2025
234,주중,14,하차,333.6360153256705,2025
234,주중,15,승차,325.58620689655174,2025
234,주중,15,하차,446.92337164750955,2025
234,주중,16,승차,359.71264367816093,2025
234,주중,16,하차,539.3869731800767,2025
234,주중,17,승차,411.85057471264366,2025
234,주중,17,하차,656.0919540229885,2025
234,주중,18,승차,333.9501915708812,2025
234,주중,18,하차,878.9961685823755,2025
234,주중,19,승차,178.73180076628353,2025
234,주중,19,하차,451.7088122605364,2025
234,주중,20,승차,131.99233716475095,2025
234,주중,20,하차,298.20306513409963,2025
234,주중,21,승차,113.98467432950191,2025
234,주중,21,하차,285.2107279693487,2025
234,주중,22,승차,79.91954022988506,2025
234,주중,22,하차,219.8582375478927,2025
234,주중,23,승차,40.16475095785441,2025
234,주중,23,하차,139.29885057471265,2025
234,토,0,승차,3.4615384615384617,2025
234,토,0,하차,67.6923076923077,2025
234,토,1,승차,0.11538461538461539,2025
234,토,1,하차,0.11538461538461539,2025
234,토,2,승차,0.07692307692307693,2025
234,토,2,하차,0.15384615384615385,2025
234,토,3,승차,0.0,2025
234,토,3,하차,0.019230769230769232,2025
234,토,4,승차,0.5769230769230769,2025
234,토,4,하차,0.0,2025
234,토,5,승차,72.98076923076923,2025
234,토,5,하차,29.26923076923077,2025
234,토,6,승차,117.63461538461539,2025
234,토,6,하차,72.28846153846153,2025
234,토,7,승차,240.84615384615384,2025
234,토,7,하차,108.11538461538461,2025
234,토,8,승차,371.25,2025
234,토,8,하차,228.5,2025
234,토,9,승차,417.2307692307692,2025
234,토,9,하차,230.23076923076923,2025
234,토,10,승차,421.6730769230769,2025
234,토,10,하차,239.05769230769232,2025
234,토,11,승차,484.59615384615387,2025
234,토,11,하차,295.86538461538464,2025
234,토,12,승차,488.4230769230769,2025
234,토,12,하차,326.65384615384613,2025
234,토,13,승차,418.0192307692308,2025
234,토,13,하차,357.3269230769231,2025
234,토,14,승차,350.6730769230769,2025
234,토,14,하차,344.09615384615387,2025
234,토,15,승차,352.4230769230769,2025
234,토,15,하차,374.63461538461536,2025
234,토,16,승차,378.25,2025
234,토,16,하차,421.8076923076923,2025
234,토,17,승차,367.8269230769231,2025
234,토,17,하차,418.90384615384613,2025
234,토,18,승차,251.69230769230768,2025
234,토,18,하차,364.36538461538464,2025
234,토,19,승차,174.42307692307693,2025
234,토,19,하차,269.53846153846155,2025
234,토,20,승차,123.46153846153847,2025
234,토,20,하차,246.65384615384616,2025
234,토,21,승차,99.57692307692308,2025
234,토,21,하차,261.13461538461536,2025
234,토,22,승차,70.26923076923077,2025
234,토,22,하차,199.71153846153845,2025
234,토,23,승차,40.46153846153846,2025
234,토,23,하차,150.44230769230768,2025
235,일,0,승차,6.980769230769231,2025
235,일,0,하차,51.21153846153846,2025
235,일,1,승차,0.019230769230769232,2025
235,일,1,하차,0.019230769230769232,2025
235,일,2,승차,0.038461538461538464,2025
235,일,2,하차,0.057692307692307696,2025
235,일,3,승차,0.019230769230769232,2025
235,일,3,하차,0.11538461538461539,2025
235,일,4,승차,2.1538461538461537,2025
235,일,4,하차,0.019230769230769232,2025
235,일,5,승차,89.36538461538461,2025
235,일,5,하차,16.73076923076923,2025
235,일,6,승차,120.26923076923077,2025
235,일,6,하차,104.63461538461539,2025
235,일,7,승차,190.34615384615384,2025
235,일,7,하차,101.78846153846153,2025
235,일,8,승차,274.9423076923077,2025
235,일,8,하차,215.65384615384616,2025
235,일,9,승차,356.2307692307692,2025
235,일,9,하차,327.0576923076923,2025
235,일,10,승차,423.11538461538464,2025
235,일,10,하차,424.88461538461536,2025
235,일,11,승차,459.36538461538464,2025
235,일,11,하차,419.2307692307692,2025
235,일,12,승차,514.8846153846154,2025
235,일,12,하차,443.96153846153845,2025
235,일,13,승차,529.4615384615385,2025
235,일,13,하차,464.4230769230769,2025
235,일,14,승차,526.4807692307693,2025
235,일,14,하차,454.1923076923077,2025
235,일,15,승차,501.4423076923077,2025
235,일,15,하차,535.3269230769231,2025
235,일,16,승차,492.9423076923077,2025
235,일,16,하차,537.9423076923077,2025
235,일,17,승차,465.09615384615387,2025
235,일,17,하차,564.0192307692307,2025
235,일,18,승차,374.65384615384613,2025
235,일,18,하차,501.21153846153845,2025
235,일,19,승차,284.28846153846155,2025
235,일,19,하차,358.36538461538464,2025
235,일,20,승차,257.8269230769231,2025
235,일,20,하차,292.0,2025
235,일,21,승차,217.84615384615384,2025
235,일,21,하차,243.09615384615384,2025
235,일,22,승차,148.67307692307693,2025
235,일,22,하차,194.25,2025
235,일,23,승차,89.51923076923077,2025
235,일,23,하차,112.4423076923077,2025
235,주중,0,승차,8.524904214559387,2025
235,주중,0,하차,73.80842911877394,2025
235,주중,1,승차,0.5134099616858238,2025
235,주중,1,하차,0.7586206896551724,2025
235,주중,2,승차,0.31800766283524906,2025
235,주중,2,하차,0.45977011494252873,2025
235,주중,3,승차,0.02681992337164751,2025
235,주중,3,하차,0.09961685823754789,2025
235,주중,4,승차,3.1264367816091956,2025
235,주중,4,하차,0.11494252873563218,2025
235,주중,5,승차,170.25670498084293,2025
235,주중,5,하차,17.375478927203066,2025
235,주중,6,승차,366.7394636015326,2025
235,주중,6,하차,186.4904214559387,2025
235,주중,7,승차,1171.3333333333333,2025
235,주중,7,하차,312.2911877394636,2025
235,주중,8,승차,1195.5747126436781,2025
235,주중,8,하차,729.471264367816,2025
235,주중,9,승차,649.3869731800767,2025
235,주중,9,하차,645.3984674329502,2025
235,주중,10,승차,643.7547892720306,2025
235,주중,10,하차,564.5478927203065,2025
235,주중,11,승차,696.3754789272031,2025
235,주중,11,하차,606.5325670498084,2025
235,주중,12,승차,678.9616858237548,2025
235,주중,12,하차,649.1685823754789,2025
235,주중,13,승차,641.2911877394636,2025
235,주중,13,하차,673.8429118773946,2025
235,주중,14,승차,611.471264367816,2025
235,주중,14,하차,699.7088122605364,2025
235,주중,15,승차,681.2375478927203,2025
235,주중,15,하차,736.9540229885057,2025
235,주중,16,승차,721.0191570881226,2025
235,주중,16,하차,936.2452107279694,2025
235,주중,17,승차,765.7432950191571,2025
235,주중,17,하차,1249.3563218390805,2025
235,주중,18,승차,699.6091954022988,2025
235,주중,18,하차,1529.4980842911878,2025
235,주중,19,승차,403.3103448275862,2025
235,주중,19,하차,711.3180076628353,2025
235,주중,20,승차,353.09578544061304,2025
235,주중,20,하차,451.86206896551727,2025
235,주중,21,승차,368.1072796934866,2025
235,주중,21,하차,379.6551724137931,2025
235,주중,22,승차,234.7088122605364,2025
235,주중,22,하차,319.48275862068965,2025
235,주중,23,승차,145.8544061302682,2025
235,주중,23,하차,181.4214559386973,2025
235,토,0,승차,9.923076923076923,2025
235,토,0,하차,93.51923076923077,2025
235,토,1,승차,0.019230769230769232,2025
235,토,1,하차,0.057692307692307696,2025
235,토,2,승차,0.19230769230769232,2025
235,토,2,하차,0.3076923076923077,2025
235,토,3,승차,0.0,2025
235,토,3,하차,0.0,2025
235,토,4,승차,2.7115384615384617,2025
235,토,4,하차,0.07692307692307693,2025
235,토,5,승차,132.90384615384616,2025
235,토,5,하차,15.0,2025
235,토,6,승차,171.34615384615384,2025
235,토,6,하차,150.92307692307693,2025
235,토,7,승차,346.0576923076923,2025
235,토,7,하차,169.59615384615384,2025
235,토,8,승차,471.2307692307692,2025
235,토,8,하차,438.5576923076923,2025
235,토,9,승차,518.0192307692307,2025
235,토,9,하차,548.1538461538462,2025
235,토,10,승차,619.0961538461538,2025
235,토,10,하차,599.3076923076923,2025
235,토,11,승차,717.1346153846154,2025
235,토,11,하차,642.7692307692307,2025
235,토,12,승차,762.4038461538462,2025
235,토,12,하차,677.75,2025
235,토,13,승차,752.0769230769231,2025
235,토,13,하차,679.7115384615385,2025
235,토,14,승차,663.0576923076923,2025
235,토,14,하차,600.3076923076923,2025
235,토,15,승차,668.8269230769231,2025
235,토,15,하차,631.8076923076923,2025
235,토,16,승차,711.2307692307693,2025
235,토,16,하차,767.25,2025
235,토,17,승차,677.6153846153846,2025
235,토,17,하차,818.3076923076923,2025
235,토,18,승차,504.13461538461536,2025
235,토,18,하차,696.5769230769231,2025
235,토,19,승차,364.59615384615387,2025
235,토,19,하차,470.9423076923077,2025
235,토,20,승차,326.0192307692308,2025
235,토,20,하차,400.0576923076923,2025
235,토,21,승차,333.0192307692308,2025
235,토,21,하차,363.38461538461536,2025
235,토,22,승차,237.96153846153845,2025
235,토,22,하차,314.63461538461536,2025
235,토,23,승차,144.69230769230768,2025
235,토,23,하차,209.67307692307693,2025
236,일,0,승차,1.8269230769230769,2025
236,일,0,하차,22.192307692307693,2025
236,일,1,승차,0.019230769230769232,2025
236,일,1,하차,0.07692307692307693,2025
236,일,2,승차,0.019230769230769232,2025
236,일,2,하차,0.038461538461538464,2025
236,일,3,승차,0.0,2025
236,일,3,하차,0.0,2025
236,일,4,승차,2.7115384615384617,2025
236,일,4,하차,0.6730769230769231,2025
236,일,5,승차,55.69230769230769,2025
236,일,5,하차,4.096153846153846,2025
236,일,6,승차,88.51923076923077,2025
236,일,6,하차,65.84615384615384,2025
236,일,7,승차,123.4423076923077,2025
236,일,7,하차,66.17307692307692,2025
236,일,8,승차,194.42307692307693,2025
236,일,8,하차,144.69230769230768,2025
236,일,9,승차,245.6153846153846,2025
236,일,9,하차,145.75,2025
236,일,10,승차,320.84615384615387,2025
236,일,10,하차,246.76923076923077,2025
236,일,11,승차,268.1730769230769,2025
236,일,11,하차,144.5,2025
236,일,12,승차,366.3269230769231,2025
236,일,12,하차,203.6153846153846,2025
236,일,13,승차,269.13461538461536,2025
236,일,13,하차,177.8653846153846,2025
236,일,14,승차,236.92307692307693,2025
236,일,14,하차,209.69230769230768,2025
236,일,15,승차,204.57692307692307,2025
236,일,15,하차,225.84615384615384,2025
236,일,16,승차,187.51923076923077,2025
236,일,16,하차,259.5,2025
236,일,17,승차,149.26923076923077,2025
236,일,17,하차,239.21153846153845,2025
236,일,18,승차,121.88461538461539,2025
236,일,18,하차,230.5,2025
236,일,19,승차,78.59615384615384,2025
236,일,19,하차,172.0,2025
236,일,20,승차,90.82692307692308,2025
236,일,20,하차,136.23076923076923,2025
236,일,21,승차,38.61538461538461,2025
236,일,21,하차,139.69230769230768,2025
236,일,22,승차,24.615384615384617,2025
236,일,22,하차,97.0,2025
236,일,23,승차,11.134615384615385,2025
236,일,23,하차,56.42307692307692,2025
236,주중,0,승차,2.3256704980842913,2025
236,주중,0,하차,32.42911877394636,2025
236,주중,1,승차,0.19923371647509577,2025
236,주중,1,하차,0.2796934865900383,2025
236,주중,2,승차,0.23754789272030652,2025
236,주중,2,하차,0.32567049808429116,2025
236,주중,3,승차,0.022988505747126436,2025
236,주중,3,하차,0.13409961685823754,2025
236,주중,4,승차,3.4827586206896552,2025
236,주중,4,하차,0.5823754789272031,2025
236,주중,5,승차,114.37931034482759,2025
236,주중,5,하차,3.1494252873563218,2025
236,주중,6,승차,239.4176245210728,2025
236,주중,6,하차,77.93869731800767,2025
236,주중,7,승차,603.6666666666666,2025
236,주중,7,하차,122.4521072796935,2025
236,주중,8,승차,685.5900383141762,2025
236,주중,8,하차,292.84674329501917,2025
236,주중,9,승차,403.88122605363986,2025
236,주중,9,하차,177.46743295019158,2025
236,주중,10,승차,333.33716475095787,2025
236,주중,10,하차,180.6934865900383,2025
236,주중,11,승차,314.18773946360153,2025
236,주중,11,하차,230.88122605363984,2025
236,주중,12,승차,302.2260536398467,2025
236,주중,12,하차,238.7624521072797,2025
236,주중,13,승차,281.8544061302682,2025
236,주중,13,하차,249.34099616858236,2025
236,주중,14,승차,248.088122605364,2025
236,주중,14,하차,233.544061302682,2025
236,주중,15,승차,243.09195402298852,2025
236,주중,15,하차,332.6858237547893,2025
236,주중,16,승차,258.14942528735634,2025
236,주중,16,하차,371.2337164750958,2025
236,주중,17,승차,226.51724137931035,2025
236,주중,17,하차,461.37931034482756,2025
236,주중,18,승차,225.88505747126436,2025
236,주중,18,하차,554.3639846743295,2025
236,주중,19,승차,96.40229885057471,2025
236,주중,19,하차,312.93869731800766,2025
236,주중,20,승차,75.47126436781609,2025
236,주중,20,하차,215.79310344827587,2025
236,주중,21,승차,49.593869731800766,2025
236,주중,21,하차,193.32950191570882,2025
236,주중,22,승차,33.61302681992337,2025
236,주중,22,하차,152.64750957854406,2025
236,주중,23,승차,14.980842911877394,2025
236,주중,23,하차,84.01149425287356,2025
236,토,0,승차,2.1538461538461537,2025
236,토,0,하차,40.01923076923077,2025
236,토,1,승차,0.09615384615384616,2025
236,토,1,하차,0.25,2025
236,토,2,승차,0.09615384615384616,2025
236,토,2,하차,0.09615384615384616,2025
236,토,3,승차,0.0,2025
236,토,3,하차,0.057692307692307696,2025
236,토,4,승차,2.5576923076923075,2025
236,토,4,하차,0.5192307692307693,2025
236,토,5,승차,87.01923076923077,2025
236,토,5,하차,3.7884615384615383,2025
236,토,6,승차,129.57692307692307,2025
236,토,6,하차,65.1923076923077,2025
236,토,7,승차,222.6346153846154,2025
236,토,7,하차,64.88461538461539,2025
236,토,8,승차,306.0192307692308,2025
236,토,8,하차,124.6923076923077,2025
236,토,9,승차,331.4807692307692,2025
236,토,9,하차,147.78846153846155,2025
236,토,10,승차,342.25,2025
236,토,10,하차,170.46153846153845,2025
236,토,11,승차,338.38461538461536,2025
236,토,11,하차,189.80769230769232,2025
236,토,12,승차,302.46153846153845,2025
236,토,12,하차,224.82692307692307,2025
236,토,13,승차,266.8269230769231,2025
236,토,13,하차,255.57692307692307,2025
236,토,14,승차,240.57692307692307,2025
236,토,14,하차,249.21153846153845,2025
236,토,15,승차,234.03846153846155,2025
236,토,15,하차,266.78846153846155,2025
236,토,16,승차,252.8653846153846,2025
236,토,16,하차,287.1730769230769,2025
236,토,17,승차,239.5,2025
236,토,17,하차,279.2307692307692,2025
236,토,18,승차,152.3846153846154,2025
236,토,18,하차,250.78846153846155,2025
236,토,19,승차,92.84615384615384,2025
236,토,19,하차,194.26923076923077,2025
236,토,20,승차,70.26923076923077,2025
236,토,20,하차,170.8846153846154,2025
236,토,21,승차,48.88461538461539,2025
236,토,21,하차,189.30769230769232,2025
236,토,22,승차,32.34615384615385,2025
236,토,22,하차,142.67307692307693,2025
236,토,23,승차,18.076923076923077,2025
236,토,23,하차,95.59615384615384,2025
237,일,0,승차,1.2884615384615385,2025
237,일,0,하차,7.4423076923076925,2025
237,일,1,승차,0.0,2025
237,일,1,하차,0.0,2025
237,일,2,승차,0.0,2025
237,일,2,하차,0.0,2025
237,일,3,승차,0.0,2025
237,일,3,하차,0.0,2025
237,일,4,승차,2.923076923076923,2025
237,일,4,하차,0.28846153846153844,2025
237,일,5,승차,26.23076923076923,2025
237,일,5,하차,0.9807692307692307,2025
237,일,6,승차,37.59615384615385,2025
237,일,6,하차,31.942307692307693,2025
237,일,7,승차,49.82692307692308,2025
237,일,7,하차,19.51923076923077,2025
237,일,8,승차,76.63461538461539,2025
237,일,8,하차,20.596153846153847,2025
237,일,9,승차,101.61538461538461,2025
237,일,9,하차,27.807692307692307,2025
237,일,10,승차,106.07692307692308,2025
237,일,10,하차,36.80769230769231,2025
237,일,11,승차,104.8076923076923,2025
237,일,11,하차,47.78846153846154,2025
237,일,12,승차,93.36538461538461,2025
237,일,12,하차,51.21153846153846,2025
237,일,13,승차,85.9423076923077,2025
237,일,13,하차,71.42307692307692,2025
237,일,14,승차,75.65384615384616,2025
237,일,14,하차,71.90384615384616,2025
237,일,15,승차,61.80769230769231,2025
237,일,15,하차,80.6923076923077,2025
237,일,16,승차,53.71153846153846,2025
237,일,16,하차,95.15384615384616,2025
237,일,17,승차,49.48076923076923,2025
237,일,17,하차,87.73076923076923,2025
237,일,18,승차,35.96153846153846,2025
237,일,18,하차,76.98076923076923,2025
237,일,19,승차,19.76923076923077,2025
237,일,19,하차,53.26923076923077,2025
237,일,20,승차,14.26923076923077,2025
237,일,20,하차,43.80769230769231,2025
237,일,21,승차,10.211538461538462,2025
237,일,21,하차,32.92307692307692,2025
237,일,22,승차,6.0576923076923075,2025
237,일,22,하차,23.942307692307693,2025
237,일,23,승차,4.25,2025
237,일,23,하차,14.942307692307692,2025
237,주중,0,승차,1.5900383141762453,2025
237,주중,0,하차,11.482758620689655,2025
237,주중,1,승차,0.3103448275862069,2025
237,주중,1,하차,0.39080459770114945,2025
237,주중,2,승차,0.09578544061302682,2025
237,주중,2,하차,0.24521072796934865,2025
237,주중,3,승차,0.019157088122605363,2025
237,주중,3,하차,0.10344827586206896,2025
237,주중,4,승차,3.4329501915708813,2025
237,주중,4,하차,0.3218390804597701,2025
237,주중,5,승차,43.475095785440615,2025
237,주중,5,하차,1.4521072796934866,2025
237,주중,6,승차,79.98467432950191,2025
237,주중,6,하차,55.770114942528735,2025
237,주중,7,승차,176.3448275862069,2025
237,주중,7,하차,51.31417624521073,2025
237,주중,8,승차,194.8505747126437,2025
237,주중,8,하차,130.30268199233717,2025
237,주중,9,승차,145.93103448275863,2025
237,주중,9,하차,48.12643678160919,2025
237,주중,10,승차,138.63601532567048,2025
237,주중,10,하차,57.13026819923372,2025
237,주중,11,승차,137.4750957854406,2025
237,주중,11,하차,74.35249042145594,2025
237,주중,12,승차,125.96934865900383,2025
237,주중,12,하차,86.01149425287356,2025
237,주중,13,승차,123.96168582375479,2025
237,주중,13,하차,86.15325670498085,2025
237,주중,14,승차,99.08045977011494,2025
237,주중,14,하차,84.75478927203065,2025
237,주중,15,승차,96.727969348659,2025
237,주중,15,하차,115.50191570881226,2025
237,주중,16,승차,83.9272030651341,2025
237,주중,16,하차,135.20689655172413,2025
237,주중,17,승차,91.3639846743295,2025
237,주중,17,하차,148.81226053639847,2025
237,주중,18,승차,100.34865900383141,2025
237,주중,18,하차,143.44061302681993,2025
237,주중,19,승차,35.15325670498084,2025
237,주중,19,하차,77.61302681992338,2025
237,주중,20,승차,23.486590038314176,2025
237,주중,20,하차,61.09578544061303,2025
237,주중,21,승차,14.528735632183908,2025
237,주중,21,하차,47.03448275862069,2025
237,주중,22,승차,9.524904214559387,2025
237,주중,22,하차,36.367816091954026,2025
237,주중,23,승차,5.379310344827586,2025
237,주중,23,하차,21.96551724137931,2025
237,토,0,승차,1.4615384615384615,2025
237,토,0,하차,11.75,2025
237,토,1,승차,0.0,2025
237,토,1,하차,0.0,2025
237,토,2,승차,0.057692307692307696,2025
237,토,2,하차,0.07692307692307693,2025
237,토,3,승차,0.0,2025
237,토,3,하차,0.038461538461538464,2025
237,토,4,승차,3.2884615384615383,2025
237,토,4,하차,0.2692307692307692,2025
237,토,5,승차,37.55769230769231,2025
237,토,5,하차,1.4423076923076923,2025
237,토,6,승차,50.51923076923077,2025
237,토,6,하차,39.0,2025
237,토,7,승차,83.36538461538461,2025
237,토,7,하차,29.615384615384617,2025
237,토,8,승차,115.36538461538461,2025
237,토,8,하차,36.25,2025
237,토,9,승차,124.53846153846153,2025
237,토,9,하차,33.61538461538461,2025
237,토,10,승차,136.3846153846154,2025
237,토,10,하차,48.63461538461539,2025
237,토,11,승차,146.17307692307693,2025
237,토,11,하차,69.86538461538461,2025
237,토,12,승차,120.98076923076923,2025
237,토,12,하차,71.34615384615384,2025
237,토,13,승차,98.23076923076923,2025
237,토,13,하차,83.61538461538461,2025
237,토,14,승차,82.28846153846153,2025
237,토,14,하차,79.57692307692308,2025
237,토,15,승차,77.76923076923077,2025
237,토,15,하차,93.53846153846153,2025
237,토,16,승차,73.96153846153847,2025
237,토,16,하차,98.6923076923077,2025
237,토,17,승차,74.5,2025
237,토,17,하차,96.26923076923077,2025
237,토,18,승차,52.03846153846154,2025
237,토,18,하차,83.26923076923077,2025
237,토,19,승차,26.576923076923077,2025
237,토,19,하차,66.84615384615384,2025
237,토,20,승차,19.596153846153847,2025
237,토,20,하차,53.5,2025
237,토,21,승차,13.192307692307692,2025
237,토,21,하차,47.42307692307692,2025
237,토,22,승차,9.576923076923077,2025
237,토,22,하차,36.73076923076923,2025
237,토,23,승차,5.596153846153846,2025
237,토,23,하차,24.76923076923077,2025
238,일,0,승차,1.8076923076923077,2025
238,일,0,하차,9.134615384615385,2025
238,일,1,승차,0.057692307692307696,2025
238,일,1,하차,0.19230769230769232,2025
238,일,2,승차,0.1346153846153846,2025
238,일,2,하차,0.0,2025
238,일,3,승차,0.0,2025
238,일,3,하차,0.0,2025
238,일,4,승차,3.980769230769231,2025
238,일,4,하차,0.5192307692307693,2025
238,일,5,승차,34.19230769230769,2025
238,일,5,하차,3.5384615384615383,2025
238,일,6,승차,55.80769230769231,2025
238,일,6,하차,42.28846153846154,2025
238,일,7,승차,58.94230769230769,2025
238,일,7,하차,36.92307692307692,2025
238,일,8,승차,101.42307692307692,2025
238,일,8,하차,69.65384615384616,2025
238,일,9,승차,136.15384615384616,2025
238,일,9,하차,76.90384615384616,2025
238,일,10,승차,149.25,2025
238,일,10,하차,83.09615384615384,2025
238,일,11,승차,144.8846153846154,2025
238,일,11,하차,73.92307692307692,2025
238,일,12,승차,164.5,2025
238,일,12,하차,82.48076923076923,2025
238,일,13,승차,138.57692307692307,2025
238,일,13,하차,94.65384615384616,2025
238,일,14,승차,125.01923076923077,2025
238,일,14,하차,94.1923076923077,2025
238,일,15,승차,114.82692307692308,2025
238,일,15,하차,124.32692307692308,2025
238,일,16,승차,132.76923076923077,2025
238,일,16,하차,123.17307692307692,2025
238,일,17,승차,97.40384615384616,2025
238,일,17,하차,106.8076923076923,2025
238,일,18,승차,68.4423076923077,2025
238,일,18,하차,92.38461538461539,2025
238,일,19,승차,47.55769230769231,2025
238,일,19,하차,75.84615384615384,2025
238,일,20,승차,32.80769230769231,2025
238,일,20,하차,61.0,2025
238,일,21,승차,28.692307692307693,2025
238,일,21,하차,56.09615384615385,2025
238,일,22,승차,18.846153846153847,2025
238,일,22,하차,36.38461538461539,2025
238,일,23,승차,10.211538461538462,2025
238,일,23,하차,19.653846153846153,2025
238,주중,0,승차,2.1685823754789273,2025
238,주중,0,하차,12.60919540229885,2025
238,주중,1,승차,0.19157088122605365,2025
238,주중,1,하차,0.2681992337164751,2025
238,주중,2,승차,0.1111111111111111,2025
238,주중,2,하차,0.09578544061302682,2025
238,주중,3,승차,0.034482758620689655,2025
238,주중,3,하차,0.09195402298850575,2025
238,주중,4,승차,5.846743295019157,2025
238,주중,4,하차,0.39080459770114945,2025
238,주중,5,승차,61.52107279693487,2025
238,주중,5,하차,6.597701149425287,2025
238,주중,6,승차,122.67049808429118,2025
238,주중,6,하차,72.0727969348659,2025
238,주중,7,승차,258.8390804597701,2025
238,주중,7,하차,76.16091954022988,2025
238,주중,8,승차,270.4022988505747,2025
238,주중,8,하차,266.4597701149425,2025
238,주중,9,승차,204.3065134099617,2025
238,주중,9,하차,101.99616858237547,2025
238,주중,10,승차,177.13409961685824,2025
238,주중,10,하차,101.37931034482759,2025
238,주중,11,승차,192.6743295019157,2025
238,주중,11,하차,103.83524904214559,2025
238,주중,12,승차,196.18007662835248,2025
238,주중,12,하차,127.19923371647509,2025
238,주중,13,승차,172.7816091954023,2025
238,주중,13,하차,109.60919540229885,2025
238,주중,14,승차,142.80842911877394,2025
238,주중,14,하차,125.41379310344827,2025
238,주중,15,승차,145.1302681992337,2025
238,주중,15,하차,148.96168582375478,2025
238,주중,16,승차,204.727969348659,2025
238,주중,16,하차,173.97701149425288,2025
238,주중,17,승차,184.0,2025
238,주중,17,하차,195.9808429118774,2025
238,주중,18,승차,166.16858237547893,2025
238,주중,18,하차,199.19157088122606,2025
238,주중,19,승차,59.93103448275862,2025
238,주중,19,하차,122.11494252873563,2025
238,주중,20,승차,42.513409961685824,2025
238,주중,20,하차,83.07662835249042,2025
238,주중,21,승차,32.67049808429119,2025
238,주중,21,하차,75.46360153256705,2025
238,주중,22,승차,23.731800766283524,2025
238,주중,22,하차,51.4367816091954,2025
238,주중,23,승차,12.245210727969349,2025
238,주중,23,하차,28.68199233716475,2025
238,토,0,승차,2.0576923076923075,2025
238,토,0,하차,16.557692307692307,2025
238,토,1,승차,0.36538461538461536,2025
238,토,1,하차,0.3269230769230769,2025
238,토,2,승차,0.23076923076923078,2025
238,토,2,하차,0.23076923076923078,2025
238,토,3,승차,0.0,2025
238,토,3,하차,0.0,2025
238,토,4,승차,5.711538461538462,2025
238,토,4,하차,0.38461538461538464,2025
238,토,5,승차,47.15384615384615,2025
238,토,5,하차,5.115384615384615,2025
238,토,6,승차,72.32692307692308,2025
238,토,6,하차,51.15384615384615,2025
238,토,7,승차,104.23076923076923,2025
238,토,7,하차,39.38461538461539,2025
238,토,8,승차,147.71153846153845,2025
238,토,8,하차,69.61538461538461,2025
238,토,9,승차,169.59615384615384,2025
238,토,9,하차,72.09615384615384,2025
238,토,10,승차,181.53846153846155,2025
238,토,10,하차,80.90384615384616,2025
238,토,11,승차,188.09615384615384,2025
238,토,11,하차,99.11538461538461,2025
238,토,12,승차,172.32692307692307,2025
238,토,12,하차,111.25,2025
238,토,13,승차,144.80769230769232,2025
238,토,13,하차,109.51923076923077,2025
238,토,14,승차,134.78846153846155,2025
238,토,14,하차,105.98076923076923,2025
238,토,15,승차,137.01923076923077,2025
238,토,15,하차,123.23076923076923,2025
238,토,16,승차,144.44230769230768,2025
238,토,16,하차,141.90384615384616,2025
238,토,17,승차,136.01923076923077,2025
238,토,17,하차,130.84615384615384,2025
238,토,18,승차,85.36538461538461,2025
238,토,18,하차,111.01923076923077,2025
238,토,19,승차,58.59615384615385,2025
238,토,19,하차,89.28846153846153,2025
238,토,20,승차,39.07692307692308,2025
238,토,20,하차,71.76923076923077,2025
238,토,21,승차,33.67307692307692,2025
238,토,21,하차,72.40384615384616,2025
238,토,22,승차,26.5,2025
238,토,22,하차,54.48076923076923,2025
238,토,23,승차,14.51923076923077,2025
238,토,23,하차,35.13461538461539,2025
239,일,0,승차,0.38461538461538464,2025
239,일,0,하차,13.307692307692308,2025
239,일,1,승차,0.057692307692307696,2025
239,일,1,하차,0.19230769230769232,2025
239,일,2,승차,0.019230769230769232,2025
239,일,2,하차,0.038461538461538464,2025
239,일,3,승차,0.0,2025
239,일,3,하차,0.0,2025
239,일,4,승차,0.9038461538461539,2025
239,일,4,하차,0.1346153846153846,2025
239,일,5,승차,4.096153846153846,2025
239,일,5,하차,1.25,2025
239,일,6,승차,7.423076923076923,2025
239,일,6,하차,40.80769230769231,2025
239,일,7,승차,18.115384615384617,2025
239,일,7,하차,54.42307692307692,2025
239,일,8,승차,27.98076923076923,2025
239,일,8,하차,85.53846153846153,2025
239,일,9,승차,41.17307692307692,2025
239,일,9,하차,110.65384615384616,2025
239,일,10,승차,32.19230769230769,2025
239,일,10,하차,117.84615384615384,2025
239,일,11,승차,41.36538461538461,2025
239,일,11,하차,178.44230769230768,2025
239,일,12,승차,62.5,2025
239,일,12,하차,143.21153846153845,2025
239,일,13,승차,91.82692307692308,2025
239,일,13,하차,80.59615384615384,2025
239,일,14,승차,127.28846153846153,2025
239,일,14,하차,69.98076923076923,2025
239,일,15,승차,149.15384615384616,2025
239,일,15,하차,58.71153846153846,2025
239,일,16,승차,135.65384615384616,2025
239,일,16,하차,64.5576923076923,2025
239,일,17,승차,97.65384615384616,2025
239,일,17,하차,72.82692307692308,2025
239,일,18,승차,81.96153846153847,2025
239,일,18,하차,53.57692307692308,2025
239,일,19,승차,60.71153846153846,2025
239,일,19,하차,33.19230769230769,2025
239,일,20,승차,41.0,2025
239,일,20,하차,30.0,2025
239,일,21,승차,29.03846153846154,2025
239,일,21,하차,27.653846153846153,2025
239,일,22,승차,10.76923076923077,2025
239,일,22,하차,23.26923076923077,2025
239,일,23,승차,2.1923076923076925,2025
239,일,23,하차,10.461538461538462,2025
239,주중,0,승차,0.6628352490421456,2025
239,주중,0,하차,19.272030651340994,2025
239,주중,1,승차,0.11877394636015326,2025
239,주중,1,하차,0.1532567049808429,2025
239,주중,2,승차,0.05747126436781609,2025
239,주중,2,하차,0.19157088122605365,2025
239,주중,3,승차,0.04597701149425287,2025
239,주중,3,하차,0.14559386973180077,2025
239,주중,4,승차,1.1800766283524904,2025
239,주중,4,하차,0.23371647509578544,2025
239,주중,5,승차,13.942528735632184,2025
239,주중,5,하차,4.318007662835249,2025
239,주중,6,승차,12.75095785440613,2025
239,주중,6,하차,90.57854406130268,2025
239,주중,7,승차,35.337164750957854,2025
239,주중,7,하차,124.9080459770115,2025
239,주중,8,승차,44.12643678160919,2025
239,주중,8,하차,223.15325670498083,2025
239,주중,9,승차,49.61302681992337,2025
239,주중,9,하차,69.70114942528735,2025
239,주중,10,승차,42.15325670498084,2025
239,주중,10,하차,77.4367816091954,2025
239,주중,11,승차,44.053639846743295,2025
239,주중,11,하차,120.57471264367815,2025
239,주중,12,승차,57.18390804597701,2025
239,주중,12,하차,97.19923371647509,2025
239,주중,13,승차,75.05747126436782,2025
239,주중,13,하차,68.55172413793103,2025
239,주중,14,승차,88.95402298850574,2025
239,주중,14,하차,54.36015325670498,2025
239,주중,15,승차,99.61685823754789,2025
239,주중,15,하차,64.96551724137932,2025
239,주중,16,승차,108.0536398467433,2025
239,주중,16,하차,68.9080459770115,2025
239,주중,17,승차,159.73180076628353,2025
239,주중,17,하차,83.43295019157088,2025
239,주중,18,승차,123.79693486590038,2025
239,주중,18,하차,84.92337164750958,2025
239,주중,19,승차,52.78544061302682,2025
239,주중,19,하차,52.490421455938694,2025
239,주중,20,승차,40.26819923371647,2025
239,주중,20,하차,40.35249042145594,2025
239,주중,21,승차,30.881226053639846,2025
239,주중,21,하차,34.17624521072797,2025
239,주중,22,승차,9.812260536398467,2025
239,주중,22,하차,30.731800766283524,2025
239,주중,23,승차,2.839080459770115,2025
239,주중,23,하차,17.28735632183908,2025
239,토,0,승차,0.4807692307692308,2025
239,토,0,하차,25.326923076923077,2025
239,토,1,승차,0.0,2025
239,토,1,하차,0.0,2025
239,토,2,승차,0.0,2025
239,토,2,하차,0.0,2025
239,토,3,승차,0.0,2025
239,토,3,하차,0.038461538461538464,2025
239,토,4,승차,1.2692307692307692,2025
239,토,4,하차,0.17307692307692307,2025
239,토,5,승차,12.403846153846153,2025
239,토,5,하차,1.7692307692307692,2025
239,토,6,승차,9.115384615384615,2025
239,토,6,하차,65.17307692307692,2025
239,토,7,승차,23.057692307692307,2025
239,토,7,하차,76.6923076923077,2025
239,토,8,승차,34.61538461538461,2025
239,토,8,하차,92.3076923076923,2025
239,토,9,승차,46.76923076923077,2025
239,토,9,하차,91.96153846153847,2025
239,토,10,승차,36.28846153846154,2025
239,토,10,하차,104.65384615384616,2025
239,토,11,승차,52.5,2025
239,토,11,하차,158.26923076923077,2025
239,토,12,승차,63.09615384615385,2025
239,토,12,하차,132.40384615384616,2025
239,토,13,승차,89.71153846153847,2025
239,토,13,하차,84.4423076923077,2025
239,토,14,승차,111.73076923076923,2025
239,토,14,하차,70.17307692307692,2025
239,토,15,승차,133.19230769230768,2025
239,토,15,하차,64.59615384615384,2025
239,토,16,승차,125.92307692307692,2025
239,토,16,하차,87.36538461538461,2025
239,토,17,승차,92.25,2025
239,토,17,하차,103.75,2025
239,토,18,승차,77.36538461538461,2025
239,토,18,하차,68.51923076923077,2025
239,토,19,승차,74.36538461538461,2025
239,토,19,하차,40.84615384615385,2025
239,토,20,승차,58.5,2025
239,토,20,하차,33.48076923076923,2025
239,토,21,승차,42.0,2025
239,토,21,하차,34.90384615384615,2025
239,토,22,승차,15.096153846153847,2025
239,토,22,하차,31.28846153846154,2025
239,토,23,승차,3.269230769230769,2025
239,토,23,하차,16.673076923076923,2025
240,일,0,승차,3.75,2025
240,일,0,하차,30.807692307692307,2025
240,일,1,승차,0.038461538461538464,2025
240,일,1,하차,0.038461538461538464,2025
240,일,2,승차,0.0,2025
240,일,2,하차,0.038461538461538464,2025
240,일,3,승차,0.0,2025
240,일,3,하차,0.0,2025
240,일,4,승차,2.9038461538461537,2025
240,일,4,하차,0.6730769230769231,2025
240,일,5,승차,43.73076923076923,2025
240,일,5,하차,5.346153846153846,2025
240,일,6,승차,53.65384615384615,2025
240,일,6,하차,47.69230769230769,2025
240,일,7,승차,101.32692307692308,2025
240,일,7,하차,61.90384615384615,2025
240,일,8,승차,148.01923076923077,2025
240,일,8,하차,94.13461538461539,2025
240,일,9,승차,206.32692307692307,2025
240,일,9,하차,180.59615384615384,2025
240,일,10,승차,241.19230769230768,2025
240,일,10,하차,200.23076923076923,2025
240,일,11,승차,259.4423076923077,2025
240,일,11,하차,196.6346153846154,2025
240,일,12,승차,245.3846153846154,2025
240,일,12,하차,187.80769230769232,2025
240,일,13,승차,241.98076923076923,2025
240,일,13,하차,208.92307692307693,2025
240,일,14,승차,246.80769230769232,2025
240,일,14,하차,216.8653846153846,2025
240,일,15,승차,233.8653846153846,2025
240,일,15,하차,288.11538461538464,2025
240,일,16,승차,224.26923076923077,2025
240,일,16,하차,285.9423076923077,2025
240,일,17,승차,186.53846153846155,2025
240,일,17,하차,308.65384615384613,2025
240,일,18,승차,152.30769230769232,2025
240,일,18,하차,255.59615384615384,2025
240,일,19,승차,124.5576923076923,2025
240,일,19,하차,205.34615384615384,2025
240,일,20,승차,120.84615384615384,2025
240,일,20,하차,185.28846153846155,2025
240,일,21,승차,119.5,2025
240,일,21,하차,152.42307692307693,2025
240,일,22,승차,86.32692307692308,2025
240,일,22,하차,110.17307692307692,2025
240,일,23,승차,40.67307692307692,2025
240,일,23,하차,58.01923076923077,2025
240,주중,0,승차,5.3486590038314175,2025
240,주중,0,하차,48.593869731800766,2025
240,주중,1,승차,0.12260536398467432,2025
240,주중,1,하차,0.17624521072796934,2025
240,주중,2,승차,0.08045977011494253,2025
240,주중,2,하차,0.20306513409961685,2025
240,주중,3,승차,0.1111111111111111,2025
240,주중,3,하차,0.06896551724137931,2025
240,주중,4,승차,3.9118773946360155,2025
240,주중,4,하차,0.5938697318007663,2025
240,주중,5,승차,76.83908045977012,2025
240,주중,5,하차,6.636015325670498,2025
240,주중,6,승차,173.31800766283524,2025
240,주중,6,하차,78.22605363984674,2025
240,주중,7,승차,547.1877394636016,2025
240,주중,7,하차,136.82375478927204,2025
240,주중,8,승차,478.7241379310345,2025
240,주중,8,하차,323.22222222222223,2025
240,주중,9,승차,319.81226053639847,2025
240,주중,9,하차,211.088122605364,2025
240,주중,10,승차,264.808429118774,2025
240,주중,10,하차,190.1647509578544,2025
240,주중,11,승차,251.36398467432952,2025
240,주중,11,하차,215.73180076628353,2025
240,주중,12,승차,244.35632183908046,2025
240,주중,12,하차,238.44061302681993,2025
240,주중,13,승차,247.09961685823754,2025
240,주중,13,하차,248.5095785440613,2025
240,주중,14,승차,218.00766283524905,2025
240,주중,14,하차,276.23754789272033,2025
240,주중,15,승차,227.04214559386972,2025
240,주중,15,하차,302.9846743295019,2025
240,주중,16,승차,275.367816091954,2025
240,주중,16,하차,411.91570881226056,2025
240,주중,17,승차,288.35632183908046,2025
240,주중,17,하차,495.81609195402297,2025
240,주중,18,승차,295.04214559386975,2025
240,주중,18,하차,566.4597701149426,2025
240,주중,19,승차,155.75478927203065,2025
240,주중,19,하차,390.17241379310343,2025
240,주중,20,승차,136.34099616858236,2025
240,주중,20,하차,221.48275862068965,2025
240,주중,21,승차,140.37547892720306,2025
240,주중,21,하차,200.21072796934865,2025
240,주중,22,승차,103.37931034482759,2025
240,주중,22,하차,173.8735632183908,2025
240,주중,23,승차,52.406130268199234,2025
240,주중,23,하차,93.34482758620689,2025
240,토,0,승차,5.826923076923077,2025
240,토,0,하차,70.21153846153847,2025
240,토,1,승차,0.11538461538461539,2025
240,토,1,하차,0.07692307692307693,2025
240,토,2,승차,0.19230769230769232,2025
240,토,2,하차,0.23076923076923078,2025
240,토,3,승차,0.019230769230769232,2025
240,토,3,하차,0.07692307692307693,2025
240,토,4,승차,3.9423076923076925,2025
240,토,4,하차,0.9230769230769231,2025
240,토,5,승차,64.5576923076923,2025
240,토,5,하차,5.653846153846154,2025
240,토,6,승차,77.78846153846153,2025
240,토,6,하차,65.1923076923077,2025
240,토,7,승차,191.3653846153846,2025
240,토,7,하차,97.59615384615384,2025
240,토,8,승차,247.3653846153846,2025
240,토,8,하차,150.01923076923077,2025
240,토,9,승차,291.11538461538464,2025
240,토,9,하차,202.42307692307693,2025
240,토,10,승차,321.46153846153845,2025
240,토,10,하차,216.84615384615384,2025
240,토,11,승차,336.61538461538464,2025
240,토,11,하차,237.8653846153846,2025
240,토,12,승차,322.2692307692308,2025
240,토,12,하차,249.8846153846154,2025
240,토,13,승차,306.65384615384613,2025
240,토,13,하차,296.11538461538464,2025
240,토,14,승차,281.75,2025
240,토,14,하차,292.78846153846155,2025
240,토,15,승차,304.7307692307692,2025
240,토,15,하차,323.1730769230769,2025
240,토,16,승차,319.7307692307692,2025
240,토,16,하차,369.21153846153845,2025
240,토,17,승차,282.6730769230769,2025
240,토,17,하차,387.61538461538464,2025
240,토,18,승차,196.80769230769232,2025
240,토,18,하차,332.21153846153845,2025
240,토,19,승차,149.94230769230768,2025
240,토,19,하차,265.88461538461536,2025
240,토,20,승차,142.6153846153846,2025
240,토,20,하차,228.3653846153846,2025
240,토,21,승차,145.03846153846155,2025
240,토,21,하차,220.1153846153846,2025
240,토,22,승차,122.92307692307692,2025
240,토,22,하차,200.59615384615384,2025
240,토,23,승차,64.63461538461539,2025
240,토,23,하차,126.46153846153847,2025
241,일,0,승차,1.5961538461538463,2025
241,일,0,하차,13.153846153846153,2025
241,일,1,승차,0.019230769230769232,2025
241,일,1,하차,0.019230769230769232,2025
241,일,2,승차,0.0,2025
241,일,2,하차,0.17307692307692307,2025
241,일,3,승차,0.0,2025
241,일,3,하차,0.0,2025
241,일,4,승차,1.4423076923076923,2025
241,일,4,하차,0.5961538461538461,2025
241,일,5,승차,15.634615384615385,2025
241,일,5,하차,0.9038461538461539,2025
241,일,6,승차,23.615384615384617,2025
241,일,6,하차,15.211538461538462,2025
241,일,7,승차,34.73076923076923,2025
241,일,7,하차,18.21153846153846,2025
241,일,8,승차,49.42307692307692,2025
241,일,8,하차,27.634615384615383,2025
241,일,9,승차,61.42307692307692,2025
241,일,9,하차,40.19230769230769,2025
241,일,10,승차,73.36538461538461,2025
241,일,10,하차,43.51923076923077,2025
241,일,11,승차,71.67307692307692,2025
241,일,11,하차,36.69230769230769,2025
241,일,12,승차,66.78846153846153,2025
241,일,12,하차,38.23076923076923,2025
241,일,13,승차,64.86538461538461,2025
241,일,13,하차,40.57692307692308,2025
241,일,14,승차,68.38461538461539,2025
241,일,14,하차,50.13461538461539,2025
241,일,15,승차,61.59615384615385,2025
241,일,15,하차,55.28846153846154,2025
241,일,16,승차,64.1923076923077,2025
241,일,16,하차,61.84615384615385,2025
241,일,17,승차,46.65384615384615,2025
241,일,17,하차,64.03846153846153,2025
241,일,18,승차,36.11538461538461,2025
241,일,18,하차,64.5,2025
241,일,19,승차,29.326923076923077,2025
241,일,19,하차,49.5,2025
241,일,20,승차,20.98076923076923,2025
241,일,20,하차,46.71153846153846,2025
241,일,21,승차,16.5,2025
241,일,21,하차,38.82692307692308,2025
241,일,22,승차,11.903846153846153,2025
241,일,22,하차,39.11538461538461,2025
241,일,23,승차,6.0576923076923075,2025
241,일,23,하차,28.403846153846153,2025
241,주중,0,승차,1.8237547892720307,2025
241,주중,0,하차,17.467432950191572,2025
241,주중,1,승차,0.11494252873563218,2025
241,주중,1,하차,0.1685823754789272,2025
241,주중,2,승차,0.24521072796934865,2025
241,주중,2,하차,0.1839080459770115,2025
241,주중,3,승차,0.04980842911877394,2025
241,주중,3,하차,0.12260536398467432,2025
241,주중,4,승차,3.9310344827586206,2025
241,주중,4,하차,0.7471264367816092,2025
241,주중,5,승차,31.52490421455939,2025
241,주중,5,하차,1.471264367816092,2025
241,주중,6,승차,76.24904214559388,2025
241,주중,6,하차,62.60153256704981,2025
241,주중,7,승차,195.60536398467434,2025
241,주중,7,하차,132.0344827586207,2025
241,주중,8,승차,172.08429118773947,2025
241,주중,8,하차,241.44444444444446,2025
241,주중,9,승차,116.727969348659,2025
241,주중,9,하차,151.24521072796935,2025
241,주중,10,승차,145.97318007662835,2025
241,주중,10,하차,99.6360153256705,2025
241,주중,11,승차,136.49425287356323,2025
241,주중,11,하차,86.05747126436782,2025
241,주중,12,승차,125.44827586206897,2025
241,주중,12,하차,102.88122605363985,2025
241,주중,13,승차,90.23371647509579,2025
241,주중,13,하차,131.09961685823754,2025
241,주중,14,승차,125.03831417624521,2025
241,주중,14,하차,95.88122605363985,2025
241,주중,15,승차,158.04214559386972,2025
241,주중,15,하차,89.16858237547893,2025
241,주중,16,승차,176.6551724137931,2025
241,주중,16,하차,95.87739463601532,2025
241,주중,17,승차,216.904214559387,2025
241,주중,17,하차,112.75095785440612,2025
241,주중,18,승차,135.84291187739464,2025
241,주중,18,하차,131.05747126436782,2025
241,주중,19,승차,41.86973180076628,2025
241,주중,19,하차,83.44061302681992,2025
241,주중,20,승차,31.46360153256705,2025
241,주중,20,하차,53.55555555555556,2025
241,주중,21,승차,26.57088122605364,2025
241,주중,21,하차,41.81226053639847,2025
241,주중,22,승차,15.551724137931034,2025
241,주중,22,하차,53.32567049808429,2025
241,주중,23,승차,8.417624521072797,2025
241,주중,23,하차,35.46743295019157,2025
241,토,0,승차,1.75,2025
241,토,0,하차,22.942307692307693,2025
241,토,1,승차,0.11538461538461539,2025
241,토,1,하차,0.057692307692307696,2025
241,토,2,승차,0.019230769230769232,2025
241,토,2,하차,0.1346153846153846,2025
241,토,3,승차,0.038461538461538464,2025
241,토,3,하차,0.038461538461538464,2025
241,토,4,승차,3.2884615384615383,2025
241,토,4,하차,0.7307692307692307,2025
241,토,5,승차,24.615384615384617,2025
241,토,5,하차,0.9038461538461539,2025
241,토,6,승차,34.48076923076923,2025
241,토,6,하차,28.153846153846153,2025
241,토,7,승차,72.48076923076923,2025
241,토,7,하차,26.173076923076923,2025
241,토,8,승차,86.28846153846153,2025
241,토,8,하차,45.23076923076923,2025
241,토,9,승차,89.32692307692308,2025
241,토,9,하차,45.21153846153846,2025
241,토,10,승차,97.5576923076923,2025
241,토,10,하차,44.63461538461539,2025
241,토,11,승차,94.46153846153847,2025
241,토,11,하차,52.75,2025
241,토,12,승차,93.11538461538461,2025
241,토,12,하차,53.5,2025
241,토,13,승차,82.3076923076923,2025
241,토,13,하차,64.34615384615384,2025
241,토,14,승차,85.4423076923077,2025
241,토,14,하차,60.46153846153846,2025
241,토,15,승차,87.9423076923077,2025
241,토,15,하차,68.09615384615384,2025
241,토,16,승차,99.76923076923077,2025
241,토,16,하차,70.59615384615384,2025
241,토,17,승차,84.11538461538461,2025
241,토,17,하차,70.78846153846153,2025
241,토,18,승차,51.53846153846154,2025
241,토,18,하차,59.86538461538461,2025
241,토,19,승차,34.23076923076923,2025
241,토,19,하차,55.17307692307692,2025
241,토,20,승차,26.53846153846154,2025
241,토,20,하차,51.71153846153846,2025
241,토,21,승차,21.442307692307693,2025
241,토,21,하차,44.90384615384615,2025
241,토,22,승차,15.75,2025
241,토,22,하차,55.01923076923077,2025
241,토,23,승차,8.384615384615385,2025
241,토,23,하차,45.82692307692308,2025
242,일,0,승차,0.9038461538461539,2025
242,일,0,하차,37.25,2025
242,일,1,승차,0.07692307692307693,2025
242,일,1,하차,0.09615384615384616,2025
242,일,2,승차,0.40384615384615385,2025
242,일,2,하차,0.15384615384615385,2025
242,일,3,승차,0.7307692307692307,2025
242,일,3,하차,0.21153846153846154,2025
242,일,4,승차,5.384615384615385,2025
242,일,4,하차,0.9423076923076923,2025
242,일,5,승차,44.25,2025
242,일,5,하차,2.9615384615384617,2025
242,일,6,승차,53.59615384615385,2025
242,일,6,하차,33.40384615384615,2025
242,일,7,승차,81.42307692307692,2025
242,일,7,하차,40.67307692307692,2025
242,일,8,승차,137.26923076923077,2025
242,일,8,하차,50.63461538461539,2025
242,일,9,승차,181.34615384615384,2025
242,일,9,하차,77.90384615384616,2025
242,일,10,승차,207.3653846153846,2025
242,일,10,하차,88.15384615384616,2025
242,일,11,승차,205.0,2025
242,일,11,하차,101.9423076923077,2025
242,일,12,승차,211.21153846153845,2025
242,일,12,하차,110.26923076923077,2025
242,일,13,승차,178.57692307692307,2025
242,일,13,하차,125.13461538461539,2025
242,일,14,승차,165.44230769230768,2025
242,일,14,하차,162.78846153846155,2025
242,일,15,승차,155.0,2025
242,일,15,하차,172.59615384615384,2025
242,일,16,승차,155.21153846153845,2025
242,일,16,하차,211.1346153846154,2025
242,일,17,승차,130.80769230769232,2025
242,일,17,하차,191.09615384615384,2025
242,일,18,승차,91.53846153846153,2025
242,일,18,하차,185.8846153846154,2025
242,일,19,승차,76.26923076923077,2025
242,일,19,하차,176.67307692307693,2025
242,일,20,승차,63.67307692307692,2025
242,일,20,하차,144.34615384615384,2025
242,일,21,승차,46.86538461538461,2025
242,일,21,하차,114.4423076923077,2025
242,일,22,승차,40.90384615384615,2025
242,일,22,하차,116.67307692307692,2025
242,일,23,승차,18.21153846153846,2025
242,일,23,하차,75.98076923076923,2025
242,주중,0,승차,1.3639846743295019,2025
242,주중,0,하차,50.37931034482759,2025
242,주중,1,승차,0.11877394636015326,2025
242,주중,1,하차,0.23371647509578544,2025
242,주중,2,승차,0.36015325670498083,2025
242,주중,2,하차,0.19923371647509577,2025
242,주중,3,승차,0.6475095785440613,2025
242,주중,3,하차,0.16475095785440613,2025
242,주중,4,승차,6.839080459770115,2025
242,주중,4,하차,0.9540229885057471,2025
242,주중,5,승차,81.17624521072797,2025
242,주중,5,하차,4.478927203065134,2025
242,주중,6,승차,155.5977011494253,2025
242,주중,6,하차,70.83141762452107,2025
242,주중,7,승차,449.88505747126436,2025
242,주중,7,하차,104.93869731800767,2025
242,주중,8,승차,405.4022988505747,2025
242,주중,8,하차,187.4712643678161,2025
242,주중,9,승차,239.4176245210728,2025
242,주중,9,하차,104.50191570881226,2025
242,주중,10,승차,211.36398467432952,2025
242,주중,10,하차,94.90421455938697,2025
242,주중,11,승차,187.72030651340995,2025
242,주중,11,하차,136.97318007662835,2025
242,주중,12,승차,187.59386973180077,2025
242,주중,12,하차,138.4176245210728,2025
242,주중,13,승차,182.06130268199234,2025
242,주중,13,하차,168.48275862068965,2025
242,주중,14,승차,156.80459770114942,2025
242,주중,14,하차,167.1072796934866,2025
242,주중,15,승차,166.25670498084293,2025
242,주중,15,하차,218.35632183908046,2025
242,주중,16,승차,208.4750957854406,2025
242,주중,16,하차,270.544061302682,2025
242,주중,17,승차,213.32183908045977,2025
242,주중,17,하차,338.20306513409963,2025
242,주중,18,승차,188.46743295019158,2025
242,주중,18,하차,378.55555555555554,2025
242,주중,19,승차,96.1264367816092,2025
242,주중,19,하차,249.95402298850576,2025
242,주중,20,승차,71.48275862068965,2025
242,주중,20,하차,157.54789272030652,2025
242,주중,21,승차,63.195402298850574,2025
242,주중,21,하차,151.42528735632183,2025
242,주중,22,승차,52.593869731800766,2025
242,주중,22,하차,166.82758620689654,2025
242,주중,23,승차,26.842911877394634,2025
242,주중,23,하차,113.42528735632185,2025
242,토,0,승차,1.5384615384615385,2025
242,토,0,하차,71.48076923076923,2025
242,토,1,승차,0.0,2025
242,토,1,하차,0.0,2025
242,토,2,승차,0.25,2025
242,토,2,하차,0.057692307692307696,2025
242,토,3,승차,0.6538461538461539,2025
242,토,3,하차,0.057692307692307696,2025
242,토,4,승차,7.615384615384615,2025
242,토,4,하차,0.75,2025
242,토,5,승차,62.78846153846154,2025
242,토,5,하차,3.5576923076923075,2025
242,토,6,승차,82.13461538461539,2025
242,토,6,하차,56.30769230769231,2025
242,토,7,승차,180.78846153846155,2025
242,토,7,하차,70.65384615384616,2025
242,토,8,승차,229.03846153846155,2025
242,토,8,하차,91.63461538461539,2025
242,토,9,승차,233.51923076923077,2025
242,토,9,하차,101.9423076923077,2025
242,토,10,승차,261.2692307692308,2025
242,토,10,하차,107.0,2025
242,토,11,승차,266.3269230769231,2025
242,토,11,하차,149.25,2025
242,토,12,승차,255.17307692307693,2025
242,토,12,하차,153.23076923076923,2025
242,토,13,승차,239.94230769230768,2025
242,토,13,하차,172.90384615384616,2025
242,토,14,승차,217.8846153846154,2025
242,토,14,하차,177.96153846153845,2025
242,토,15,승차,222.3846153846154,2025
242,토,15,하차,208.3653846153846,2025
242,토,16,승차,231.42307692307693,2025
242,토,16,하차,244.71153846153845,2025
242,토,17,승차,208.30769230769232,2025
242,토,17,하차,250.3653846153846,2025
242,토,18,승차,126.98076923076923,2025
242,토,18,하차,199.53846153846155,2025
242,토,19,승차,89.5576923076923,2025
242,토,19,하차,204.73076923076923,2025
242,토,20,승차,66.51923076923077,2025
242,토,20,하차,178.19230769230768,2025
242,토,21,승차,51.96153846153846,2025
242,토,21,하차,163.80769230769232,2025
242,토,22,승차,52.05769230769231,2025
242,토,22,하차,185.17307692307693,2025
242,토,23,승차,33.21153846153846,2025
242,토,23,하차,139.15384615384616,2025
243,일,0,승차,0.28846153846153844,2025
243,일,0,하차,51.76923076923077,2025
243,일,1,승차,0.07692307692307693,2025
243,일,1,하차,0.19230769230769232,2025
243,일,2,승차,0.019230769230769232,2025
243,일,2,하차,0.019230769230769232,2025
243,일,3,승차,0.038461538461538464,2025
243,일,3,하차,0.09615384615384616,2025
243,일,4,승차,14.326923076923077,2025
243,일,4,하차,0.7307692307692307,2025
243,일,5,승차,54.76923076923077,2025
243,일,5,하차,5.711538461538462,2025
243,일,6,승차,79.61538461538461,2025
243,일,6,하차,94.09615384615384,2025
243,일,7,승차,119.0,2025
243,일,7,하차,80.4423076923077,2025
243,일,8,승차,216.17307692307693,2025
243,일,8,하차,133.21153846153845,2025
243,일,9,승차,295.5192307692308,2025
243,일,9,하차,195.05769230769232,2025
243,일,10,승차,337.34615384615387,2025
243,일,10,하차,246.23076923076923,2025
243,일,11,승차,357.15384615384613,2025
243,일,11,하차,278.1923076923077,2025
243,일,12,승차,365.40384615384613,2025
243,일,12,하차,256.63461538461536,2025
243,일,13,승차,345.0,2025
243,일,13,하차,335.5576923076923,2025
243,일,14,승차,378.3269230769231,2025
243,일,14,하차,358.5769230769231,2025
243,일,15,승차,402.9230769230769,2025
243,일,15,하차,395.88461538461536,2025
243,일,16,승차,378.3269230769231,2025
243,일,16,하차,358.63461538461536,2025
243,일,17,승차,296.1923076923077,2025
243,일,17,하차,356.15384615384613,2025
243,일,18,승차,208.15384615384616,2025
243,일,18,하차,280.11538461538464,2025
243,일,19,승차,154.53846153846155,2025
243,일,19,하차,285.63461538461536,2025
243,일,20,승차,136.55769230769232,2025
243,일,20,하차,232.96153846153845,2025
243,일,21,승차,109.17307692307692,2025
243,일,21,하차,179.96153846153845,2025
243,일,22,승차,66.51923076923077,2025
243,일,22,하차,155.48076923076923,2025
243,일,23,승차,22.96153846153846,2025
243,일,23,하차,101.5576923076923,2025
243,주중,0,승차,0.3448275862068966,2025
243,주중,0,하차,68.50574712643679,2025
243,주중,1,승차,0.26053639846743293,2025
243,주중,1,하차,0.5325670498084292,2025
243,주중,2,승차,0.10727969348659004,2025
243,주중,2,하차,0.2222222222222222,2025
243,주중,3,승차,0.41762452107279696,2025
243,주중,3,하차,0.5363984674329502,2025
243,주중,4,승차,18.417624521072796,2025
243,주중,4,하차,1.0459770114942528,2025
243,주중,5,승차,78.39463601532567,2025
243,주중,5,하차,8.620689655172415,2025
243,주중,6,승차,182.93869731800766,2025
243,주중,6,하차,195.84674329501917,2025
243,주중,7,승차,494.911877394636,2025
243,주중,7,하차,292.7318007662835,2025
243,주중,8,승차,537.647509578544,2025
243,주중,8,하차,439.808429118774,2025
243,주중,9,승차,346.9501915708812,2025
243,주중,9,하차,246.90804597701148,2025
243,주중,10,승차,334.69731800766283,2025
243,주중,10,하차,276.1647509578544,2025
243,주중,11,승차,353.27969348659,2025
243,주중,11,하차,296.57471264367814,2025
243,주중,12,승차,379.1417624521073,2025
243,주중,12,하차,348.47892720306515,2025
243,주중,13,승차,367.3448275862069,2025
243,주중,13,하차,390.2988505747126,2025
243,주중,14,승차,385.15325670498083,2025
243,주중,14,하차,417.57088122605364,2025
243,주중,15,승차,442.64367816091954,2025
243,주중,15,하차,386.46743295019155,2025
243,주중,16,승차,453.1455938697318,2025
243,주중,16,하차,440.95785440613025,2025
243,주중,17,승차,533.1187739463602,2025
243,주중,17,하차,487.04214559386975,2025
243,주중,18,승차,440.71264367816093,2025
243,주중,18,하차,518.8812260536398,2025
243,주중,19,승차,251.35249042145594,2025
243,주중,19,하차,369.0,2025
243,주중,20,승차,192.48275862068965,2025
243,주중,20,하차,215.6206896551724,2025
243,주중,21,승차,125.83908045977012,2025
243,주중,21,하차,197.44444444444446,2025
243,주중,22,승차,85.9080459770115,2025
243,주중,22,하차,180.50191570881225,2025
243,주중,23,승차,32.55172413793103,2025
243,주중,23,하차,132.3448275862069,2025
243,토,0,승차,0.4423076923076923,2025
243,토,0,하차,100.0,2025
243,토,1,승차,0.3269230769230769,2025
243,토,1,하차,0.36538461538461536,2025
243,토,2,승차,0.15384615384615385,2025
243,토,2,하차,0.3269230769230769,2025
243,토,3,승차,0.11538461538461539,2025
243,토,3,하차,0.2692307692307692,2025
243,토,4,승차,18.096153846153847,2025
243,토,4,하차,0.6153846153846154,2025
243,토,5,승차,74.21153846153847,2025
243,토,5,하차,9.057692307692308,2025
243,토,6,승차,105.15384615384616,2025
243,토,6,하차,136.3653846153846,2025
243,토,7,승차,222.94230769230768,2025
243,토,7,하차,161.25,2025
243,토,8,승차,302.6923076923077,2025
243,토,8,하차,275.86538461538464,2025
243,토,9,승차,337.78846153846155,2025
243,토,9,하차,257.40384615384613,2025
243,토,10,승차,416.4807692307692,2025
243,토,10,하차,313.7307692307692,2025
243,토,11,승차,449.0769230769231,2025
243,토,11,하차,364.36538461538464,2025
243,토,12,승차,467.4807692307692,2025
243,토,12,하차,369.0,2025
243,토,13,승차,458.1923076923077,2025
243,토,13,하차,423.5576923076923,2025
243,토,14,승차,458.96153846153845,2025
243,토,14,하차,421.75,2025
243,토,15,승차,496.71153846153845,2025
243,토,15,하차,423.5576923076923,2025
243,토,16,승차,478.5769230769231,2025
243,토,16,하차,439.21153846153845,2025
243,토,17,승차,425.46153846153845,2025
243,토,17,하차,436.88461538461536,2025
243,토,18,승차,290.9423076923077,2025
243,토,18,하차,355.96153846153845,2025
243,토,19,승차,215.3846153846154,2025
243,토,19,하차,324.6730769230769,2025
243,토,20,승차,168.34615384615384,2025
243,토,20,하차,252.21153846153845,2025
243,토,21,승차,145.78846153846155,2025
243,토,21,하차,242.46153846153845,2025
243,토,22,승차,102.38461538461539,2025
243,토,22,하차,241.5,2025
243,토,23,승차,42.59615384615385,2025
243,토,23,하차,187.17307692307693,2025
302,일,0,승차,1.0961538461538463,2025
302,일,0,하차,14.634615384615385,2025
302,일,1,승차,0.09615384615384616,2025
302,일,1,하차,0.11538461538461539,2025
302,일,2,승차,0.0,2025
302,일,2,하차,0.11538461538461539,2025
302,일,3,승차,0.0,2025
302,일,3,하차,0.0,2025
302,일,4,승차,1.6730769230769231,2025
302,일,4,하차,0.11538461538461539,2025
302,일,5,승차,75.51923076923077,2025
302,일,5,하차,14.884615384615385,2025
302,일,6,승차,100.13461538461539,2025
302,일,6,하차,43.23076923076923,2025
302,일,7,승차,116.78846153846153,2025
302,일,7,하차,44.40384615384615,2025
302,일,8,승차,189.03846153846155,2025
302,일,8,하차,71.0,2025
302,일,9,승차,254.42307692307693,2025
302,일,9,하차,102.09615384615384,2025
302,일,10,승차,263.90384615384613,2025
302,일,10,하차,133.78846153846155,2025
302,일,11,승차,259.3076923076923,2025
302,일,11,하차,133.48076923076923,2025
302,일,12,승차,240.84615384615384,2025
302,일,12,하차,158.42307692307693,2025
302,일,13,승차,236.17307692307693,2025
302,일,13,하차,184.76923076923077,2025
302,일,14,승차,209.09615384615384,2025
302,일,14,하차,221.32692307692307,2025
302,일,15,승차,182.42307692307693,2025
302,일,15,하차,245.09615384615384,2025
302,일,16,승차,180.5,2025
302,일,16,하차,278.5192307692308,2025
302,일,17,승차,170.21153846153845,2025
302,일,17,하차,274.1730769230769,2025
302,일,18,승차,123.28846153846153,2025
302,일,18,하차,230.55769230769232,2025
302,일,19,승차,93.6923076923077,2025
302,일,19,하차,188.6346153846154,2025
302,일,20,승차,65.11538461538461,2025
302,일,20,하차,154.6153846153846,2025
302,일,21,승차,47.46153846153846,2025
302,일,21,하차,124.51923076923077,2025
302,일,22,승차,30.884615384615383,2025
302,일,22,하차,91.34615384615384,2025
302,일,23,승차,17.48076923076923,2025
302,일,23,하차,41.36538461538461,2025
302,주중,0,승차,1.1494252873563218,2025
302,주중,0,하차,19.275862068965516,2025
302,주중,1,승차,0.17624521072796934,2025
302,주중,1,하차,0.28735632183908044,2025
302,주중,2,승차,0.10727969348659004,2025
302,주중,2,하차,0.20689655172413793,2025
302,주중,3,승차,0.01532567049808429,2025
302,주중,3,하차,0.022988505747126436,2025
302,주중,4,승차,1.8467432950191571,2025
302,주중,4,하차,0.19540229885057472,2025
302,주중,5,승차,122.6896551724138,2025
302,주중,5,하차,27.2183908045977,2025
302,주중,6,승차,203.56704980842912,2025
302,주중,6,하차,85.19540229885058,2025
302,주중,7,승차,441.2337164750958,2025
302,주중,7,하차,169.2911877394636,2025
302,주중,8,승차,766.3371647509579,2025
302,주중,8,하차,329.55555555555554,2025
302,주중,9,승차,447.544061302682,2025
302,주중,9,하차,209.06896551724137,2025
302,주중,10,승차,347.4904214559387,2025
302,주중,10,하차,188.80842911877394,2025
302,주중,11,승차,346.42528735632186,2025
302,주중,11,하차,244.21455938697318,2025
302,주중,12,승차,327.27969348659,2025
302,주중,12,하차,276.82758620689657,2025
302,주중,13,승차,321.8544061302682,2025
302,주중,13,하차,282.99233716475095,2025
302,주중,14,승차,283.02298850574715,2025
302,주중,14,하차,299.7088122605364,2025
302,주중,15,승차,284.6896551724138,2025
302,주중,15,하차,349.42911877394636,2025
302,주중,16,승차,317.69348659003833,2025
302,주중,16,하차,445.544061302682,2025
302,주중,17,승차,329.823754789272,2025
302,주중,17,하차,525.4865900383141,2025
302,주중,18,승차,304.7471264367816,2025
302,주중,18,하차,616.4980842911878,2025
302,주중,19,승차,134.37164750957854,2025
302,주중,19,하차,298.544061302682,2025
302,주중,20,승차,92.64367816091954,2025
302,주중,20,하차,208.81992337164752,2025
302,주중,21,승차,65.84674329501915,2025
302,주중,21,하차,168.60153256704982,2025
302,주중,22,승차,44.86590038314176,2025
302,주중,22,하차,130.98850574712642,2025
302,주중,23,승차,23.99616858237548,2025
302,주중,23,하차,63.86590038314176,2025
302,토,0,승차,1.0384615384615385,2025
302,토,0,하차,21.826923076923077,2025
302,토,1,승차,0.0,2025
302,토,1,하차,0.09615384615384616,2025
302,토,2,승차,0.038461538461538464,2025
302,토,2,하차,0.07692307692307693,2025
302,토,3,승차,0.0,2025
302,토,3,하차,0.0,2025
302,토,4,승차,1.8076923076923077,2025
302,토,4,하차,0.1346153846153846,2025
302,토,5,승차,105.96153846153847,2025
302,토,5,하차,25.173076923076923,2025
302,토,6,승차,129.09615384615384,2025
302,토,6,하차,66.73076923076923,2025
302,토,7,승차,178.30769230769232,2025
302,토,7,하차,76.1923076923077,2025
302,토,8,승차,288.5,2025
302,토,8,하차,133.57692307692307,2025
302,토,9,승차,321.88461538461536,2025
302,토,9,하차,158.28846153846155,2025
302,토,10,승차,319.53846153846155,2025
302,토,10,하차,174.28846153846155,2025
302,토,11,승차,370.36538461538464,2025
302,토,11,하차,218.65384615384616,2025
302,토,12,승차,334.25,2025
302,토,12,하차,265.1923076923077,2025
302,토,13,승차,309.5769230769231,2025
302,토,13,하차,280.2307692307692,2025
302,토,14,승차,258.1730769230769,2025
302,토,14,하차,283.40384615384613,2025
302,토,15,승차,249.30769230769232,2025
302,토,15,하차,314.15384615384613,2025
302,토,16,승차,276.2692307692308,2025
302,토,16,하차,375.0769230769231,2025
302,토,17,승차,269.7307692307692,2025
302,토,17,하차,377.4807692307692,2025
302,토,18,승차,188.51923076923077,2025
302,토,18,하차,297.86538461538464,2025
302,토,19,승차,126.73076923076923,2025
302,토,19,하차,209.48076923076923,2025
302,토,20,승차,91.75,2025
302,토,20,하차,186.09615384615384,2025
302,토,21,승차,79.40384615384616,2025
302,토,21,하차,160.28846153846155,2025
302,토,22,승차,51.03846153846154,2025
302,토,22,하차,119.61538461538461,2025
302,토,23,승차,31.846153846153847,2025
302,토,23,하차,67.82692307692308,2025
303,일,0,승차,1.4423076923076923,2025
303,일,0,하차,17.442307692307693,2025
303,일,1,승차,0.07692307692307693,2025
303,일,1,하차,0.09615384615384616,2025
303,일,2,승차,0.019230769230769232,2025
303,일,2,하차,0.057692307692307696,2025
303,일,3,승차,0.0,2025
303,일,3,하차,0.019230769230769232,2025
303,일,4,승차,1.2307692307692308,2025
303,일,4,하차,0.38461538461538464,2025
303,일,5,승차,80.42307692307692,2025
303,일,5,하차,10.98076923076923,2025
303,일,6,승차,95.32692307692308,2025
303,일,6,하차,46.65384615384615,2025
303,일,7,승차,126.84615384615384,2025
303,일,7,하차,45.38461538461539,2025
303,일,8,승차,197.8653846153846,2025
303,일,8,하차,70.67307692307692,2025
303,일,9,승차,268.46153846153845,2025
303,일,9,하차,93.03846153846153,2025
303,일,10,승차,262.8269230769231,2025
303,일,10,하차,136.5,2025
303,일,11,승차,242.78846153846155,2025
303,일,11,하차,136.23076923076923,2025
303,일,12,승차,234.3846153846154,2025
303,일,12,하차,164.40384615384616,2025
303,일,13,승차,229.28846153846155,2025
303,일,13,하차,199.96153846153845,2025
303,일,14,승차,195.26923076923077,2025
303,일,14,하차,229.90384615384616,2025
303,일,15,승차,174.1153846153846,2025
303,일,15,하차,283.90384615384613,2025
303,일,16,승차,165.55769230769232,2025
303,일,16,하차,277.88461538461536,2025
303,일,17,승차,132.78846153846155,2025
303,일,17,하차,298.6923076923077,2025
303,일,18,승차,93.01923076923077,2025
303,일,18,하차,241.76923076923077,2025
303,일,19,승차,57.82692307692308,2025
303,일,19,하차,202.03846153846155,2025
303,일,20,승차,47.28846153846154,2025
303,일,20,하차,174.94230769230768,2025
303,일,21,승차,30.634615384615383,2025
303,일,21,하차,138.19230769230768,2025
303,일,22,승차,19.96153846153846,2025
303,일,22,하차,112.90384615384616,2025
303,일,23,승차,10.442307692307692,2025
303,일,23,하차,53.36538461538461,2025
303,주중,0,승차,1.2528735632183907,2025
303,주중,0,하차,24.39080459770115,2025
303,주중,1,승차,0.05363984674329502,2025
303,주중,1,하차,0.30268199233716475,2025
303,주중,2,승차,0.07279693486590039,2025
303,주중,2,하차,0.23754789272030652,2025
303,주중,3,승차,0.0038314176245210726,2025
303,주중,3,하차,0.011494252873563218,2025
303,주중,4,승차,1.7471264367816093,2025
303,주중,4,하차,0.4521072796934866,2025
303,주중,5,승차,169.48659003831418,2025
303,주중,5,하차,12.344827586206897,2025
303,주중,6,승차,218.360153256705,2025
303,주중,6,하차,64.66666666666667,2025
303,주중,7,승차,425.4942528735632,2025
303,주중,7,하차,159.60536398467434,2025
303,주중,8,승차,633.6666666666666,2025
303,주중,8,하차,323.7432950191571,2025
303,주중,9,승차,414.4904214559387,2025
303,주중,9,하차,204.49425287356323,2025
303,주중,10,승차,319.23754789272033,2025
303,주중,10,하차,203.91954022988506,2025
303,주중,11,승차,315.9080459770115,2025
303,주중,11,하차,271.2835249042146,2025
303,주중,12,승차,334.8773946360153,2025
303,주중,12,하차,295.0536398467433,2025
303,주중,13,승차,321.3524904214559,2025
303,주중,13,하차,286.2950191570881,2025
303,주중,14,승차,260.83141762452107,2025
303,주중,14,하차,318.455938697318,2025
303,주중,15,승차,271.08045977011494,2025
303,주중,15,하차,372.44444444444446,2025
303,주중,16,승차,288.6666666666667,2025
303,주중,16,하차,489.72796934865903,2025
303,주중,17,승차,235.68965517241378,2025
303,주중,17,하차,505.7509578544061,2025
303,주중,18,승차,211.39846743295018,2025
303,주중,18,하차,571.272030651341,2025
303,주중,19,승차,95.48659003831418,2025
303,주중,19,하차,296.0727969348659,2025
303,주중,20,승차,65.47892720306514,2025
303,주중,20,하차,215.29501915708812,2025
303,주중,21,승차,41.689655172413794,2025
303,주중,21,하차,175.04214559386972,2025
303,주중,22,승차,25.168582375478927,2025
303,주중,22,하차,148.9272030651341,2025
303,주중,23,승차,14.835249042145595,2025
303,주중,23,하차,73.24521072796935,2025
303,토,0,승차,1.4038461538461537,2025
303,토,0,하차,26.173076923076923,2025
303,토,1,승차,0.057692307692307696,2025
303,토,1,하차,0.0,2025
303,토,2,승차,0.019230769230769232,2025
303,토,2,하차,0.038461538461538464,2025
303,토,3,승차,0.0,2025
303,토,3,하차,0.038461538461538464,2025
303,토,4,승차,1.75,2025
303,토,4,하차,0.4807692307692308,2025
303,토,5,승차,137.75,2025
303,토,5,하차,11.23076923076923,2025
303,토,6,승차,140.65384615384616,2025
303,토,6,하차,56.65384615384615,2025
303,토,7,승차,203.5,2025
303,토,7,하차,77.32692307692308,2025
303,토,8,승차,289.2692307692308,2025
303,토,8,하차,150.76923076923077,2025
303,토,9,승차,333.90384615384613,2025
303,토,9,하차,143.51923076923077,2025
303,토,10,승차,318.6730769230769,2025
303,토,10,하차,167.42307692307693,2025
303,토,11,승차,339.71153846153845,2025
303,토,11,하차,213.01923076923077,2025
303,토,12,승차,342.0192307692308,2025
303,토,12,하차,261.11538461538464,2025
303,토,13,승차,289.1730769230769,2025
303,토,13,하차,287.1730769230769,2025
303,토,14,승차,229.25,2025
303,토,14,하차,286.9807692307692,2025
303,토,15,승차,211.82692307692307,2025
303,토,15,하차,330.9423076923077,2025
303,토,16,승차,234.30769230769232,2025
303,토,16,하차,357.46153846153845,2025
303,토,17,승차,218.1153846153846,2025
303,토,17,하차,333.2692307692308,2025
303,토,18,승차,151.15384615384616,2025
303,토,18,하차,286.75,2025
303,토,19,승차,82.96153846153847,2025
303,토,19,하차,219.05769230769232,2025
303,토,20,승차,61.65384615384615,2025
303,토,20,하차,213.34615384615384,2025
303,토,21,승차,38.80769230769231,2025
303,토,21,하차,175.48076923076923,2025
303,토,22,승차,27.326923076923077,2025
303,토,22,하차,152.53846153846155,2025
303,토,23,승차,12.423076923076923,2025
303,토,23,하차,80.1923076923077,2025
304,일,0,승차,0.8269230769230769,2025
304,일,0,하차,4.75,2025
304,일,1,승차,0.0,2025
304,일,1,하차,0.0,2025
304,일,2,승차,0.0,2025
304,일,2,하차,0.0,2025
304,일,3,승차,0.0,2025
304,일,3,하차,0.0,2025
304,일,4,승차,0.6923076923076923,2025
304,일,4,하차,0.11538461538461539,2025
304,일,5,승차,59.67307692307692,2025
304,일,5,하차,10.5,2025
304,일,6,승차,70.51923076923077,2025
304,일,6,하차,29.596153846153847,2025
304,일,7,승차,95.57692307692308,2025
304,일,7,하차,36.15384615384615,2025
304,일,8,승차,145.07692307692307,2025
304,일,8,하차,79.75,2025
304,일,9,승차,208.80769230769232,2025
304,일,9,하차,119.75,2025
304,일,10,승차,215.90384615384616,2025
304,일,10,하차,138.07692307692307,2025
304,일,11,승차,192.80769230769232,2025
304,일,11,하차,117.09615384615384,2025
304,일,12,승차,210.40384615384616,2025
304,일,12,하차,123.73076923076923,2025
304,일,13,승차,194.73076923076923,2025
304,일,13,하차,165.53846153846155,2025
304,일,14,승차,157.05769230769232,2025
304,일,14,하차,184.75,2025
304,일,15,승차,148.65384615384616,2025
304,일,15,하차,207.6153846153846,2025
304,일,16,승차,150.32692307692307,2025
304,일,16,하차,239.8846153846154,2025
304,일,17,승차,125.46153846153847,2025
304,일,17,하차,204.23076923076923,2025
304,일,18,승차,104.59615384615384,2025
304,일,18,하차,182.55769230769232,2025
304,일,19,승차,62.46153846153846,2025
304,일,19,하차,158.17307692307693,2025
304,일,20,승차,45.07692307692308,2025
304,일,20,하차,123.15384615384616,2025
304,일,21,승차,32.34615384615385,2025
304,일,21,하차,111.03846153846153,2025
304,일,22,승차,19.192307692307693,2025
304,일,22,하차,68.34615384615384,2025
304,일,23,승차,10.846153846153847,2025
304,일,23,하차,42.11538461538461,2025
304,주중,0,승차,1.7969348659003832,2025
304,주중,0,하차,8.191570881226054,2025
304,주중,1,승차,0.20689655172413793,2025
304,주중,1,하차,0.2413793103448276,2025
304,주중,2,승차,0.0421455938697318,2025
304,주중,2,하차,0.27586206896551724,2025
304,주중,3,승차,0.011494252873563218,2025
304,주중,3,하차,0.011494252873563218,2025
304,주중,4,승차,1.003831417624521,2025
304,주중,4,하차,0.06513409961685823,2025
304,주중,5,승차,110.08045977011494,2025
304,주중,5,하차,14.31800766283525,2025
304,주중,6,승차,179.63601532567048,2025
304,주중,6,하차,54.46743295019157,2025
304,주중,7,승차,385.4214559386973,2025
304,주중,7,하차,121.70114942528735,2025
304,주중,8,승차,588.911877394636,2025
304,주중,8,하차,332.8429118773946,2025
304,주중,9,승차,350.3295019157088,2025
304,주중,9,하차,180.6743295019157,2025
304,주중,10,승차,259.7739463601533,2025
304,주중,10,하차,197.55938697318007,2025
304,주중,11,승차,251.60919540229884,2025
304,주중,11,하차,216.70498084291188,2025
304,주중,12,승차,261.91570881226056,2025
304,주중,12,하차,240.7471264367816,2025
304,주중,13,승차,244.8352490421456,2025
304,주중,13,하차,235.44444444444446,2025
304,주중,14,승차,220.62835249042146,2025
304,주중,14,하차,256.808429118774,2025
304,주중,15,승차,216.3065134099617,2025
304,주중,15,하차,320.6666666666667,2025
304,주중,16,승차,248.51724137931035,2025
304,주중,16,하차,355.13793103448273,2025
304,주중,17,승차,255.81226053639847,2025
304,주중,17,하차,405.49808429118775,2025
304,주중,18,승차,277.58620689655174,2025
304,주중,18,하차,503.53256704980845,2025
304,주중,19,승차,106.83141762452107,2025
304,주중,19,하차,244.50574712643677,2025
304,주중,20,승차,69.29501915708812,2025
304,주중,20,하차,165.9655172413793,2025
304,주중,21,승차,50.969348659003835,2025
304,주중,21,하차,160.65900383141764,2025
304,주중,22,승차,27.314176245210728,2025
304,주중,22,하차,102.20306513409962,2025
304,주중,23,승차,14.593869731800766,2025
304,주중,23,하차,68.51724137931035,2025
304,토,0,승차,1.6346153846153846,2025
304,토,0,하차,11.0,2025
304,토,1,승차,0.09615384615384616,2025
304,토,1,하차,0.09615384615384616,2025
304,토,2,승차,0.17307692307692307,2025
304,토,2,하차,0.38461538461538464,2025
304,토,3,승차,0.0,2025
304,토,3,하차,0.0,2025
304,토,4,승차,0.9230769230769231,2025
304,토,4,하차,0.07692307692307693,2025
304,토,5,승차,89.84615384615384,2025
304,토,5,하차,14.673076923076923,2025
304,토,6,승차,109.23076923076923,2025
304,토,6,하차,39.42307692307692,2025
304,토,7,승차,151.07692307692307,2025
304,토,7,하차,81.48076923076923,2025
304,토,8,승차,238.90384615384616,2025
304,토,8,하차,143.5,2025
304,토,9,승차,279.9807692307692,2025
304,토,9,하차,156.84615384615384,2025
304,토,10,승차,253.48076923076923,2025
304,토,10,하차,162.94230769230768,2025
304,토,11,승차,287.8076923076923,2025
304,토,11,하차,208.67307692307693,2025
304,토,12,승차,280.4423076923077,2025
304,토,12,하차,231.67307692307693,2025
304,토,13,승차,264.5769230769231,2025
304,토,13,하차,232.57692307692307,2025
304,토,14,승차,202.19230769230768,2025
304,토,14,하차,225.65384615384616,2025
304,토,15,승차,185.07692307692307,2025
304,토,15,하차,249.5,2025
304,토,16,승차,201.96153846153845,2025
304,토,16,하차,287.3076923076923,2025
304,토,17,승차,200.67307692307693,2025
304,토,17,하차,268.86538461538464,2025
304,토,18,승차,139.6153846153846,2025
304,토,18,하차,212.25,2025
304,토,19,승차,81.67307692307692,2025
304,토,19,하차,163.8653846153846,2025
304,토,20,승차,51.11538461538461,2025
304,토,20,하차,144.75,2025
304,토,21,승차,41.73076923076923,2025
304,토,21,하차,147.17307692307693,2025
304,토,22,승차,25.73076923076923,2025
304,토,22,하차,104.21153846153847,2025
304,토,23,승차,15.75,2025
304,토,23,하차,69.82692307692308,2025
305,일,0,승차,5.923076923076923,2025
305,일,0,하차,15.288461538461538,2025
305,일,1,승차,0.6153846153846154,2025
305,일,1,하차,0.5384615384615384,2025
305,일,2,승차,0.36538461538461536,2025
305,일,2,하차,0.34615384615384615,2025
305,일,3,승차,0.36538461538461536,2025
305,일,3,하차,0.4230769230769231,2025
305,일,4,승차,2.423076923076923,2025
305,일,4,하차,1.1538461538461537,2025
305,일,5,승차,96.4423076923077,2025
305,일,5,하차,39.19230769230769,2025
305,일,6,승차,109.48076923076923,2025
305,일,6,하차,70.11538461538461,2025
305,일,7,승차,143.30769230769232,2025
305,일,7,하차,94.15384615384616,2025
305,일,8,승차,238.53846153846155,2025
305,일,8,하차,151.09615384615384,2025
305,일,9,승차,324.63461538461536,2025
305,일,9,하차,217.28846153846155,2025
305,일,10,승차,350.9807692307692,2025
305,일,10,하차,253.26923076923077,2025
305,일,11,승차,369.09615384615387,2025
305,일,11,하차,320.53846153846155,2025
305,일,12,승차,391.90384615384613,2025
305,일,12,하차,337.4807692307692,2025
305,일,13,승차,423.5192307692308,2025
305,일,13,하차,326.3076923076923,2025
305,일,14,승차,431.71153846153845,2025
305,일,14,하차,318.3269230769231,2025
305,일,15,승차,456.7307692307692,2025
305,일,15,하차,315.5192307692308,2025
305,일,16,승차,427.46153846153845,2025
305,일,16,하차,383.5769230769231,2025
305,일,17,승차,374.4423076923077,2025
305,일,17,하차,382.0,2025
305,일,18,승차,316.0192307692308,2025
305,일,18,하차,346.11538461538464,2025
305,일,19,승차,269.8269230769231,2025
305,일,19,하차,272.86538461538464,2025
305,일,20,승차,221.1153846153846,2025
305,일,20,하차,249.46153846153845,2025
305,일,21,승차,197.53846153846155,2025
305,일,21,하차,215.25,2025
305,일,22,승차,137.92307692307693,2025
305,일,22,하차,152.75,2025
305,일,23,승차,81.82692307692308,2025
305,일,23,하차,101.82692307692308,2025
305,주중,0,승차,10.126436781609195,2025
305,주중,0,하차,22.444444444444443,2025
305,주중,1,승차,0.6015325670498084,2025
305,주중,1,하차,0.9961685823754789,2025
305,주중,2,승차,0.39846743295019155,2025
305,주중,2,하차,0.42528735632183906,2025
305,주중,3,승차,0.4827586206896552,2025
305,주중,3,하차,0.5402298850574713,2025
305,주중,4,승차,2.582375478927203,2025
305,주중,4,하차,0.9846743295019157,2025
305,주중,5,승차,163.3065134099617,2025
305,주중,5,하차,74.16475095785441,2025
305,주중,6,승차,230.38697318007664,2025
305,주중,6,하차,159.3448275862069,2025
305,주중,7,승차,471.4904214559387,2025
305,주중,7,하차,331.62452107279694,2025
305,주중,8,승차,713.9731800766283,2025
305,주중,8,하차,1236.4099616858236,2025
305,주중,9,승차,510.9272030651341,2025
305,주중,9,하차,853.6704980842912,2025
305,주중,10,승차,529.2298850574713,2025
305,주중,10,하차,561.6015325670498,2025
305,주중,11,승차,629.0536398467433,2025
305,주중,11,하차,569.5134099616859,2025
305,주중,12,승차,681.735632183908,2025
305,주중,12,하차,536.7203065134099,2025
305,주중,13,승차,676.9885057471264,2025
305,주중,13,하차,573.6130268199233,2025
305,주중,14,승차,716.0727969348659,2025
305,주중,14,하차,514.5862068965517,2025
305,주중,15,승차,824.2758620689655,2025
305,주중,15,하차,535.7203065134099,2025
305,주중,16,승차,857.9578544061303,2025
305,주중,16,하차,608.5478927203065,2025
305,주중,17,승차,979.7164750957854,2025
305,주중,17,하차,810.0306513409962,2025
305,주중,18,승차,997.6590038314176,2025
305,주중,18,하차,985.816091954023,2025
305,주중,19,승차,492.97701149425285,2025
305,주중,19,하차,496.06513409961684,2025
305,주중,20,승차,432.28735632183907,2025
305,주중,20,하차,316.4942528735632,2025
305,주중,21,승차,375.2988505747126,2025
305,주중,21,하차,264.4061302681992,2025
305,주중,22,승차,255.44827586206895,2025
305,주중,22,하차,211.1494252873563,2025
305,주중,23,승차,142.43295019157088,2025
305,주중,23,하차,136.61302681992336,2025
305,토,0,승차,10.173076923076923,2025
305,토,0,하차,28.615384615384617,2025
305,토,1,승차,0.5576923076923077,2025
305,토,1,하차,1.1346153846153846,2025
305,토,2,승차,0.28846153846153844,2025
305,토,2,하차,0.28846153846153844,2025
305,토,3,승차,0.3269230769230769,2025
305,토,3,하차,0.4230769230769231,2025
305,토,4,승차,2.6538461538461537,2025
305,토,4,하차,0.75,2025
305,토,5,승차,137.19230769230768,2025
305,토,5,하차,59.88461538461539,2025
305,토,6,승차,148.90384615384616,2025
305,토,6,하차,104.63461538461539,2025
305,토,7,승차,213.44230769230768,2025
305,토,7,하차,150.03846153846155,2025
305,토,8,승차,381.65384615384613,2025
305,토,8,하차,441.0769230769231,2025
305,토,9,승차,435.59615384615387,2025
305,토,9,하차,485.46153846153845,2025
305,토,10,승차,512.0192307692307,2025
305,토,10,하차,460.15384615384613,2025
305,토,11,승차,616.3461538461538,2025
305,토,11,하차,577.6346153846154,2025
305,토,12,승차,698.0,2025
305,토,12,하차,565.9615384615385,2025
305,토,13,승차,693.5769230769231,2025
305,토,13,하차,567.4807692307693,2025
305,토,14,승차,630.5961538461538,2025
305,토,14,하차,447.0769230769231,2025
305,토,15,승차,679.6346153846154,2025
305,토,15,하차,432.8269230769231,2025
305,토,16,승차,657.6730769230769,2025
305,토,16,하차,576.5,2025
305,토,17,승차,596.75,2025
305,토,17,하차,701.9423076923077,2025
305,토,18,승차,482.0,2025
305,토,18,하차,612.3461538461538,2025
305,토,19,승차,424.25,2025
305,토,19,하차,376.78846153846155,2025
305,토,20,승차,396.9423076923077,2025
305,토,20,하차,348.46153846153845,2025
305,토,21,승차,344.4807692307692,2025
305,토,21,하차,328.25,2025
305,토,22,승차,264.8269230769231,2025
305,토,22,하차,248.84615384615384,2025
305,토,23,승차,168.34615384615384,2025
305,토,23,하차,184.15384615384616,2025
306,일,0,승차,2.423076923076923,2025
306,일,0,하차,6.788461538461538,2025
306,일,1,승차,0.057692307692307696,2025
306,일,1,하차,0.0,2025
306,일,2,승차,0.0,2025
306,일,2,하차,0.0,2025
306,일,3,승차,0.0,2025
306,일,3,하차,0.0,2025
306,일,4,승차,0.07692307692307693,2025
306,일,4,하차,0.0,2025
306,일,5,승차,33.92307692307692,2025
306,일,5,하차,23.48076923076923,2025
306,일,6,승차,67.61538461538461,2025
306,일,6,하차,53.05769230769231,2025
306,일,7,승차,77.96153846153847,2025
306,일,7,하차,78.17307692307692,2025
306,일,8,승차,143.01923076923077,2025
306,일,8,하차,175.59615384615384,2025
306,일,9,승차,197.21153846153845,2025
306,일,9,하차,199.28846153846155,2025
306,일,10,승차,214.65384615384616,2025
306,일,10,하차,259.09615384615387,2025
306,일,11,승차,223.23076923076923,2025
306,일,11,하차,278.61538461538464,2025
306,일,12,승차,216.19230769230768,2025
306,일,12,하차,191.1346153846154,2025
306,일,13,승차,284.0769230769231,2025
306,일,13,하차,219.8846153846154,2025
306,일,14,승차,236.1346153846154,2025
306,일,14,하차,189.28846153846155,2025
306,일,15,승차,231.8846153846154,2025
306,일,15,하차,220.05769230769232,2025
306,일,16,승차,328.2692307692308,2025
306,일,16,하차,222.57692307692307,2025
306,일,17,승차,216.3846153846154,2025
306,일,17,하차,239.1153846153846,2025
306,일,18,승차,230.26923076923077,2025
306,일,18,하차,202.53846153846155,2025
306,일,19,승차,147.3846153846154,2025
306,일,19,하차,149.40384615384616,2025
306,일,20,승차,118.11538461538461,2025
306,일,20,하차,134.90384615384616,2025
306,일,21,승차,118.13461538461539,2025
306,일,21,하차,111.25,2025
306,일,22,승차,69.21153846153847,2025
306,일,22,하차,85.84615384615384,2025
306,일,23,승차,24.826923076923077,2025
306,일,23,하차,40.32692307692308,2025
306,주중,0,승차,3.9233716475095783,2025
306,주중,0,하차,9.440613026819923,2025
306,주중,1,승차,0.14942528735632185,2025
306,주중,1,하차,0.23371647509578544,2025
306,주중,2,승차,0.0842911877394636,2025
306,주중,2,하차,0.1417624521072797,2025
306,주중,3,승차,0.022988505747126436,2025
306,주중,3,하차,0.02681992337164751,2025
306,주중,4,승차,0.022988505747126436,2025
306,주중,4,하차,0.0038314176245210726,2025
306,주중,5,승차,55.97318007662835,2025
306,주중,5,하차,67.74329501915709,2025
306,주중,6,승차,147.24904214559388,2025
306,주중,6,하차,150.11494252873564,2025
306,주중,7,승차,369.5249042145594,2025
306,주중,7,하차,373.34099616858236,2025
306,주중,8,승차,564.7777777777778,2025
306,주중,8,하차,1122.2452107279694,2025
306,주중,9,승차,353.0498084291188,2025
306,주중,9,하차,616.7203065134099,2025
306,주중,10,승차,322.51724137931035,2025
306,주중,10,하차,418.9808429118774,2025
306,주중,11,승차,395.51724137931035,2025
306,주중,11,하차,374.51724137931035,2025
306,주중,12,승차,357.53639846743295,2025
306,주중,12,하차,387.1111111111111,2025
306,주중,13,승차,377.4712643678161,2025
306,주중,13,하차,375.3295019157088,2025
306,주중,14,승차,433.71264367816093,2025
306,주중,14,하차,369.5593869731801,2025
306,주중,15,승차,448.86973180076626,2025
306,주중,15,하차,345.5249042145594,2025
306,주중,16,승차,548.3295019157088,2025
306,주중,16,하차,378.81226053639847,2025
306,주중,17,승차,728.3908045977012,2025
306,주중,17,하차,460.0,2025
306,주중,18,승차,871.6283524904214,2025
306,주중,18,하차,515.2988505747127,2025
306,주중,19,승차,257.2911877394636,2025
306,주중,19,하차,231.60153256704982,2025
306,주중,20,승차,195.94252873563218,2025
306,주중,20,하차,161.68965517241378,2025
306,주중,21,승차,145.97318007662835,2025
306,주중,21,하차,143.24521072796935,2025
306,주중,22,승차,139.09961685823754,2025
306,주중,22,하차,122.15708812260536,2025
306,주중,23,승차,49.651340996168585,2025
306,주중,23,하차,57.73180076628353,2025
306,토,0,승차,2.7115384615384617,2025
306,토,0,하차,11.115384615384615,2025
306,토,1,승차,0.019230769230769232,2025
306,토,1,하차,0.057692307692307696,2025
306,토,2,승차,0.019230769230769232,2025
306,토,2,하차,0.07692307692307693,2025
306,토,3,승차,0.057692307692307696,2025
306,토,3,하차,0.057692307692307696,2025
306,토,4,승차,0.15384615384615385,2025
306,토,4,하차,0.11538461538461539,2025
306,토,5,승차,46.0,2025
306,토,5,하차,42.46153846153846,2025
306,토,6,승차,92.9423076923077,2025
306,토,6,하차,75.25,2025
306,토,7,승차,126.67307692307692,2025
306,토,7,하차,108.25,2025
306,토,8,승차,242.21153846153845,2025
306,토,8,하차,283.40384615384613,2025
306,토,9,승차,268.9423076923077,2025
306,토,9,하차,255.65384615384616,2025
306,토,10,승차,271.5576923076923,2025
306,토,10,하차,275.75,2025
306,토,11,승차,317.1923076923077,2025
306,토,11,하차,349.03846153846155,2025
306,토,12,승차,283.53846153846155,2025
306,토,12,하차,277.36538461538464,2025
306,토,13,승차,337.59615384615387,2025
306,토,13,하차,303.3269230769231,2025
306,토,14,승차,284.6923076923077,2025
306,토,14,하차,252.25,2025
306,토,15,승차,278.1923076923077,2025
306,토,15,하차,264.4807692307692,2025
306,토,16,승차,446.36538461538464,2025
306,토,16,하차,300.96153846153845,2025
306,토,17,승차,298.90384615384613,2025
306,토,17,하차,327.21153846153845,2025
306,토,18,승차,287.6730769230769,2025
306,토,18,하차,234.34615384615384,2025
306,토,19,승차,180.90384615384616,2025
306,토,19,하차,156.84615384615384,2025
306,토,20,승차,156.3846153846154,2025
306,토,20,하차,165.8653846153846,2025
306,토,21,승차,142.46153846153845,2025
306,토,21,하차,145.80769230769232,2025
306,토,22,승차,102.21153846153847,2025
306,토,22,하차,118.25,2025
306,토,23,승차,40.61538461538461,2025
306,토,23,하차,63.55769230769231,2025
307,일,0,승차,4.615384615384615,2025
307,일,0,하차,20.01923076923077,2025
307,일,1,승차,0.07692307692307693,2025
307,일,1,하차,0.15384615384615385,2025
307,일,2,승차,0.15384615384615385,2025
307,일,2,하차,0.1346153846153846,2025
307,일,3,승차,0.0,2025
307,일,3,하차,0.0,2025
307,일,4,승차,0.11538461538461539,2025
307,일,4,하차,0.038461538461538464,2025
307,일,5,승차,57.17307692307692,2025
307,일,5,하차,34.63461538461539,2025
307,일,6,승차,90.98076923076923,2025
307,일,6,하차,59.38461538461539,2025
307,일,7,승차,145.6346153846154,2025
307,일,7,하차,78.82692307692308,2025
307,일,8,승차,227.92307692307693,2025
307,일,8,하차,135.19230769230768,2025
307,일,9,승차,268.61538461538464,2025
307,일,9,하차,263.86538461538464,2025
307,일,10,승차,308.38461538461536,2025
307,일,10,하차,277.71153846153845,2025
307,일,11,승차,325.4807692307692,2025
307,일,11,하차,326.75,2025
307,일,12,승차,355.53846153846155,2025
307,일,12,하차,390.1923076923077,2025
307,일,13,승차,376.4423076923077,2025
307,일,13,하차,451.5,2025
307,일,14,승차,367.88461538461536,2025
307,일,14,하차,334.1730769230769,2025
307,일,15,승차,350.4807692307692,2025
307,일,15,하차,434.5769230769231,2025
307,일,16,승차,379.3076923076923,2025
307,일,16,하차,435.90384615384613,2025
307,일,17,승차,381.84615384615387,2025
307,일,17,하차,417.34615384615387,2025
307,일,18,승차,326.71153846153845,2025
307,일,18,하차,313.9423076923077,2025
307,일,19,승차,209.71153846153845,2025
307,일,19,하차,285.1730769230769,2025
307,일,20,승차,229.1153846153846,2025
307,일,20,하차,202.17307692307693,2025
307,일,21,승차,174.34615384615384,2025
307,일,21,하차,190.26923076923077,2025
307,일,22,승차,119.71153846153847,2025
307,일,22,하차,126.48076923076923,2025
307,일,23,승차,44.19230769230769,2025
307,일,23,하차,78.01923076923077,2025
307,주중,0,승차,6.754789272030651,2025
307,주중,0,하차,29.049808429118773,2025
307,주중,1,승차,0.15708812260536398,2025
307,주중,1,하차,0.39846743295019155,2025
307,주중,2,승차,0.2260536398467433,2025
307,주중,2,하차,0.48659003831417624,2025
307,주중,3,승차,0.019157088122605363,2025
307,주중,3,하차,0.034482758620689655,2025
307,주중,4,승차,0.39846743295019155,2025
307,주중,4,하차,0.21455938697318008,2025
307,주중,5,승차,105.35632183908046,2025
307,주중,5,하차,37.06130268199234,2025
307,주중,6,승차,264.2950191570881,2025
307,주중,6,하차,99.55938697318008,2025
307,주중,7,승차,887.2567049808429,2025
307,주중,7,하차,233.27969348659005,2025
307,주중,8,승차,1174.521072796935,2025
307,주중,8,하차,506.2145593869732,2025
307,주중,9,승차,513.5632183908046,2025
307,주중,9,하차,307.72796934865903,2025
307,주중,10,승차,386.72796934865903,2025
307,주중,10,하차,256.8352490421456,2025
307,주중,11,승차,362.7318007662835,2025
307,주중,11,하차,312.7088122605364,2025
307,주중,12,승차,367.95785440613025,2025
307,주중,12,하차,399.04597701149424,2025
307,주중,13,승차,353.37164750957857,2025
307,주중,13,하차,394.2068965517241,2025
307,주중,14,승차,363.7547892720307,2025
307,주중,14,하차,430.30268199233717,2025
307,주중,15,승차,369.0498084291188,2025
307,주중,15,하차,496.5402298850575,2025
307,주중,16,승차,452.47892720306515,2025
307,주중,16,하차,735.1647509578544,2025
307,주중,17,승차,508.27969348659,2025
307,주중,17,하차,957.7931034482758,2025
307,주중,18,승차,494.7816091954023,2025
307,주중,18,하차,1227.5019157088122,2025
307,주중,19,승차,266.59003831417624,2025
307,주중,19,하차,511.1800766283525,2025
307,주중,20,승차,224.75095785440612,2025
307,주중,20,하차,341.27203065134097,2025
307,주중,21,승차,291.7164750957854,2025
307,주중,21,하차,304.544061302682,2025
307,주중,22,승차,232.36398467432952,2025
307,주중,22,하차,219.70498084291188,2025
307,주중,23,승차,97.82375478927203,2025
307,주중,23,하차,125.3103448275862,2025
307,토,0,승차,5.403846153846154,2025
307,토,0,하차,31.96153846153846,2025
307,토,1,승차,0.15384615384615385,2025
307,토,1,하차,0.4423076923076923,2025
307,토,2,승차,0.15384615384615385,2025
307,토,2,하차,0.019230769230769232,2025
307,토,3,승차,0.0,2025
307,토,3,하차,0.0,2025
307,토,4,승차,0.4230769230769231,2025
307,토,4,하차,0.19230769230769232,2025
307,토,5,승차,73.42307692307692,2025
307,토,5,하차,35.78846153846154,2025
307,토,6,승차,122.38461538461539,2025
307,토,6,하차,73.09615384615384,2025
307,토,7,승차,242.03846153846155,2025
307,토,7,하차,118.78846153846153,2025
307,토,8,승차,415.0769230769231,2025
307,토,8,하차,292.4230769230769,2025
307,토,9,승차,406.8269230769231,2025
307,토,9,하차,341.0576923076923,2025
307,토,10,승차,405.15384615384613,2025
307,토,10,하차,377.1730769230769,2025
307,토,11,승차,456.03846153846155,2025
307,토,11,하차,429.63461538461536,2025
307,토,12,승차,538.9423076923077,2025
307,토,12,하차,522.8269230769231,2025
307,토,13,승차,541.3653846153846,2025
307,토,13,하차,577.3461538461538,2025
307,토,14,승차,494.25,2025
307,토,14,하차,491.8076923076923,2025
307,토,15,승차,457.5,2025
307,토,15,하차,624.9615384615385,2025
307,토,16,승차,521.0,2025
307,토,16,하차,657.8653846153846,2025
307,토,17,승차,502.7307692307692,2025
307,토,17,하차,528.7307692307693,2025
307,토,18,승차,357.84615384615387,2025
307,토,18,하차,396.9423076923077,2025
307,토,19,승차,281.4807692307692,2025
307,토,19,하차,307.5769230769231,2025
307,토,20,승차,266.75,2025
307,토,20,하차,250.40384615384616,2025
307,토,21,승차,294.1923076923077,2025
307,토,21,하차,270.11538461538464,2025
307,토,22,승차,259.4230769230769,2025
307,토,22,하차,197.80769230769232,2025
307,토,23,승차,93.65384615384616,2025
307,토,23,하차,140.92307692307693,2025
308,일,0,승차,5.5,2025
308,일,0,하차,20.596153846153847,2025
308,일,1,승차,0.11538461538461539,2025
308,일,1,하차,0.09615384615384616,2025
308,일,2,승차,0.038461538461538464,2025
308,일,2,하차,0.09615384615384616,2025
308,일,3,승차,0.0,2025
308,일,3,하차,0.0,2025
308,일,4,승차,0.21153846153846154,2025
308,일,4,하차,0.038461538461538464,2025
308,일,5,승차,80.48076923076923,2025
308,일,5,하차,18.75,2025
308,일,6,승차,110.5,2025
308,일,6,하차,51.75,2025
308,일,7,승차,151.57692307692307,2025
308,일,7,하차,69.82692307692308,2025
308,일,8,승차,243.73076923076923,2025
308,일,8,하차,139.1153846153846,2025
308,일,9,승차,308.78846153846155,2025
308,일,9,하차,245.75,2025
308,일,10,승차,346.2692307692308,2025
308,일,10,하차,275.38461538461536,2025
308,일,11,승차,341.21153846153845,2025
308,일,11,하차,348.3269230769231,2025
308,일,12,승차,378.2692307692308,2025
308,일,12,하차,540.5192307692307,2025
308,일,13,승차,406.4807692307692,2025
308,일,13,하차,459.1730769230769,2025
308,일,14,승차,349.5,2025
308,일,14,하차,384.7692307692308,2025
308,일,15,승차,330.40384615384613,2025
308,일,15,하차,472.1923076923077,2025
308,일,16,승차,357.75,2025
308,일,16,하차,644.9423076923077,2025
308,일,17,승차,486.96153846153845,2025
308,일,17,하차,559.25,2025
308,일,18,승차,433.34615384615387,2025
308,일,18,하차,348.61538461538464,2025
308,일,19,승차,258.0769230769231,2025
308,일,19,하차,291.84615384615387,2025
308,일,20,승차,353.71153846153845,2025
308,일,20,하차,214.73076923076923,2025
308,일,21,승차,364.7307692307692,2025
308,일,21,하차,205.98076923076923,2025
308,일,22,승차,237.6346153846154,2025
308,일,22,하차,135.75,2025
308,일,23,승차,61.21153846153846,2025
308,일,23,하차,85.92307692307692,2025
308,주중,0,승차,7.022988505747127,2025
308,주중,0,하차,31.60153256704981,2025
308,주중,1,승차,0.47126436781609193,2025
308,주중,1,하차,0.5900383141762452,2025
308,주중,2,승차,0.12643678160919541,2025
308,주중,2,하차,0.27586206896551724,2025
308,주중,3,승차,0.019157088122605363,2025
308,주중,3,하차,0.007662835249042145,2025
308,주중,4,승차,0.1685823754789272,2025
308,주중,4,하차,0.0842911877394636,2025
308,주중,5,승차,158.13793103448276,2025
308,주중,5,하차,23.478927203065133,2025
308,주중,6,승차,298.5632183908046,2025
308,주중,6,하차,85.80842911877394,2025
308,주중,7,승차,913.9080459770115,2025
308,주중,7,하차,185.57088122605364,2025
308,주중,8,승차,1176.639846743295,2025
308,주중,8,하차,430.84674329501917,2025
308,주중,9,승차,564.1111111111111,2025
308,주중,9,하차,331.18390804597703,2025
308,주중,10,승차,433.3984674329502,2025
308,주중,10,하차,294.53256704980845,2025
308,주중,11,승차,393.911877394636,2025
308,주중,11,하차,388.17241379310343,2025
308,주중,12,승차,403.0919540229885,2025
308,주중,12,하차,411.6130268199234,2025
308,주중,13,승차,425.6168582375479,2025
308,주중,13,하차,435.0498084291188,2025
308,주중,14,승차,350.632183908046,2025
308,주중,14,하차,428.5478927203065,2025
308,주중,15,승차,357.0344827586207,2025
308,주중,15,하차,558.1302681992337,2025
308,주중,16,승차,408.37931034482756,2025
308,주중,16,하차,800.0613026819923,2025
308,주중,17,승차,477.02681992337165,2025
308,주중,17,하차,1204.1417624521073,2025
308,주중,18,승차,477.97318007662835,2025
308,주중,18,하차,1430.103448275862,2025
308,주중,19,승차,247.40996168582376,2025
308,주중,19,하차,511.13793103448273,2025
308,주중,20,승차,233.95785440613028,2025
308,주중,20,하차,327.7241379310345,2025
308,주중,21,승차,471.41379310344826,2025
308,주중,21,하차,297.88505747126436,2025
308,주중,22,승차,451.15325670498083,2025
308,주중,22,하차,216.4904214559387,2025
308,주중,23,승차,124.31417624521073,2025
308,주중,23,하차,127.77011494252874,2025
308,토,0,승차,6.980769230769231,2025
308,토,0,하차,35.36538461538461,2025
308,토,1,승차,0.15384615384615385,2025
308,토,1,하차,0.1346153846153846,2025
308,토,2,승차,0.09615384615384616,2025
308,토,2,하차,0.11538461538461539,2025
308,토,3,승차,0.038461538461538464,2025
308,토,3,하차,0.11538461538461539,2025
308,토,4,승차,0.4423076923076923,2025
308,토,4,하차,0.21153846153846154,2025
308,토,5,승차,114.82692307692308,2025
308,토,5,하차,23.884615384615383,2025
308,토,6,승차,151.80769230769232,2025
308,토,6,하차,69.07692307692308,2025
308,토,7,승차,278.7307692307692,2025
308,토,7,하차,118.3076923076923,2025
308,토,8,승차,420.28846153846155,2025
308,토,8,하차,261.28846153846155,2025
308,토,9,승차,425.96153846153845,2025
308,토,9,하차,336.3076923076923,2025
308,토,10,승차,439.9807692307692,2025
308,토,10,하차,316.1730769230769,2025
308,토,11,승차,527.0192307692307,2025
308,토,11,하차,419.2307692307692,2025
308,토,12,승차,509.3269230769231,2025
308,토,12,하차,519.1538461538462,2025
308,토,13,승차,521.5576923076923,2025
308,토,13,하차,547.0961538461538,2025
308,토,14,승차,437.3076923076923,2025
308,토,14,하차,524.2692307692307,2025
308,토,15,승차,443.86538461538464,2025
308,토,15,하차,686.8076923076923,2025
308,토,16,승차,467.59615384615387,2025
308,토,16,하차,1062.3653846153845,2025
308,토,17,승차,563.7692307692307,2025
308,토,17,하차,728.0,2025
308,토,18,승차,350.4807692307692,2025
308,토,18,하차,453.03846153846155,2025
308,토,19,승차,323.5192307692308,2025
308,토,19,하차,317.6923076923077,2025
308,토,20,승차,519.5961538461538,2025
308,토,20,하차,262.9807692307692,2025
308,토,21,승차,510.25,2025
308,토,21,하차,287.8269230769231,2025
308,토,22,승차,339.46153846153845,2025
308,토,22,하차,205.26923076923077,2025
308,토,23,승차,136.09615384615384,2025
308,토,23,하차,149.25,2025
309,일,0,승차,9.365384615384615,2025
309,일,0,하차,28.884615384615383,2025
309,일,1,승차,0.5,2025
309,일,1,하차,0.4807692307692308,2025
309,일,2,승차,0.11538461538461539,2025
309,일,2,하차,0.21153846153846154,2025
309,일,3,승차,0.057692307692307696,2025
309,일,3,하차,0.07692307692307693,2025
309,일,4,승차,1.4230769230769231,2025
309,일,4,하차,0.5,2025
309,일,5,승차,139.82692307692307,2025
309,일,5,하차,35.26923076923077,2025
309,일,6,승차,180.67307692307693,2025
309,일,6,하차,96.15384615384616,2025
309,일,7,승차,243.8653846153846,2025
309,일,7,하차,90.1923076923077,2025
309,일,8,승차,372.8269230769231,2025
309,일,8,하차,187.96153846153845,2025
309,일,9,승차,472.9807692307692,2025
309,일,9,하차,249.48076923076923,2025
309,일,10,승차,513.8269230769231,2025
309,일,10,하차,259.4807692307692,2025
309,일,11,승차,489.5192307692308,2025
309,일,11,하차,275.0192307692308,2025
309,일,12,승차,478.63461538461536,2025
309,일,12,하차,312.11538461538464,2025
309,일,13,승차,486.65384615384613,2025
309,일,13,하차,421.61538461538464,2025
309,일,14,승차,435.63461538461536,2025
309,일,14,하차,459.28846153846155,2025
309,일,15,승차,469.5192307692308,2025
309,일,15,하차,464.7692307692308,2025
309,일,16,승차,415.90384615384613,2025
309,일,16,하차,524.5,2025
309,일,17,승차,392.46153846153845,2025
309,일,17,하차,524.3076923076923,2025
309,일,18,승차,309.65384615384613,2025
309,일,18,하차,464.4423076923077,2025
309,일,19,승차,227.1153846153846,2025
309,일,19,하차,378.0576923076923,2025
309,일,20,승차,178.19230769230768,2025
309,일,20,하차,340.0192307692308,2025
309,일,21,승차,140.80769230769232,2025
309,일,21,하차,273.71153846153845,2025
309,일,22,승차,87.63461538461539,2025
309,일,22,하차,229.5,2025
309,일,23,승차,51.88461538461539,2025
309,일,23,하차,127.92307692307692,2025
309,주중,0,승차,11.32183908045977,2025
309,주중,0,하차,42.5632183908046,2025
309,주중,1,승차,0.5287356321839081,2025
309,주중,1,하차,0.7931034482758621,2025
309,주중,2,승차,0.3946360153256705,2025
309,주중,2,하차,0.5938697318007663,2025
309,주중,3,승차,0.2681992337164751,2025
309,주중,3,하차,0.4061302681992337,2025
309,주중,4,승차,1.3486590038314177,2025
309,주중,4,하차,0.5938697318007663,2025
309,주중,5,승차,272.3448275862069,2025
309,주중,5,하차,76.17624521072797,2025
309,주중,6,승차,478.6513409961686,2025
309,주중,6,하차,179.1302681992337,2025
309,주중,7,승차,1262.3831417624522,2025
309,주중,7,하차,265.13793103448273,2025
309,주중,8,승차,1716.0689655172414,2025
309,주중,8,하차,776.4329501915709,2025
309,주중,9,승차,842.3486590038315,2025
309,주중,9,하차,464.01149425287355,2025
309,주중,10,승차,625.8505747126437,2025
309,주중,10,하차,413.544061302682,2025
309,주중,11,승차,600.6743295019157,2025
309,주중,11,하차,460.33716475095787,2025
309,주중,12,승차,613.6590038314176,2025
309,주중,12,하차,492.43295019157085,2025
309,주중,13,승차,610.471264367816,2025
309,주중,13,하차,544.823754789272,2025
309,주중,14,승차,542.6130268199233,2025
309,주중,14,하차,561.8812260536398,2025
309,주중,15,승차,541.8582375478927,2025
309,주중,15,하차,672.9386973180077,2025
309,주중,16,승차,590.463601532567,2025
309,주중,16,하차,842.8965517241379,2025
309,주중,17,승차,720.4980842911878,2025
309,주중,17,하차,1139.27969348659,2025
309,주중,18,승차,665.5785440613026,2025
309,주중,18,하차,1468.0919540229886,2025
309,주중,19,승차,320.4750957854406,2025
309,주중,19,하차,723.6858237547892,2025
309,주중,20,승차,255.32183908045977,2025
309,주중,20,하차,475.823754789272,2025
309,주중,21,승차,199.23371647509578,2025
309,주중,21,하차,403.09961685823754,2025
309,주중,22,승차,143.45210727969348,2025
309,주중,22,하차,315.09961685823754,2025
309,주중,23,승차,75.6015325670498,2025
309,주중,23,하차,185.44444444444446,2025
309,토,0,승차,10.673076923076923,2025
309,토,0,하차,46.38461538461539,2025
309,토,1,승차,0.4230769230769231,2025
309,토,1,하차,0.46153846153846156,2025
309,토,2,승차,0.17307692307692307,2025
309,토,2,하차,0.28846153846153844,2025
309,토,3,승차,0.09615384615384616,2025
309,토,3,하차,0.09615384615384616,2025
309,토,4,승차,1.4038461538461537,2025
309,토,4,하차,0.4807692307692308,2025
309,토,5,승차,214.75,2025
309,토,5,하차,57.23076923076923,2025
309,토,6,승차,248.25,2025
309,토,6,하차,137.51923076923077,2025
309,토,7,승차,428.1730769230769,2025
309,토,7,하차,175.1346153846154,2025
309,토,8,승차,642.8461538461538,2025
309,토,8,하차,426.03846153846155,2025
309,토,9,승차,650.25,2025
309,토,9,하차,392.1730769230769,2025
309,토,10,승차,660.2884615384615,2025
309,토,10,하차,352.2692307692308,2025
309,토,11,승차,716.9230769230769,2025
309,토,11,하차,439.09615384615387,2025
309,토,12,승차,755.6153846153846,2025
309,토,12,하차,475.63461538461536,2025
309,토,13,승차,671.1923076923077,2025
309,토,13,하차,607.6346153846154,2025
309,토,14,승차,548.5576923076923,2025
309,토,14,하차,530.0961538461538,2025
309,토,15,승차,551.9038461538462,2025
309,토,15,하차,580.8846153846154,2025
309,토,16,승차,605.1538461538462,2025
309,토,16,하차,650.5769230769231,2025
309,토,17,승차,637.1538461538462,2025
309,토,17,하차,692.6538461538462,2025
309,토,18,승차,406.1730769230769,2025
309,토,18,하차,598.6730769230769,2025
309,토,19,승차,261.2307692307692,2025
309,토,19,하차,414.53846153846155,2025
309,토,20,승차,224.48076923076923,2025
309,토,20,하차,406.0576923076923,2025
309,토,21,승차,193.53846153846155,2025
309,토,21,하차,375.7307692307692,2025
309,토,22,승차,142.07692307692307,2025
309,토,22,하차,316.2307692307692,2025
309,토,23,승차,79.67307692307692,2025
309,토,23,하차,209.75,2025
310,일,0,승차,1.4038461538461537,2025
310,일,0,하차,29.307692307692307,2025
310,일,1,승차,0.0,2025
310,일,1,하차,0.0,2025
310,일,2,승차,0.0,2025
310,일,2,하차,0.0,2025
310,일,3,승차,0.0,2025
310,일,3,하차,0.0,2025
310,일,4,승차,0.6730769230769231,2025
310,일,4,하차,0.038461538461538464,2025
310,일,5,승차,86.90384615384616,2025
310,일,5,하차,25.26923076923077,2025
310,일,6,승차,103.09615384615384,2025
310,일,6,하차,63.44230769230769,2025
310,일,7,승차,151.48076923076923,2025
310,일,7,하차,69.13461538461539,2025
310,일,8,승차,239.98076923076923,2025
310,일,8,하차,95.3076923076923,2025
310,일,9,승차,332.28846153846155,2025
310,일,9,하차,144.98076923076923,2025
310,일,10,승차,358.1730769230769,2025
310,일,10,하차,159.48076923076923,2025
310,일,11,승차,340.9230769230769,2025
310,일,11,하차,173.17307692307693,2025
310,일,12,승차,302.13461538461536,2025
310,일,12,하차,186.09615384615384,2025
310,일,13,승차,305.0769230769231,2025
310,일,13,하차,233.26923076923077,2025
310,일,14,승차,260.59615384615387,2025
310,일,14,하차,284.53846153846155,2025
310,일,15,승차,226.84615384615384,2025
310,일,15,하차,328.11538461538464,2025
310,일,16,승차,214.3653846153846,2025
310,일,16,하차,400.63461538461536,2025
310,일,17,승차,188.21153846153845,2025
310,일,17,하차,371.46153846153845,2025
310,일,18,승차,135.05769230769232,2025
310,일,18,하차,313.11538461538464,2025
310,일,19,승차,93.6923076923077,2025
310,일,19,하차,271.5576923076923,2025
310,일,20,승차,80.46153846153847,2025
310,일,20,하차,221.23076923076923,2025
310,일,21,승차,50.82692307692308,2025
310,일,21,하차,221.03846153846155,2025
310,일,22,승차,30.25,2025
310,일,22,하차,131.0,2025
310,일,23,승차,13.192307692307692,2025
310,일,23,하차,101.17307692307692,2025
310,주중,0,승차,1.946360153256705,2025
310,주중,0,하차,40.15325670498084,2025
310,주중,1,승차,0.01532567049808429,2025
310,주중,1,하차,0.2835249042145594,2025
310,주중,2,승차,0.007662835249042145,2025
310,주중,2,하차,0.022988505747126436,2025
310,주중,3,승차,0.0,2025
310,주중,3,하차,0.0,2025
310,주중,4,승차,1.2337164750957854,2025
310,주중,4,하차,0.04597701149425287,2025
310,주중,5,승차,156.95785440613028,2025
310,주중,5,하차,38.91954022988506,2025
310,주중,6,승차,311.30651340996167,2025
310,주중,6,하차,99.29501915708812,2025
310,주중,7,승차,857.176245210728,2025
310,주중,7,하차,171.13409961685824,2025
310,주중,8,승차,1082.528735632184,2025
310,주중,8,하차,327.15325670498083,2025
310,주중,9,승차,590.9961685823755,2025
310,주중,9,하차,187.88888888888889,2025
310,주중,10,승차,424.9463601532567,2025
310,주중,10,하차,229.367816091954,2025
310,주중,11,승차,380.97701149425285,2025
310,주중,11,하차,286.55555555555554,2025
310,주중,12,승차,372.8927203065134,2025
310,주중,12,하차,331.9080459770115,2025
310,주중,13,승차,353.4712643678161,2025
310,주중,13,하차,340.2452107279693,2025
310,주중,14,승차,296.4406130268199,2025
310,주중,14,하차,371.8390804597701,2025
310,주중,15,승차,257.4597701149425,2025
310,주중,15,하차,535.1724137931035,2025
310,주중,16,승차,271.97318007662835,2025
310,주중,16,하차,640.9348659003831,2025
310,주중,17,승차,345.27969348659,2025
310,주중,17,하차,782.2452107279694,2025
310,주중,18,승차,293.55172413793105,2025
310,주중,18,하차,1021.1226053639847,2025
310,주중,19,승차,136.5095785440613,2025
310,주중,19,하차,508.6858237547893,2025
310,주중,20,승차,96.37547892720306,2025
310,주중,20,하차,334.0574712643678,2025
310,주중,21,승차,68.03065134099617,2025
310,주중,21,하차,306.1417624521073,2025
310,주중,22,승차,46.69731800766284,2025
310,주중,22,하차,204.08429118773947,2025
310,주중,23,승차,22.18007662835249,2025
310,주중,23,하차,149.97701149425288,2025
310,토,0,승차,2.0,2025
310,토,0,하차,48.28846153846154,2025
310,토,1,승차,0.0,2025
310,토,1,하차,0.0,2025
310,토,2,승차,0.0,2025
310,토,2,하차,0.0,2025
310,토,3,승차,0.0,2025
310,토,3,하차,0.0,2025
310,토,4,승차,1.0,2025
310,토,4,하차,0.038461538461538464,2025
310,토,5,승차,124.1923076923077,2025
310,토,5,하차,33.94230769230769,2025
310,토,6,승차,156.75,2025
310,토,6,하차,81.63461538461539,2025
310,토,7,승차,296.96153846153845,2025
310,토,7,하차,88.42307692307692,2025
310,토,8,승차,446.7307692307692,2025
310,토,8,하차,152.51923076923077,2025
310,토,9,승차,440.9423076923077,2025
310,토,9,하차,172.01923076923077,2025
310,토,10,승차,442.9807692307692,2025
310,토,10,하차,205.01923076923077,2025
310,토,11,승차,465.86538461538464,2025
310,토,11,하차,256.59615384615387,2025
310,토,12,승차,398.0769230769231,2025
310,토,12,하차,322.3269230769231,2025
310,토,13,승차,370.78846153846155,2025
310,토,13,하차,346.1923076923077,2025
310,토,14,승차,320.0576923076923,2025
310,토,14,하차,355.0769230769231,2025
310,토,15,승차,282.09615384615387,2025
310,토,15,하차,411.78846153846155,2025
310,토,16,승차,326.0576923076923,2025
310,토,16,하차,482.03846153846155,2025
310,토,17,승차,329.4807692307692,2025
310,토,17,하차,475.61538461538464,2025
310,토,18,승차,214.1346153846154,2025
310,토,18,하차,420.1923076923077,2025
310,토,19,승차,132.17307692307693,2025
310,토,19,하차,314.46153846153845,2025
310,토,20,승차,100.0576923076923,2025
310,토,20,하차,289.15384615384613,2025
310,토,21,승차,71.51923076923077,2025
310,토,21,하차,324.09615384615387,2025
310,토,22,승차,46.25,2025
310,토,22,하차,205.25,2025
310,토,23,승차,25.153846153846153,2025
310,토,23,하차,172.15384615384616,2025
311,일,0,승차,1.3653846153846154,2025
311,일,0,하차,12.23076923076923,2025
311,일,1,승차,0.0,2025
311,일,1,하차,0.0,2025
311,일,2,승차,0.0,2025
311,일,2,하차,0.0,2025
311,일,3,승차,0.0,2025
311,일,3,하차,0.0,2025
311,일,4,승차,0.5192307692307693,2025
311,일,4,하차,0.19230769230769232,2025
311,일,5,승차,98.11538461538461,2025
311,일,5,하차,15.23076923076923,2025
311,일,6,승차,110.03846153846153,2025
311,일,6,하차,32.59615384615385,2025
311,일,7,승차,136.1153846153846,2025
311,일,7,하차,49.17307692307692,2025
311,일,8,승차,247.51923076923077,2025
311,일,8,하차,63.19230769230769,2025
311,일,9,승차,326.11538461538464,2025
311,일,9,하차,115.1923076923077,2025
311,일,10,승차,344.34615384615387,2025
311,일,10,하차,133.3653846153846,2025
311,일,11,승차,331.90384615384613,2025
311,일,11,하차,149.0,2025
311,일,12,승차,313.40384615384613,2025
311,일,12,하차,156.32692307692307,2025
311,일,13,승차,303.53846153846155,2025
311,일,13,하차,163.26923076923077,2025
311,일,14,승차,256.88461538461536,2025
311,일,14,하차,218.25,2025
311,일,15,승차,225.1346153846154,2025
311,일,15,하차,249.01923076923077,2025
311,일,16,승차,196.01923076923077,2025
311,일,16,하차,272.1730769230769,2025
311,일,17,승차,158.15384615384616,2025
311,일,17,하차,245.03846153846155,2025
311,일,18,승차,110.42307692307692,2025
311,일,18,하차,202.96153846153845,2025
311,일,19,승차,83.86538461538461,2025
311,일,19,하차,164.84615384615384,2025
311,일,20,승차,61.75,2025
311,일,20,하차,125.75,2025
311,일,21,승차,39.32692307692308,2025
311,일,21,하차,121.78846153846153,2025
311,일,22,승차,20.78846153846154,2025
311,일,22,하차,70.46153846153847,2025
311,일,23,승차,10.923076923076923,2025
311,일,23,하차,55.94230769230769,2025
311,주중,0,승차,1.6666666666666667,2025
311,주중,0,하차,16.708812260536398,2025
311,주중,1,승차,0.17624521072796934,2025
311,주중,1,하차,0.3333333333333333,2025
311,주중,2,승차,0.09578544061302682,2025
311,주중,2,하차,0.2260536398467433,2025
311,주중,3,승차,0.04597701149425287,2025
311,주중,3,하차,0.07279693486590039,2025
311,주중,4,승차,0.3946360153256705,2025
311,주중,4,하차,0.16475095785440613,2025
311,주중,5,승차,173.6206896551724,2025
311,주중,5,하차,23.417624521072796,2025
311,주중,6,승차,276.36015325670496,2025
311,주중,6,하차,62.04597701149425,2025
311,주중,7,승차,643.4521072796935,2025
311,주중,7,하차,125.8199233716475,2025
311,주중,8,승차,795.5747126436781,2025
311,주중,8,하차,290.32567049808426,2025
311,주중,9,승차,508.0498084291188,2025
311,주중,9,하차,158.22605363984675,2025
311,주중,10,승차,392.9846743295019,2025
311,주중,10,하차,160.50191570881225,2025
311,주중,11,승차,358.30651340996167,2025
311,주중,11,하차,228.96168582375478,2025
311,주중,12,승차,362.93869731800766,2025
311,주중,12,하차,224.40613026819923,2025
311,주중,13,승차,366.6858237547893,2025
311,주중,13,하차,246.67049808429118,2025
311,주중,14,승차,301.23754789272033,2025
311,주중,14,하차,243.07662835249042,2025
311,주중,15,승차,278.9080459770115,2025
311,주중,15,하차,339.7049808429119,2025
311,주중,16,승차,261.92337164750955,2025
311,주중,16,하차,404.34099616858236,2025
311,주중,17,승차,311.6168582375479,2025
311,주중,17,하차,455.3141762452107,2025
311,주중,18,승차,238.8927203065134,2025
311,주중,18,하차,525.647509578544,2025
311,주중,19,승차,123.34482758620689,2025
311,주중,19,하차,258.7854406130268,2025
311,주중,20,승차,81.67432950191571,2025
311,주중,20,하차,180.09961685823754,2025
311,주중,21,승차,59.60919540229885,2025
311,주중,21,하차,157.4022988505747,2025
311,주중,22,승차,28.850574712643677,2025
311,주중,22,하차,101.86973180076629,2025
311,주중,23,승차,14.796934865900383,2025
311,주중,23,하차,77.3103448275862,2025
311,토,0,승차,1.1730769230769231,2025
311,토,0,하차,21.615384615384617,2025
311,토,1,승차,0.0,2025
311,토,1,하차,0.07692307692307693,2025
311,토,2,승차,0.1346153846153846,2025
311,토,2,하차,0.09615384615384616,2025
311,토,3,승차,0.057692307692307696,2025
311,토,3,하차,0.09615384615384616,2025
311,토,4,승차,0.5,2025
311,토,4,하차,0.21153846153846154,2025
311,토,5,승차,140.71153846153845,2025
311,토,5,하차,19.76923076923077,2025
311,토,6,승차,163.80769230769232,2025
311,토,6,하차,46.96153846153846,2025
311,토,7,승차,250.1346153846154,2025
311,토,7,하차,78.36538461538461,2025
311,토,8,승차,369.0,2025
311,토,8,하차,101.48076923076923,2025
311,토,9,승차,406.84615384615387,2025
311,토,9,하차,133.40384615384616,2025
311,토,10,승차,414.13461538461536,2025
311,토,10,하차,145.8653846153846,2025
311,토,11,승차,427.53846153846155,2025
311,토,11,하차,199.98076923076923,2025
311,토,12,승차,387.65384615384613,2025
311,토,12,하차,230.46153846153845,2025
311,토,13,승차,336.7307692307692,2025
311,토,13,하차,231.26923076923077,2025
311,토,14,승차,280.71153846153845,2025
311,토,14,하차,249.90384615384616,2025
311,토,15,승차,267.59615384615387,2025
311,토,15,하차,289.0,2025
311,토,16,승차,273.3076923076923,2025
311,토,16,하차,314.0192307692308,2025
311,토,17,승차,268.4807692307692,2025
311,토,17,하차,293.34615384615387,2025
311,토,18,승차,178.30769230769232,2025
311,토,18,하차,265.4807692307692,2025
311,토,19,승차,112.88461538461539,2025
311,토,19,하차,182.78846153846155,2025
311,토,20,승차,81.46153846153847,2025
311,토,20,하차,155.15384615384616,2025
311,토,21,승차,54.48076923076923,2025
311,토,21,하차,153.05769230769232,2025
311,토,22,승차,31.192307692307693,2025
311,토,22,하차,101.67307692307692,2025
311,토,23,승차,16.75,2025
311,토,23,하차,87.42307692307692,2025
312,일,0,승차,2.019230769230769,2025
312,일,0,하차,9.442307692307692,2025
312,일,1,승차,0.057692307692307696,2025
312,일,1,하차,0.038461538461538464,2025
312,일,2,승차,0.057692307692307696,2025
312,일,2,하차,0.07692307692307693,2025
312,일,3,승차,0.09615384615384616,2025
312,일,3,하차,0.09615384615384616,2025
312,일,4,승차,1.1538461538461537,2025
312,일,4,하차,0.5384615384615384,2025
312,일,5,승차,61.25,2025
312,일,5,하차,15.538461538461538,2025
312,일,6,승차,57.98076923076923,2025
312,일,6,하차,103.21153846153847,2025
312,일,7,승차,99.75,2025
312,일,7,하차,104.07692307692308,2025
312,일,8,승차,170.78846153846155,2025
312,일,8,하차,109.5576923076923,2025
312,일,9,승차,185.51923076923077,2025
312,일,9,하차,120.51923076923077,2025
312,일,10,승차,204.6153846153846,2025
312,일,10,하차,142.0,2025
312,일,11,승차,199.46153846153845,2025
312,일,11,하차,163.17307692307693,2025
312,일,12,승차,197.03846153846155,2025
312,일,12,하차,132.57692307692307,2025
312,일,13,승차,193.25,2025
312,일,13,하차,169.5,2025
312,일,14,승차,186.71153846153845,2025
312,일,14,하차,162.40384615384616,2025
312,일,15,승차,183.3653846153846,2025
312,일,15,하차,198.76923076923077,2025
312,일,16,승차,174.53846153846155,2025
312,일,16,하차,185.57692307692307,2025
312,일,17,승차,168.19230769230768,2025
312,일,17,하차,180.17307692307693,2025
312,일,18,승차,155.82692307692307,2025
312,일,18,하차,174.07692307692307,2025
312,일,19,승차,158.32692307692307,2025
312,일,19,하차,123.21153846153847,2025
312,일,20,승차,120.07692307692308,2025
312,일,20,하차,113.25,2025
312,일,21,승차,80.5576923076923,2025
312,일,21,하차,95.92307692307692,2025
312,일,22,승차,40.92307692307692,2025
312,일,22,하차,68.38461538461539,2025
312,일,23,승차,16.23076923076923,2025
312,일,23,하차,42.44230769230769,2025
312,주중,0,승차,2.2528735632183907,2025
312,주중,0,하차,14.348659003831418,2025
312,주중,1,승차,0.18773946360153257,2025
312,주중,1,하차,0.367816091954023,2025
312,주중,2,승차,0.11877394636015326,2025
312,주중,2,하차,0.2413793103448276,2025
312,주중,3,승차,0.02681992337164751,2025
312,주중,3,하차,0.0842911877394636,2025
312,주중,4,승차,1.3563218390804597,2025
312,주중,4,하차,0.7662835249042146,2025
312,주중,5,승차,114.63218390804597,2025
312,주중,5,하차,18.310344827586206,2025
312,주중,6,승차,164.54789272030652,2025
312,주중,6,하차,99.81226053639847,2025
312,주중,7,승차,419.08429118773944,2025
312,주중,7,하차,189.59003831417624,2025
312,주중,8,승차,494.85057471264366,2025
312,주중,8,하차,502.7049808429119,2025
312,주중,9,승차,280.455938697318,2025
312,주중,9,하차,278.5632183908046,2025
312,주중,10,승차,261.79693486590037,2025
312,주중,10,하차,235.727969348659,2025
312,주중,11,승차,283.13409961685824,2025
312,주중,11,하차,231.6743295019157,2025
312,주중,12,승차,278.37547892720306,2025
312,주중,12,하차,241.67816091954023,2025
312,주중,13,승차,253.911877394636,2025
312,주중,13,하차,268.69348659003833,2025
312,주중,14,승차,263.0153256704981,2025
312,주중,14,하차,263.2145593869732,2025
312,주중,15,승차,299.0689655172414,2025
312,주중,15,하차,266.0689655172414,2025
312,주중,16,승차,306.4942528735632,2025
312,주중,16,하차,299.4061302681992,2025
312,주중,17,승차,408.176245210728,2025
312,주중,17,하차,351.7892720306513,2025
312,주중,18,승차,315.11494252873564,2025
312,주중,18,하차,467.7739463601533,2025
312,주중,19,승차,156.04214559386972,2025
312,주중,19,하차,221.3831417624521,2025
312,주중,20,승차,116.19540229885058,2025
312,주중,20,하차,147.86206896551724,2025
312,주중,21,승차,82.31800766283524,2025
312,주중,21,하차,130.23371647509578,2025
312,주중,22,승차,52.69348659003831,2025
312,주중,22,하차,92.22222222222223,2025
312,주중,23,승차,20.160919540229884,2025
312,주중,23,하차,60.348659003831415,2025
312,토,0,승차,1.2307692307692308,2025
312,토,0,하차,16.46153846153846,2025
312,토,1,승차,0.057692307692307696,2025
312,토,1,하차,0.11538461538461539,2025
312,토,2,승차,0.0,2025
312,토,2,하차,0.0,2025
312,토,3,승차,0.0,2025
312,토,3,하차,0.057692307692307696,2025
312,토,4,승차,1.2884615384615385,2025
312,토,4,하차,0.6730769230769231,2025
312,토,5,승차,89.34615384615384,2025
312,토,5,하차,19.365384615384617,2025
312,토,6,승차,88.59615384615384,2025
312,토,6,하차,125.98076923076923,2025
312,토,7,승차,153.05769230769232,2025
312,토,7,하차,104.28846153846153,2025
312,토,8,승차,251.5,2025
312,토,8,하차,213.15384615384616,2025
312,토,9,승차,235.6346153846154,2025
312,토,9,하차,204.1153846153846,2025
312,토,10,승차,252.15384615384616,2025
312,토,10,하차,193.96153846153845,2025
312,토,11,승차,287.0769230769231,2025
312,토,11,하차,223.30769230769232,2025
312,토,12,승차,297.36538461538464,2025
312,토,12,하차,214.8653846153846,2025
312,토,13,승차,284.13461538461536,2025
312,토,13,하차,251.98076923076923,2025
312,토,14,승차,233.92307692307693,2025
312,토,14,하차,209.59615384615384,2025
312,토,15,승차,257.36538461538464,2025
312,토,15,하차,234.80769230769232,2025
312,토,16,승차,246.25,2025
312,토,16,하차,256.8269230769231,2025
312,토,17,승차,243.17307692307693,2025
312,토,17,하차,246.32692307692307,2025
312,토,18,승차,194.26923076923077,2025
312,토,18,하차,201.53846153846155,2025
312,토,19,승차,157.96153846153845,2025
312,토,19,하차,147.57692307692307,2025
312,토,20,승차,119.73076923076923,2025
312,토,20,하차,132.55769230769232,2025
312,토,21,승차,90.86538461538461,2025
312,토,21,하차,126.40384615384616,2025
312,토,22,승차,54.90384615384615,2025
312,토,22,하차,90.9423076923077,2025
312,토,23,승차,25.115384615384617,2025
312,토,23,하차,70.9423076923077,2025
313,일,0,승차,10.057692307692308,2025
313,일,0,하차,27.134615384615383,2025
313,일,1,승차,0.038461538461538464,2025
313,일,1,하차,0.11538461538461539,2025
313,일,2,승차,0.057692307692307696,2025
313,일,2,하차,0.0,2025
313,일,3,승차,0.0,2025
313,일,3,하차,0.0,2025
313,일,4,승차,3.173076923076923,2025
313,일,4,하차,1.1538461538461537,2025
313,일,5,승차,105.92307692307692,2025
313,일,5,하차,34.51923076923077,2025
313,일,6,승차,111.21153846153847,2025
313,일,6,하차,115.5576923076923,2025
313,일,7,승차,157.65384615384616,2025
313,일,7,하차,153.46153846153845,2025
313,일,8,승차,257.4230769230769,2025
313,일,8,하차,272.75,2025
313,일,9,승차,410.8269230769231,2025
313,일,9,하차,431.9423076923077,2025
313,일,10,승차,539.5,2025
313,일,10,하차,564.3846153846154,2025
313,일,11,승차,597.7115384615385,2025
313,일,11,하차,696.0,2025
313,일,12,승차,659.1923076923077,2025
313,일,12,하차,706.2115384615385,2025
313,일,13,승차,716.4038461538462,2025
313,일,13,하차,670.7692307692307,2025
313,일,14,승차,810.5769230769231,2025
313,일,14,하차,677.3653846153846,2025
313,일,15,승차,858.0192307692307,2025
313,일,15,하차,691.3269230769231,2025
313,일,16,승차,800.75,2025
313,일,16,하차,606.7692307692307,2025
313,일,17,승차,660.6730769230769,2025
313,일,17,하차,541.6153846153846,2025
313,일,18,승차,515.8846153846154,2025
313,일,18,하차,412.61538461538464,2025
313,일,19,승차,428.38461538461536,2025
313,일,19,하차,277.0576923076923,2025
313,일,20,승차,328.5769230769231,2025
313,일,20,하차,220.15384615384616,2025
313,일,21,승차,236.0,2025
313,일,21,하차,192.82692307692307,2025
313,일,22,승차,151.15384615384616,2025
313,일,22,하차,146.98076923076923,2025
313,일,23,승차,77.73076923076923,2025
313,일,23,하차,93.07692307692308,2025
313,주중,0,승차,12.670498084291188,2025
313,주중,0,하차,38.371647509578544,2025
313,주중,1,승차,0.31800766283524906,2025
313,주중,1,하차,0.47509578544061304,2025
313,주중,2,승차,0.10344827586206896,2025
313,주중,2,하차,0.2796934865900383,2025
313,주중,3,승차,0.09961685823754789,2025
313,주중,3,하차,0.3333333333333333,2025
313,주중,4,승차,4.080459770114943,2025
313,주중,4,하차,1.7547892720306513,2025
313,주중,5,승차,184.97318007662835,2025
313,주중,5,하차,54.55172413793103,2025
313,주중,6,승차,231.27586206896552,2025
313,주중,6,하차,203.15325670498083,2025
313,주중,7,승차,548.5325670498084,2025
313,주중,7,하차,376.50191570881225,2025
313,주중,8,승차,642.2068965517242,2025
313,주중,8,하차,992.9501915708812,2025
313,주중,9,승차,582.727969348659,2025
313,주중,9,하차,918.2988505747127,2025
313,주중,10,승차,799.5555555555555,2025
313,주중,10,하차,836.7586206896551,2025
313,주중,11,승차,885.2490421455939,2025
313,주중,11,하차,940.4367816091954,2025
313,주중,12,승차,958.4789272030652,2025
313,주중,12,하차,876.1034482758621,2025
313,주중,13,승차,939.1685823754789,2025
313,주중,13,하차,890.2068965517242,2025
313,주중,14,승차,956.6743295019157,2025
313,주중,14,하차,866.0383141762452,2025
313,주중,15,승차,1095.7509578544061,2025
313,주중,15,하차,855.3869731800767,2025
313,주중,16,승차,1130.8735632183907,2025
313,주중,16,하차,903.5785440613026,2025
313,주중,17,승차,1135.4022988505747,2025
313,주중,17,하차,975.2528735632184,2025
313,주중,18,승차,970.2490421455939,2025
313,주중,18,하차,1069.287356321839,2025
313,주중,19,승차,531.8045977011494,2025
313,주중,19,하차,452.5095785440613,2025
313,주중,20,승차,418.1800766283525,2025
313,주중,20,하차,292.4750957854406,2025
313,주중,21,승차,340.1417624521073,2025
313,주중,21,하차,237.88122605363984,2025
313,주중,22,승차,235.8007662835249,2025
313,주중,22,하차,182.86206896551724,2025
313,주중,23,승차,118.73180076628353,2025
313,주중,23,하차,121.91570881226053,2025
313,토,0,승차,15.673076923076923,2025
313,토,0,하차,49.67307692307692,2025
313,토,1,승차,0.21153846153846154,2025
313,토,1,하차,0.17307692307692307,2025
313,토,2,승차,0.0,2025
313,토,2,하차,0.019230769230769232,2025
313,토,3,승차,0.0,2025
313,토,3,하차,0.09615384615384616,2025
313,토,4,승차,5.096153846153846,2025
313,토,4,하차,1.7115384615384615,2025
313,토,5,승차,153.34615384615384,2025
313,토,5,하차,46.84615384615385,2025
313,토,6,승차,156.8653846153846,2025
313,토,6,하차,146.76923076923077,2025
313,토,7,승차,259.84615384615387,2025
313,토,7,하차,217.44230769230768,2025
313,토,8,승차,365.7692307692308,2025
313,토,8,하차,547.1730769230769,2025
313,토,9,승차,551.9038461538462,2025
313,토,9,하차,704.2115384615385,2025
313,토,10,승차,773.1923076923077,2025
313,토,10,하차,804.5,2025
313,토,11,승차,895.0769230769231,2025
313,토,11,하차,915.5,2025
313,토,12,승차,996.3076923076923,2025
313,토,12,하차,942.2884615384615,2025
313,토,13,승차,1011.3269230769231,2025
313,토,13,하차,809.0961538461538,2025
313,토,14,승차,982.2884615384615,2025
313,토,14,하차,740.0,2025
313,토,15,승차,998.3461538461538,2025
313,토,15,하차,768.4230769230769,2025
313,토,16,승차,949.2692307692307,2025
313,토,16,하차,797.8461538461538,2025
313,토,17,승차,816.1346153846154,2025
313,토,17,하차,807.5769230769231,2025
313,토,18,승차,628.6153846153846,2025
313,토,18,하차,581.2884615384615,2025
313,토,19,승차,496.6923076923077,2025
313,토,19,하차,375.78846153846155,2025
313,토,20,승차,427.9230769230769,2025
313,토,20,하차,295.1923076923077,2025
313,토,21,승차,350.6730769230769,2025
313,토,21,하차,284.86538461538464,2025
313,토,22,승차,257.03846153846155,2025
313,토,22,하차,206.67307692307693,2025
313,토,23,승차,150.51923076923077,2025
313,토,23,하차,162.1346153846154,2025
314,일,0,승차,3.0,2025
314,일,0,하차,7.288461538461538,2025
314,일,1,승차,0.17307692307692307,2025
314,일,1,하차,0.19230769230769232,2025
314,일,2,승차,0.019230769230769232,2025
314,일,2,하차,0.0,2025
314,일,3,승차,0.019230769230769232,2025
314,일,3,하차,0.019230769230769232,2025
314,일,4,승차,1.3076923076923077,2025
314,일,4,하차,0.19230769230769232,2025
314,일,5,승차,23.423076923076923,2025
314,일,5,하차,39.90384615384615,2025
314,일,6,승차,36.86538461538461,2025
314,일,6,하차,109.1923076923077,2025
314,일,7,승차,53.0,2025
314,일,7,하차,174.3653846153846,2025
314,일,8,승차,91.13461538461539,2025
314,일,8,하차,185.78846153846155,2025
314,일,9,승차,146.05769230769232,2025
314,일,9,하차,263.84615384615387,2025
314,일,10,승차,177.17307692307693,2025
314,일,10,하차,265.59615384615387,2025
314,일,11,승차,214.40384615384616,2025
314,일,11,하차,185.78846153846155,2025
314,일,12,승차,238.8846153846154,2025
314,일,12,하차,218.90384615384616,2025
314,일,13,승차,263.3076923076923,2025
314,일,13,하차,242.71153846153845,2025
314,일,14,승차,148.30769230769232,2025
314,일,14,하차,274.1730769230769,2025
314,일,15,승차,261.84615384615387,2025
314,일,15,하차,235.59615384615384,2025
314,일,16,승차,358.13461538461536,2025
314,일,16,하차,228.40384615384616,2025
314,일,17,승차,241.78846153846155,2025
314,일,17,하차,226.5,2025
314,일,18,승차,201.25,2025
314,일,18,하차,258.13461538461536,2025
314,일,19,승차,199.28846153846155,2025
314,일,19,하차,180.57692307692307,2025
314,일,20,승차,305.09615384615387,2025
314,일,20,하차,140.23076923076923,2025
314,일,21,승차,144.28846153846155,2025
314,일,21,하차,93.71153846153847,2025
314,일,22,승차,123.40384615384616,2025
314,일,22,하차,38.78846153846154,2025
314,일,23,승차,51.0,2025
314,일,23,하차,20.846153846153847,2025
314,주중,0,승차,2.5057471264367814,2025
314,주중,0,하차,9.264367816091953,2025
314,주중,1,승차,0.21455938697318008,2025
314,주중,1,하차,0.2681992337164751,2025
314,주중,2,승차,0.29118773946360155,2025
314,주중,2,하차,0.2567049808429119,2025
314,주중,3,승차,0.13026819923371646,2025
314,주중,3,하차,0.11877394636015326,2025
314,주중,4,승차,2.0306513409961684,2025
314,주중,4,하차,0.4521072796934866,2025
314,주중,5,승차,39.72030651340996,2025
314,주중,5,하차,55.559386973180075,2025
314,주중,6,승차,77.33716475095785,2025
314,주중,6,하차,193.73180076628353,2025
314,주중,7,승차,200.16858237547893,2025
314,주중,7,하차,313.4942528735632,2025
314,주중,8,승차,213.87739463601534,2025
314,주중,8,하차,386.6666666666667,2025
314,주중,9,승차,175.2528735632184,2025
314,주중,9,하차,205.32950191570882,2025
314,주중,10,승차,156.99233716475095,2025
314,주중,10,하차,217.22605363984675,2025
314,주중,11,승차,172.25670498084293,2025
314,주중,11,하차,184.21455938697318,2025
314,주중,12,승차,180.20689655172413,2025
314,주중,12,하차,190.50574712643677,2025
314,주중,13,승차,204.52107279693487,2025
314,주중,13,하차,227.63601532567048,2025
314,주중,14,승차,127.97318007662835,2025
314,주중,14,하차,203.33333333333334,2025
314,주중,15,승차,204.28735632183907,2025
314,주중,15,하차,222.99616858237547,2025
314,주중,16,승차,299.0574712643678,2025
314,주중,16,하차,227.31034482758622,2025
314,주중,17,승차,280.5057471264368,2025
314,주중,17,하차,262.93486590038316,2025
314,주중,18,승차,320.4061302681992,2025
314,주중,18,하차,342.48275862068965,2025
314,주중,19,승차,166.06896551724137,2025
314,주중,19,하차,150.04980842911877,2025
314,주중,20,승차,202.07662835249042,2025
314,주중,20,하차,111.91954022988506,2025
314,주중,21,승차,104.61685823754789,2025
314,주중,21,하차,80.77011494252874,2025
314,주중,22,승차,80.71264367816092,2025
314,주중,22,하차,53.99616858237548,2025
314,주중,23,승차,42.122605363984675,2025
314,주중,23,하차,27.992337164750957,2025
314,토,0,승차,2.576923076923077,2025
314,토,0,하차,12.23076923076923,2025
314,토,1,승차,0.019230769230769232,2025
314,토,1,하차,0.019230769230769232,2025
314,토,2,승차,0.0,2025
314,토,2,하차,0.0,2025
314,토,3,승차,0.0,2025
314,토,3,하차,0.0,2025
314,토,4,승차,2.423076923076923,2025
314,토,4,하차,0.4230769230769231,2025
314,토,5,승차,32.36538461538461,2025
314,토,5,하차,52.98076923076923,2025
314,토,6,승차,47.09615384615385,2025
314,토,6,하차,155.94230769230768,2025
314,토,7,승차,86.90384615384616,2025
314,토,7,하차,249.59615384615384,2025
314,토,8,승차,121.40384615384616,2025
314,토,8,하차,252.32692307692307,2025
314,토,9,승차,185.8653846153846,2025
314,토,9,하차,292.03846153846155,2025
314,토,10,승차,193.1346153846154,2025
314,토,10,하차,308.53846153846155,2025
314,토,11,승차,252.03846153846155,2025
314,토,11,하차,225.09615384615384,2025
314,토,12,승차,240.69230769230768,2025
314,토,12,하차,277.9423076923077,2025
314,토,13,승차,289.40384615384613,2025
314,토,13,하차,304.3076923076923,2025
314,토,14,승차,158.3653846153846,2025
314,토,14,하차,285.9230769230769,2025
314,토,15,승차,254.30769230769232,2025
314,토,15,하차,248.53846153846155,2025
314,토,16,승차,333.59615384615387,2025
314,토,16,하차,241.1346153846154,2025
314,토,17,승차,251.92307692307693,2025
314,토,17,하차,218.05769230769232,2025
314,토,18,승차,202.75,2025
314,토,18,하차,219.42307692307693,2025
314,토,19,승차,165.96153846153845,2025
314,토,19,하차,135.01923076923077,2025
314,토,20,승차,227.98076923076923,2025
314,토,20,하차,123.09615384615384,2025
314,토,21,승차,115.07692307692308,2025
314,토,21,하차,109.23076923076923,2025
314,토,22,승차,125.01923076923077,2025
314,토,22,하차,55.19230769230769,2025
314,토,23,승차,58.34615384615385,2025
314,토,23,하차,40.05769230769231,2025
315,일,0,승차,1.0,2025
315,일,0,하차,4.5,2025
315,일,1,승차,0.0,2025
315,일,1,하차,0.0,2025
315,일,2,승차,0.0,2025
315,일,2,하차,0.09615384615384616,2025
315,일,3,승차,0.0,2025
315,일,3,하차,0.0,2025
315,일,4,승차,0.28846153846153844,2025
315,일,4,하차,0.11538461538461539,2025
315,일,5,승차,8.865384615384615,2025
315,일,5,하차,48.19230769230769,2025
315,일,6,승차,15.346153846153847,2025
315,일,6,하차,104.73076923076923,2025
315,일,7,승차,25.384615384615383,2025
315,일,7,하차,90.26923076923077,2025
315,일,8,승차,51.05769230769231,2025
315,일,8,하차,100.65384615384616,2025
315,일,9,승차,72.86538461538461,2025
315,일,9,하차,125.36538461538461,2025
315,일,10,승차,105.23076923076923,2025
315,일,10,하차,164.44230769230768,2025
315,일,11,승차,122.92307692307692,2025
315,일,11,하차,168.21153846153845,2025
315,일,12,승차,151.57692307692307,2025
315,일,12,하차,153.30769230769232,2025
315,일,13,승차,146.07692307692307,2025
315,일,13,하차,162.76923076923077,2025
315,일,14,승차,161.23076923076923,2025
315,일,14,하차,137.23076923076923,2025
315,일,15,승차,182.01923076923077,2025
315,일,15,하차,109.48076923076923,2025
315,일,16,승차,198.75,2025
315,일,16,하차,88.1923076923077,2025
315,일,17,승차,199.1153846153846,2025
315,일,17,하차,57.75,2025
315,일,18,승차,130.3653846153846,2025
315,일,18,하차,51.80769230769231,2025
315,일,19,승차,73.75,2025
315,일,19,하차,35.61538461538461,2025
315,일,20,승차,43.25,2025
315,일,20,하차,32.55769230769231,2025
315,일,21,승차,24.51923076923077,2025
315,일,21,하차,26.884615384615383,2025
315,일,22,승차,17.26923076923077,2025
315,일,22,하차,22.26923076923077,2025
315,일,23,승차,6.788461538461538,2025
315,일,23,하차,9.73076923076923,2025
315,주중,0,승차,1.0804597701149425,2025
315,주중,0,하차,5.275862068965517,2025
315,주중,1,승차,0.1111111111111111,2025
315,주중,1,하차,0.21455938697318008,2025
315,주중,2,승차,0.05363984674329502,2025
315,주중,2,하차,0.15708812260536398,2025
315,주중,3,승차,0.019157088122605363,2025
315,주중,3,하차,0.06513409961685823,2025
315,주중,4,승차,0.5057471264367817,2025
315,주중,4,하차,0.2720306513409962,2025
315,주중,5,승차,12.540229885057471,2025
315,주중,5,하차,63.75095785440613,2025
315,주중,6,승차,24.272030651340994,2025
315,주중,6,하차,273.1264367816092,2025
315,주중,7,승차,68.92337164750958,2025
315,주중,7,하차,501.7432950191571,2025
315,주중,8,승차,99.66283524904215,2025
315,주중,8,하차,753.7471264367816,2025
315,주중,9,승차,102.92337164750958,2025
315,주중,9,하차,194.65900383141764,2025
315,주중,10,승차,108.66666666666667,2025
315,주중,10,하차,140.76628352490422,2025
315,주중,11,승차,137.16858237547893,2025
315,주중,11,하차,148.32183908045977,2025
315,주중,12,승차,159.46360153256705,2025
315,주중,12,하차,189.7816091954023,2025
315,주중,13,승차,172.75862068965517,2025
315,주중,13,하차,141.88122605363984,2025
315,주중,14,승차,167.53639846743295,2025
315,주중,14,하차,120.29885057471265,2025
315,주중,15,승차,215.35249042145594,2025
315,주중,15,하차,98.18773946360153,2025
315,주중,16,승차,362.33716475095787,2025
315,주중,16,하차,89.88888888888889,2025
315,주중,17,승차,531.7088122605364,2025
315,주중,17,하차,93.12260536398468,2025
315,주중,18,승차,706.551724137931,2025
315,주중,18,하차,81.90038314176245,2025
315,주중,19,승차,165.22988505747125,2025
315,주중,19,하차,51.10727969348659,2025
315,주중,20,승차,105.11877394636015,2025
315,주중,20,하차,37.51724137931034,2025
315,주중,21,승차,65.19157088122606,2025
315,주중,21,하차,33.05747126436781,2025
315,주중,22,승차,32.8007662835249,2025
315,주중,22,하차,32.75478927203065,2025
315,주중,23,승차,10.78544061302682,2025
315,주중,23,하차,17.67816091954023,2025
315,토,0,승차,1.0384615384615385,2025
315,토,0,하차,5.519230769230769,2025
315,토,1,승차,0.09615384615384616,2025
315,토,1,하차,0.09615384615384616,2025
315,토,2,승차,0.057692307692307696,2025
315,토,2,하차,0.15384615384615385,2025
315,토,3,승차,0.0,2025
315,토,3,하차,0.07692307692307693,2025
315,토,4,승차,0.36538461538461536,2025
315,토,4,하차,0.15384615384615385,2025
315,토,5,승차,11.826923076923077,2025
315,토,5,하차,56.80769230769231,2025
315,토,6,승차,20.03846153846154,2025
315,토,6,하차,145.6153846153846,2025
315,토,7,승차,39.61538461538461,2025
315,토,7,하차,149.30769230769232,2025
315,토,8,승차,70.59615384615384,2025
315,토,8,하차,127.65384615384616,2025
315,토,9,승차,92.78846153846153,2025
315,토,9,하차,139.6346153846154,2025
315,토,10,승차,115.86538461538461,2025
315,토,10,하차,145.21153846153845,2025
315,토,11,승차,142.42307692307693,2025
315,토,11,하차,176.5,2025
315,토,12,승차,170.90384615384616,2025
315,토,12,하차,156.5,2025
315,토,13,승차,155.46153846153845,2025
315,토,13,하차,164.32692307692307,2025
315,토,14,승차,155.82692307692307,2025
315,토,14,하차,126.90384615384616,2025
315,토,15,승차,188.26923076923077,2025
315,토,15,하차,108.63461538461539,2025
315,토,16,승차,212.94230769230768,2025
315,토,16,하차,87.36538461538461,2025
315,토,17,승차,220.75,2025
315,토,17,하차,80.48076923076923,2025
315,토,18,승차,141.03846153846155,2025
315,토,18,하차,58.38461538461539,2025
315,토,19,승차,79.5,2025
315,토,19,하차,40.51923076923077,2025
315,토,20,승차,52.17307692307692,2025
315,토,20,하차,40.34615384615385,2025
315,토,21,승차,31.75,2025
315,토,21,하차,44.65384615384615,2025
315,토,22,승차,25.53846153846154,2025
315,토,22,하차,36.90384615384615,2025
315,토,23,승차,12.038461538461538,2025
315,토,23,하차,21.78846153846154,2025
316,일,0,승차,0.8076923076923077,2025
316,일,0,하차,2.019230769230769,2025
316,일,1,승차,0.11538461538461539,2025
316,일,1,하차,0.11538461538461539,2025
316,일,2,승차,0.038461538461538464,2025
316,일,2,하차,0.09615384615384616,2025
316,일,3,승차,0.0,2025
316,일,3,하차,0.0,2025
316,일,4,승차,0.15384615384615385,2025
316,일,4,하차,0.09615384615384616,2025
316,일,5,승차,2.3076923076923075,2025
316,일,5,하차,43.88461538461539,2025
316,일,6,승차,5.6923076923076925,2025
316,일,6,하차,41.71153846153846,2025
316,일,7,승차,31.865384615384617,2025
316,일,7,하차,39.44230769230769,2025
316,일,8,승차,41.13461538461539,2025
316,일,8,하차,93.65384615384616,2025
316,일,9,승차,32.61538461538461,2025
316,일,9,하차,60.61538461538461,2025
316,일,10,승차,59.34615384615385,2025
316,일,10,하차,62.57692307692308,2025
316,일,11,승차,67.84615384615384,2025
316,일,11,하차,60.53846153846154,2025
316,일,12,승차,61.67307692307692,2025
316,일,12,하차,73.67307692307692,2025
316,일,13,승차,57.01923076923077,2025
316,일,13,하차,109.96153846153847,2025
316,일,14,승차,65.1923076923077,2025
316,일,14,하차,67.26923076923077,2025
316,일,15,승차,99.34615384615384,2025
316,일,15,하차,48.80769230769231,2025
316,일,16,승차,148.78846153846155,2025
316,일,16,하차,31.307692307692307,2025
316,일,17,승차,89.9423076923077,2025
316,일,17,하차,25.442307692307693,2025
316,일,18,승차,47.30769230769231,2025
316,일,18,하차,18.75,2025
316,일,19,승차,20.365384615384617,2025
316,일,19,하차,16.134615384615383,2025
316,일,20,승차,15.846153846153847,2025
316,일,20,하차,11.038461538461538,2025
316,일,21,승차,8.961538461538462,2025
316,일,21,하차,9.942307692307692,2025
316,일,22,승차,8.057692307692308,2025
316,일,22,하차,6.788461538461538,2025
316,일,23,승차,2.269230769230769,2025
316,일,23,하차,3.730769230769231,2025
316,주중,0,승차,1.0191570881226053,2025
316,주중,0,하차,2.5402298850574714,2025
316,주중,1,승차,0.14559386973180077,2025
316,주중,1,하차,0.18007662835249041,2025
316,주중,2,승차,0.03065134099616858,2025
316,주중,2,하차,0.18773946360153257,2025
316,주중,3,승차,0.0038314176245210726,2025
316,주중,3,하차,0.05363984674329502,2025
316,주중,4,승차,0.14559386973180077,2025
316,주중,4,하차,0.09578544061302682,2025
316,주중,5,승차,4.383141762452107,2025
316,주중,5,하차,40.77777777777778,2025
316,주중,6,승차,7.252873563218391,2025
316,주중,6,하차,74.36015325670498,2025
316,주중,7,승차,37.490421455938694,2025
316,주중,7,하차,123.98467432950191,2025
316,주중,8,승차,44.95402298850575,2025
316,주중,8,하차,185.816091954023,2025
316,주중,9,승차,41.31417624521073,2025
316,주중,9,하차,89.70114942528735,2025
316,주중,10,승차,57.70498084291188,2025
316,주중,10,하차,53.54406130268199,2025
316,주중,11,승차,57.08429118773947,2025
316,주중,11,하차,43.57088122605364,2025
316,주중,12,승차,72.91954022988506,2025
316,주중,12,하차,57.15325670498084,2025
316,주중,13,승차,52.54406130268199,2025
316,주중,13,하차,64.02298850574712,2025
316,주중,14,승차,52.804597701149426,2025
316,주중,14,하차,57.56704980842912,2025
316,주중,15,승차,84.4176245210728,2025
316,주중,15,하차,38.13793103448276,2025
316,주중,16,승차,132.4904214559387,2025
316,주중,16,하차,42.36015325670498,2025
316,주중,17,승차,146.04214559386972,2025
316,주중,17,하차,38.053639846743295,2025
316,주중,18,승차,140.57471264367817,2025
316,주중,18,하차,41.79693486590038,2025
316,주중,19,승차,36.383141762452105,2025
316,주중,19,하차,17.685823754789272,2025
316,주중,20,승차,27.93103448275862,2025
316,주중,20,하차,10.762452107279694,2025
316,주중,21,승차,24.704980842911876,2025
316,주중,21,하차,10.363984674329503,2025
316,주중,22,승차,10.773946360153257,2025
316,주중,22,하차,9.766283524904214,2025
316,주중,23,승차,2.8160919540229883,2025
316,주중,23,하차,5.800766283524904,2025
316,토,0,승차,0.8653846153846154,2025
316,토,0,하차,3.2884615384615383,2025
316,토,1,승차,0.11538461538461539,2025
316,토,1,하차,0.07692307692307693,2025
316,토,2,승차,0.019230769230769232,2025
316,토,2,하차,0.15384615384615385,2025
316,토,3,승차,0.0,2025
316,토,3,하차,0.0,2025
316,토,4,승차,0.057692307692307696,2025
316,토,4,하차,0.0,2025
316,토,5,승차,4.326923076923077,2025
316,토,5,하차,45.69230769230769,2025
316,토,6,승차,8.038461538461538,2025
316,토,6,하차,55.36538461538461,2025
316,토,7,승차,33.28846153846154,2025
316,토,7,하차,46.76923076923077,2025
316,토,8,승차,46.01923076923077,2025
316,토,8,하차,102.1923076923077,2025
316,토,9,승차,37.48076923076923,2025
316,토,9,하차,68.4423076923077,2025
316,토,10,승차,70.36538461538461,2025
316,토,10,하차,68.0576923076923,2025
316,토,11,승차,76.21153846153847,2025
316,토,11,하차,63.67307692307692,2025
316,토,12,승차,69.67307692307692,2025
316,토,12,하차,74.73076923076923,2025
316,토,13,승차,57.82692307692308,2025
316,토,13,하차,90.4423076923077,2025
316,토,14,승차,69.6923076923077,2025
316,토,14,하차,75.92307692307692,2025
316,토,15,승차,108.88461538461539,2025
316,토,15,하차,47.28846153846154,2025
316,토,16,승차,126.01923076923077,2025
316,토,16,하차,44.05769230769231,2025
316,토,17,승차,77.5576923076923,2025
316,토,17,하차,33.21153846153846,2025
316,토,18,승차,59.32692307692308,2025
316,토,18,하차,24.51923076923077,2025
316,토,19,승차,36.55769230769231,2025
316,토,19,하차,16.057692307692307,2025
316,토,20,승차,20.596153846153847,2025
316,토,20,하차,14.961538461538462,2025
316,토,21,승차,10.76923076923077,2025
316,토,21,하차,12.48076923076923,2025
316,토,22,승차,9.903846153846153,2025
316,토,22,하차,11.23076923076923,2025
316,토,23,승차,3.6923076923076925,2025
316,토,23,하차,8.961538461538462,2025
317,일,0,승차,0.07692307692307693,2025
317,일,0,하차,12.673076923076923,2025
317,일,1,승차,0.1346153846153846,2025
317,일,1,하차,0.038461538461538464,2025
317,일,2,승차,0.057692307692307696,2025
317,일,2,하차,0.19230769230769232,2025
317,일,3,승차,0.0,2025
317,일,3,하차,0.019230769230769232,2025
317,일,4,승차,1.5769230769230769,2025
317,일,4,하차,1.5576923076923077,2025
317,일,5,승차,54.57692307692308,2025
317,일,5,하차,88.13461538461539,2025
317,일,6,승차,85.84615384615384,2025
317,일,6,하차,182.17307692307693,2025
317,일,7,승차,179.28846153846155,2025
317,일,7,하차,162.65384615384616,2025
317,일,8,승차,248.73076923076923,2025
317,일,8,하차,270.1923076923077,2025
317,일,9,승차,337.9230769230769,2025
317,일,9,하차,374.78846153846155,2025
317,일,10,승차,377.11538461538464,2025
317,일,10,하차,357.03846153846155,2025
317,일,11,승차,393.7307692307692,2025
317,일,11,하차,334.61538461538464,2025
317,일,12,승차,393.5192307692308,2025
317,일,12,하차,319.3076923076923,2025
317,일,13,승차,368.6923076923077,2025
317,일,13,하차,299.28846153846155,2025
317,일,14,승차,399.3076923076923,2025
317,일,14,하차,327.9230769230769,2025
317,일,15,승차,441.40384615384613,2025
317,일,15,하차,335.4807692307692,2025
317,일,16,승차,472.86538461538464,2025
317,일,16,하차,370.86538461538464,2025
317,일,17,승차,463.1730769230769,2025
317,일,17,하차,366.3076923076923,2025
317,일,18,승차,448.61538461538464,2025
317,일,18,하차,302.25,2025
317,일,19,승차,242.15384615384616,2025
317,일,19,하차,292.46153846153845,2025
317,일,20,승차,249.84615384615384,2025
317,일,20,하차,259.75,2025
317,일,21,승차,245.71153846153845,2025
317,일,21,하차,199.05769230769232,2025
317,일,22,승차,114.0,2025
317,일,22,하차,180.80769230769232,2025
317,일,23,승차,35.75,2025
317,일,23,하차,91.26923076923077,2025
317,주중,0,승차,0.06130268199233716,2025
317,주중,0,하차,16.75862068965517,2025
317,주중,1,승차,0.19157088122605365,2025
317,주중,1,하차,0.42528735632183906,2025
317,주중,2,승차,0.06513409961685823,2025
317,주중,2,하차,0.210727969348659,2025
317,주중,3,승차,0.0421455938697318,2025
317,주중,3,하차,0.1111111111111111,2025
317,주중,4,승차,1.5134099616858236,2025
317,주중,4,하차,1.2873563218390804,2025
317,주중,5,승차,78.5823754789272,2025
317,주중,5,하차,148.16091954022988,2025
317,주중,6,승차,161.4904214559387,2025
317,주중,6,하차,544.7471264367816,2025
317,주중,7,승차,507.8199233716475,2025
317,주중,7,하차,1029.111111111111,2025
317,주중,8,승차,638.5325670498084,2025
317,주중,8,하차,1027.4099616858236,2025
317,주중,9,승차,421.83141762452107,2025
317,주중,9,하차,426.2452107279693,2025
317,주중,10,승차,353.808429118774,2025
317,주중,10,하차,336.8582375478927,2025
317,주중,11,승차,346.5478927203065,2025
317,주중,11,하차,338.2337164750958,2025
317,주중,12,승차,372.35632183908046,2025
317,주중,12,하차,306.57088122605364,2025
317,주중,13,승차,385.90421455938696,2025
317,주중,13,하차,344.0038314176245,2025
317,주중,14,승차,400.1455938697318,2025
317,주중,14,하차,304.2145593869732,2025
317,주중,15,승차,460.7164750957854,2025
317,주중,15,하차,342.99233716475095,2025
317,주중,16,승차,759.7547892720306,2025
317,주중,16,하차,439.5632183908046,2025
317,주중,17,승차,1351.9540229885058,2025
317,주중,17,하차,476.0153256704981,2025
317,주중,18,승차,1435.655172413793,2025
317,주중,18,하차,572.9770114942529,2025
317,주중,19,승차,451.823754789272,2025
317,주중,19,하차,346.2260536398467,2025
317,주중,20,승차,346.4597701149425,2025
317,주중,20,하차,241.4214559386973,2025
317,주중,21,승차,288.9501915708812,2025
317,주중,21,하차,210.8544061302682,2025
317,주중,22,승차,151.59003831417624,2025
317,주중,22,하차,196.33716475095787,2025
317,주중,23,승차,46.0919540229885,2025
317,주중,23,하차,125.37164750957854,2025
317,토,0,승차,0.0,2025
317,토,0,하차,24.0,2025
317,토,1,승차,0.17307692307692307,2025
317,토,1,하차,0.17307692307692307,2025
317,토,2,승차,0.038461538461538464,2025
317,토,2,하차,0.09615384615384616,2025
317,토,3,승차,0.019230769230769232,2025
317,토,3,하차,0.057692307692307696,2025
317,토,4,승차,1.3653846153846154,2025
317,토,4,하차,1.2884615384615385,2025
317,토,5,승차,79.88461538461539,2025
317,토,5,하차,110.67307692307692,2025
317,토,6,승차,107.67307692307692,2025
317,토,6,하차,257.90384615384613,2025
317,토,7,승차,270.6730769230769,2025
317,토,7,하차,283.2692307692308,2025
317,토,8,승차,385.15384615384613,2025
317,토,8,하차,371.34615384615387,2025
317,토,9,승차,445.0192307692308,2025
317,토,9,하차,407.71153846153845,2025
317,토,10,승차,479.11538461538464,2025
317,토,10,하차,419.13461538461536,2025
317,토,11,승차,493.86538461538464,2025
317,토,11,하차,434.9423076923077,2025
317,토,12,승차,493.63461538461536,2025
317,토,12,하차,425.61538461538464,2025
317,토,13,승차,484.8269230769231,2025
317,토,13,하차,398.6730769230769,2025
317,토,14,승차,505.6730769230769,2025
317,토,14,하차,377.8269230769231,2025
317,토,15,승차,592.5576923076923,2025
317,토,15,하차,387.0769230769231,2025
317,토,16,승차,691.0576923076923,2025
317,토,16,하차,464.13461538461536,2025
317,토,17,승차,697.3653846153846,2025
317,토,17,하차,444.0192307692308,2025
317,토,18,승차,494.0,2025
317,토,18,하차,374.0769230769231,2025
317,토,19,승차,271.63461538461536,2025
317,토,19,하차,307.59615384615387,2025
317,토,20,승차,272.90384615384613,2025
317,토,20,하차,290.3076923076923,2025
317,토,21,승차,271.09615384615387,2025
317,토,21,하차,312.03846153846155,2025
317,토,22,승차,147.34615384615384,2025
317,토,22,하차,236.59615384615384,2025
317,토,23,승차,54.51923076923077,2025
317,토,23,하차,184.01923076923077,2025
402,일,0,승차,7.403846153846154,2025
402,일,0,하차,4.538461538461538,2025
402,일,1,승차,0.11538461538461539,2025
402,일,1,하차,0.057692307692307696,2025
402,일,2,승차,0.038461538461538464,2025
402,일,2,하차,0.1346153846153846,2025
402,일,3,승차,0.0,2025
402,일,3,하차,0.0,2025
402,일,4,승차,0.4807692307692308,2025
402,일,4,하차,0.3269230769230769,2025
402,일,5,승차,25.846153846153847,2025
402,일,5,하차,29.403846153846153,2025
402,일,6,승차,27.03846153846154,2025
402,일,6,하차,74.88461538461539,2025
402,일,7,승차,35.92307692307692,2025
402,일,7,하차,72.46153846153847,2025
402,일,8,승차,49.67307692307692,2025
402,일,8,하차,72.6923076923077,2025
402,일,9,승차,61.86538461538461,2025
402,일,9,하차,90.98076923076923,2025
402,일,10,승차,67.84615384615384,2025
402,일,10,하차,84.73076923076923,2025
402,일,11,승차,89.26923076923077,2025
402,일,11,하차,107.71153846153847,2025
402,일,12,승차,89.15384615384616,2025
402,일,12,하차,100.51923076923077,2025
402,일,13,승차,108.76923076923077,2025
402,일,13,하차,110.34615384615384,2025
402,일,14,승차,109.48076923076923,2025
402,일,14,하차,98.40384615384616,2025
402,일,15,승차,107.86538461538461,2025
402,일,15,하차,104.21153846153847,2025
402,일,16,승차,111.26923076923077,2025
402,일,16,하차,113.01923076923077,2025
402,일,17,승차,108.92307692307692,2025
402,일,17,하차,111.3076923076923,2025
402,일,18,승차,101.78846153846153,2025
402,일,18,하차,97.13461538461539,2025
402,일,19,승차,100.9423076923077,2025
402,일,19,하차,71.25,2025
402,일,20,승차,86.86538461538461,2025
402,일,20,하차,50.01923076923077,2025
402,일,21,승차,64.59615384615384,2025
402,일,21,하차,34.0,2025
402,일,22,승차,50.21153846153846,2025
402,일,22,하차,21.98076923076923,2025
402,일,23,승차,28.884615384615383,2025
402,일,23,하차,17.0,2025
402,주중,0,승차,9.60919540229885,2025
402,주중,0,하차,5.846743295019157,2025
402,주중,1,승차,0.26053639846743293,2025
402,주중,1,하차,0.14942528735632185,2025
402,주중,2,승차,0.12643678160919541,2025
402,주중,2,하차,0.9080459770114943,2025
402,주중,3,승차,0.10727969348659004,2025
402,주중,3,하차,0.524904214559387,2025
402,주중,4,승차,0.5440613026819924,2025
402,주중,4,하차,0.27586206896551724,2025
402,주중,5,승차,31.957854406130267,2025
402,주중,5,하차,35.32567049808429,2025
402,주중,6,승차,61.32183908045977,2025
402,주중,6,하차,60.14942528735632,2025
402,주중,7,승차,127.93486590038314,2025
402,주중,7,하차,127.44061302681992,2025
402,주중,8,승차,183.71647509578543,2025
402,주중,8,하차,241.26436781609195,2025
402,주중,9,승차,138.81992337164752,2025
402,주중,9,하차,187.18773946360153,2025
402,주중,10,승차,151.2375478927203,2025
402,주중,10,하차,168.1992337164751,2025
402,주중,11,승차,180.17241379310346,2025
402,주중,11,하차,171.40613026819923,2025
402,주중,12,승차,169.2375478927203,2025
402,주중,12,하차,144.13793103448276,2025
402,주중,13,승차,164.2528735632184,2025
402,주중,13,하차,163.455938697318,2025
402,주중,14,승차,179.32950191570882,2025
402,주중,14,하차,164.24521072796935,2025
402,주중,15,승차,194.77394636015325,2025
402,주중,15,하차,161.13409961685824,2025
402,주중,16,승차,187.56704980842912,2025
402,주중,16,하차,179.29501915708812,2025
402,주중,17,승차,185.1992337164751,2025
402,주중,17,하차,222.75478927203065,2025
402,주중,18,승차,162.67049808429118,2025
402,주중,18,하차,254.41379310344828,2025
402,주중,19,승차,94.39463601532567,2025
402,주중,19,하차,105.455938697318,2025
402,주중,20,승차,78.15325670498085,2025
402,주중,20,하차,67.36781609195403,2025
402,주중,21,승차,74.3103448275862,2025
402,주중,21,하차,44.632183908045974,2025
402,주중,22,승차,60.36015325670498,2025
402,주중,22,하차,31.65134099616858,2025
402,주중,23,승차,38.81992337164751,2025
402,주중,23,하차,21.735632183908045,2025
402,토,0,승차,10.923076923076923,2025
402,토,0,하차,6.75,2025
402,토,1,승차,0.019230769230769232,2025
402,토,1,하차,0.0,2025
402,토,2,승차,0.0,2025
402,토,2,하차,0.019230769230769232,2025
402,토,3,승차,0.038461538461538464,2025
402,토,3,하차,0.25,2025
402,토,4,승차,0.46153846153846156,2025
402,토,4,하차,0.15384615384615385,2025
402,토,5,승차,31.03846153846154,2025
402,토,5,하차,43.36538461538461,2025
402,토,6,승차,35.0,2025
402,토,6,하차,83.32692307692308,2025
402,토,7,승차,57.88461538461539,2025
402,토,7,하차,110.73076923076923,2025
402,토,8,승차,91.40384615384616,2025
402,토,8,하차,151.46153846153845,2025
402,토,9,승차,111.61538461538461,2025
402,토,9,하차,148.26923076923077,2025
402,토,10,승차,132.55769230769232,2025
402,토,10,하차,154.59615384615384,2025
402,토,11,승차,150.96153846153845,2025
402,토,11,하차,167.90384615384616,2025
402,토,12,승차,174.05769230769232,2025
402,토,12,하차,151.51923076923077,2025
402,토,13,승차,158.32692307692307,2025
402,토,13,하차,141.1346153846154,2025
402,토,14,승차,137.09615384615384,2025
402,토,14,하차,127.34615384615384,2025
402,토,15,승차,128.48076923076923,2025
402,토,15,하차,133.84615384615384,2025
402,토,16,승차,137.90384615384616,2025
402,토,16,하차,175.48076923076923,2025
402,토,17,승차,131.32692307692307,2025
402,토,17,하차,214.73076923076923,2025
402,토,18,승차,107.48076923076923,2025
402,토,18,하차,164.90384615384616,2025
402,토,19,승차,93.40384615384616,2025
402,토,19,하차,101.36538461538461,2025
402,토,20,승차,96.28846153846153,2025
402,토,20,하차,72.51923076923077,2025
402,토,21,승차,94.92307692307692,2025
402,토,21,하차,46.71153846153846,2025
402,토,22,승차,76.96153846153847,2025
402,토,22,하차,31.865384615384617,2025
402,토,23,승차,56.26923076923077,2025
402,토,23,하차,23.365384615384617,2025
403,일,0,승차,5.384615384615385,2025
403,일,0,하차,4.480769230769231,2025
403,일,1,승차,0.038461538461538464,2025
403,일,1,하차,0.0,2025
403,일,2,승차,0.038461538461538464,2025
403,일,2,하차,0.057692307692307696,2025
403,일,3,승차,0.0,2025
403,일,3,하차,0.0,2025
403,일,4,승차,0.21153846153846154,2025
403,일,4,하차,0.17307692307692307,2025
403,일,5,승차,25.03846153846154,2025
403,일,5,하차,15.211538461538462,2025
403,일,6,승차,27.03846153846154,2025
403,일,6,하차,26.884615384615383,2025
403,일,7,승차,38.48076923076923,2025
403,일,7,하차,41.57692307692308,2025
403,일,8,승차,61.80769230769231,2025
403,일,8,하차,77.40384615384616,2025
403,일,9,승차,81.84615384615384,2025
403,일,9,하차,114.73076923076923,2025
403,일,10,승차,93.9423076923077,2025
403,일,10,하차,180.5,2025
403,일,11,승차,119.67307692307692,2025
403,일,11,하차,208.6346153846154,2025
403,일,12,승차,167.3846153846154,2025
403,일,12,하차,301.46153846153845,2025
403,일,13,승차,177.09615384615384,2025
403,일,13,하차,250.40384615384616,2025
403,일,14,승차,202.73076923076923,2025
403,일,14,하차,189.3846153846154,2025
403,일,15,승차,250.73076923076923,2025
403,일,15,하차,150.26923076923077,2025
403,일,16,승차,254.59615384615384,2025
403,일,16,하차,163.25,2025
403,일,17,승차,211.19230769230768,2025
403,일,17,하차,143.80769230769232,2025
403,일,18,승차,155.65384615384616,2025
403,일,18,하차,105.01923076923077,2025
403,일,19,승차,115.03846153846153,2025
403,일,19,하차,65.0576923076923,2025
403,일,20,승차,72.71153846153847,2025
403,일,20,하차,41.63461538461539,2025
403,일,21,승차,51.69230769230769,2025
403,일,21,하차,29.076923076923077,2025
403,일,22,승차,32.82692307692308,2025
403,일,22,하차,21.442307692307693,2025
403,일,23,승차,17.192307692307693,2025
403,일,23,하차,13.942307692307692,2025
403,주중,0,승차,6.471264367816092,2025
403,주중,0,하차,5.21455938697318,2025
403,주중,1,승차,0.14559386973180077,2025
403,주중,1,하차,0.24521072796934865,2025
403,주중,2,승차,0.09578544061302682,2025
403,주중,2,하차,0.3831417624521073,2025
403,주중,3,승차,0.007662835249042145,2025
403,주중,3,하차,0.1417624521072797,2025
403,주중,4,승차,0.21455938697318008,2025
403,주중,4,하차,0.18773946360153257,2025
403,주중,5,승차,42.42911877394636,2025
403,주중,5,하차,35.40996168582375,2025
403,주중,6,승차,86.46360153256705,2025
403,주중,6,하차,56.475095785440615,2025
403,주중,7,승차,172.34865900383141,2025
403,주중,7,하차,153.088122605364,2025
403,주중,8,승차,212.088122605364,2025
403,주중,8,하차,551.4329501915709,2025
403,주중,9,승차,190.68199233716476,2025
403,주중,9,하차,431.59003831417624,2025
403,주중,10,승차,282.8582375478927,2025
403,주중,10,하차,342.3486590038314,2025
403,주중,11,승차,348.30268199233717,2025
403,주중,11,하차,370.6666666666667,2025
403,주중,12,승차,335.088122605364,2025
403,주중,12,하차,403.9501915708812,2025
403,주중,13,승차,327.49808429118775,2025
403,주중,13,하차,414.02298850574715,2025
403,주중,14,승차,364.62835249042143,2025
403,주중,14,하차,358.6551724137931,2025
403,주중,15,승차,434.57088122605364,2025
403,주중,15,하차,292.65900383141764,2025
403,주중,16,승차,433.36015325670496,2025
403,주중,16,하차,284.8199233716475,2025
403,주중,17,승차,409.5593869731801,2025
403,주중,17,하차,301.42528735632186,2025
403,주중,18,승차,338.0727969348659,2025
403,주중,18,하차,286.3333333333333,2025
403,주중,19,승차,147.31034482758622,2025
403,주중,19,하차,116.5478927203065,2025
403,주중,20,승차,106.13793103448276,2025
403,주중,20,하차,62.53639846743295,2025
403,주중,21,승차,81.1455938697318,2025
403,주중,21,하차,43.86590038314176,2025
403,주중,22,승차,50.30268199233716,2025
403,주중,22,하차,27.337164750957854,2025
403,주중,23,승차,25.007662835249043,2025
403,주중,23,하차,18.31800766283525,2025
403,토,0,승차,7.826923076923077,2025
403,토,0,하차,5.576923076923077,2025
403,토,1,승차,0.11538461538461539,2025
403,토,1,하차,0.07692307692307693,2025
403,토,2,승차,0.019230769230769232,2025
403,토,2,하차,0.21153846153846154,2025
403,토,3,승차,0.019230769230769232,2025
403,토,3,하차,0.07692307692307693,2025
403,토,4,승차,0.15384615384615385,2025
403,토,4,하차,0.25,2025
403,토,5,승차,32.78846153846154,2025
403,토,5,하차,24.826923076923077,2025
403,토,6,승차,46.51923076923077,2025
403,토,6,하차,36.67307692307692,2025
403,토,7,승차,60.80769230769231,2025
403,토,7,하차,65.73076923076923,2025
403,토,8,승차,107.82692307692308,2025
403,토,8,하차,200.82692307692307,2025
403,토,9,승차,127.53846153846153,2025
403,토,9,하차,243.30769230769232,2025
403,토,10,승차,189.6153846153846,2025
403,토,10,하차,267.65384615384613,2025
403,토,11,승차,244.94230769230768,2025
403,토,11,하차,364.8076923076923,2025
403,토,12,승차,285.59615384615387,2025
403,토,12,하차,413.40384615384613,2025
403,토,13,승차,278.71153846153845,2025
403,토,13,하차,338.0192307692308,2025
403,토,14,승차,287.53846153846155,2025
403,토,14,하차,240.09615384615384,2025
403,토,15,승차,300.53846153846155,2025
403,토,15,하차,203.92307692307693,2025
403,토,16,승차,315.63461538461536,2025
403,토,16,하차,205.82692307692307,2025
403,토,17,승차,272.11538461538464,2025
403,토,17,하차,234.82692307692307,2025
403,토,18,승차,195.3653846153846,2025
403,토,18,하차,160.48076923076923,2025
403,토,19,승차,134.19230769230768,2025
403,토,19,하차,86.34615384615384,2025
403,토,20,승차,99.9423076923077,2025
403,토,20,하차,53.11538461538461,2025
403,토,21,승차,78.28846153846153,2025
403,토,21,하차,41.40384615384615,2025
403,토,22,승차,49.51923076923077,2025
403,토,22,하차,27.384615384615383,2025
403,토,23,승차,30.576923076923077,2025
403,토,23,하차,19.923076923076923,2025
404,일,0,승차,1.8269230769230769,2025
404,일,0,하차,4.0576923076923075,2025
404,일,1,승차,0.0,2025
404,일,1,하차,0.0,2025
404,일,2,승차,0.0,2025
404,일,2,하차,0.0,2025
404,일,3,승차,0.0,2025
404,일,3,하차,0.0,2025
404,일,4,승차,0.19230769230769232,2025
404,일,4,하차,0.17307692307692307,2025
404,일,5,승차,27.557692307692307,2025
404,일,5,하차,13.461538461538462,2025
404,일,6,승차,33.26923076923077,2025
404,일,6,하차,20.48076923076923,2025
404,일,7,승차,43.48076923076923,2025
404,일,7,하차,29.403846153846153,2025
404,일,8,승차,64.21153846153847,2025
404,일,8,하차,55.07692307692308,2025
404,일,9,승차,69.3076923076923,2025
404,일,9,하차,43.23076923076923,2025
404,일,10,승차,74.23076923076923,2025
404,일,10,하차,63.17307692307692,2025
404,일,11,승차,71.42307692307692,2025
404,일,11,하차,61.42307692307692,2025
404,일,12,승차,66.5576923076923,2025
404,일,12,하차,79.76923076923077,2025
404,일,13,승차,79.6923076923077,2025
404,일,13,하차,78.23076923076923,2025
404,일,14,승차,69.48076923076923,2025
404,일,14,하차,80.15384615384616,2025
404,일,15,승차,74.92307692307692,2025
404,일,15,하차,79.42307692307692,2025
404,일,16,승차,96.57692307692308,2025
404,일,16,하차,82.65384615384616,2025
404,일,17,승차,64.59615384615384,2025
404,일,17,하차,77.32692307692308,2025
404,일,18,승차,56.94230769230769,2025
404,일,18,하차,74.59615384615384,2025
404,일,19,승차,37.75,2025
404,일,19,하차,56.46153846153846,2025
404,일,20,승차,18.942307692307693,2025
404,일,20,하차,41.57692307692308,2025
404,일,21,승차,14.461538461538462,2025
404,일,21,하차,32.63461538461539,2025
404,일,22,승차,11.807692307692308,2025
404,일,22,하차,19.71153846153846,2025
404,일,23,승차,5.923076923076923,2025
404,일,23,하차,17.423076923076923,2025
404,주중,0,승차,2.1226053639846745,2025
404,주중,0,하차,5.272030651340996,2025
404,주중,1,승차,0.03065134099616858,2025
404,주중,1,하차,0.07662835249042145,2025
404,주중,2,승차,0.011494252873563218,2025
404,주중,2,하차,0.022988505747126436,2025
404,주중,3,승차,0.007662835249042145,2025
404,주중,3,하차,0.007662835249042145,2025
404,주중,4,승차,0.3218390804597701,2025
404,주중,4,하차,0.2222222222222222,2025
404,주중,5,승차,48.53256704980843,2025
404,주중,5,하차,28.50191570881226,2025
404,주중,6,승차,79.65900383141762,2025
404,주중,6,하차,40.91570881226053,2025
404,주중,7,승차,163.13793103448276,2025
404,주중,7,하차,86.62452107279694,2025
404,주중,8,승차,199.51340996168582,2025
404,주중,8,하차,247.51340996168582,2025
404,주중,9,승차,124.37931034482759,2025
404,주중,9,하차,108.06513409961686,2025
404,주중,10,승차,107.32567049808429,2025
404,주중,10,하차,88.31417624521073,2025
404,주중,11,승차,116.56704980842912,2025
404,주중,11,하차,90.2183908045977,2025
404,주중,12,승차,111.5823754789272,2025
404,주중,12,하차,120.46743295019157,2025
404,주중,13,승차,110.77777777777777,2025
404,주중,13,하차,109.57854406130268,2025
404,주중,14,승차,101.45977011494253,2025
404,주중,14,하차,115.32183908045977,2025
404,주중,15,승차,121.98850574712644,2025
404,주중,15,하차,116.02681992337165,2025
404,주중,16,승차,180.9808429118774,2025
404,주중,16,하차,135.64367816091954,2025
404,주중,17,승차,127.79693486590038,2025
404,주중,17,하차,158.70498084291188,2025
404,주중,18,승차,117.1264367816092,2025
404,주중,18,하차,173.64367816091954,2025
404,주중,19,승차,55.95785440613027,2025
404,주중,19,하차,86.68199233716476,2025
404,주중,20,승차,31.306513409961685,2025
404,주중,20,하차,53.81992337164751,2025
404,주중,21,승차,22.532567049808428,2025
404,주중,21,하차,46.27969348659004,2025
404,주중,22,승차,11.559386973180077,2025
404,주중,22,하차,27.56704980842912,2025
404,주중,23,승차,7.383141762452107,2025
404,주중,23,하차,21.54022988505747,2025
404,토,0,승차,2.2884615384615383,2025
404,토,0,하차,5.423076923076923,2025
404,토,1,승차,0.057692307692307696,2025
404,토,1,하차,0.0,2025
404,토,2,승차,0.019230769230769232,2025
404,토,2,하차,0.057692307692307696,2025
404,토,3,승차,0.0,2025
404,토,3,하차,0.019230769230769232,2025
404,토,4,승차,0.3076923076923077,2025
404,토,4,하차,0.07692307692307693,2025
404,토,5,승차,37.5,2025
404,토,5,하차,22.557692307692307,2025
404,토,6,승차,47.19230769230769,2025
404,토,6,하차,32.15384615384615,2025
404,토,7,승차,68.1923076923077,2025
404,토,7,하차,41.55769230769231,2025
404,토,8,승차,91.4423076923077,2025
404,토,8,하차,63.86538461538461,2025
404,토,9,승차,92.59615384615384,2025
404,토,9,하차,73.1923076923077,2025
404,토,10,승차,94.88461538461539,2025
404,토,10,하차,72.90384615384616,2025
404,토,11,승차,114.34615384615384,2025
404,토,11,하차,83.5,2025
404,토,12,승차,93.07692307692308,2025
404,토,12,하차,115.11538461538461,2025
404,토,13,승차,92.25,2025
404,토,13,하차,101.98076923076923,2025
404,토,14,승차,79.82692307692308,2025
404,토,14,하차,95.92307692307692,2025
404,토,15,승차,86.61538461538461,2025
404,토,15,하차,88.38461538461539,2025
404,토,16,승차,106.42307692307692,2025
404,토,16,하차,102.21153846153847,2025
404,토,17,승차,85.42307692307692,2025
404,토,17,하차,99.32692307692308,2025
404,토,18,승차,63.57692307692308,2025
404,토,18,하차,79.90384615384616,2025
404,토,19,승차,40.5,2025
404,토,19,하차,58.73076923076923,2025
404,토,20,승차,21.23076923076923,2025
404,토,20,하차,43.92307692307692,2025
404,토,21,승차,18.03846153846154,2025
404,토,21,하차,40.90384615384615,2025
404,토,22,승차,14.192307692307692,2025
404,토,22,하차,29.307692307692307,2025
404,토,23,승차,7.115384615384615,2025
404,토,23,하차,23.21153846153846,2025
405,일,0,승차,3.519230769230769,2025
405,일,0,하차,8.846153846153847,2025
405,일,1,승차,0.0,2025
405,일,1,하차,0.019230769230769232,2025
405,일,2,승차,0.0,2025
405,일,2,하차,0.0,2025
405,일,3,승차,0.0,2025
405,일,3,하차,0.0,2025
405,일,4,승차,0.8846153846153846,2025
405,일,4,하차,0.5192307692307693,2025
405,일,5,승차,50.34615384615385,2025
405,일,5,하차,27.865384615384617,2025
405,일,6,승차,54.78846153846154,2025
405,일,6,하차,47.30769230769231,2025
405,일,7,승차,63.96153846153846,2025
405,일,7,하차,42.96153846153846,2025
405,일,8,승차,97.6923076923077,2025
405,일,8,하차,76.76923076923077,2025
405,일,9,승차,124.76923076923077,2025
405,일,9,하차,121.21153846153847,2025
405,일,10,승차,144.84615384615384,2025
405,일,10,하차,152.42307692307693,2025
405,일,11,승차,152.01923076923077,2025
405,일,11,하차,147.19230769230768,2025
405,일,12,승차,190.6346153846154,2025
405,일,12,하차,151.96153846153845,2025
405,일,13,승차,182.1153846153846,2025
405,일,13,하차,164.55769230769232,2025
405,일,14,승차,153.25,2025
405,일,14,하차,165.73076923076923,2025
405,일,15,승차,159.01923076923077,2025
405,일,15,하차,183.48076923076923,2025
405,일,16,승차,140.0,2025
405,일,16,하차,204.17307692307693,2025
405,일,17,승차,137.23076923076923,2025
405,일,17,하차,199.15384615384616,2025
405,일,18,승차,115.96153846153847,2025
405,일,18,하차,151.82692307692307,2025
405,일,19,승차,87.78846153846153,2025
405,일,19,하차,101.51923076923077,2025
405,일,20,승차,59.67307692307692,2025
405,일,20,하차,69.76923076923077,2025
405,일,21,승차,47.76923076923077,2025
405,일,21,하차,49.82692307692308,2025
405,일,22,승차,30.634615384615383,2025
405,일,22,하차,31.48076923076923,2025
405,일,23,승차,17.576923076923077,2025
405,일,23,하차,20.78846153846154,2025
405,주중,0,승차,5.183908045977011,2025
405,주중,0,하차,11.344827586206897,2025
405,주중,1,승차,0.08045977011494253,2025
405,주중,1,하차,0.09578544061302682,2025
405,주중,2,승차,0.007662835249042145,2025
405,주중,2,하차,0.10344827586206896,2025
405,주중,3,승차,0.0,2025
405,주중,3,하차,0.038314176245210725,2025
405,주중,4,승차,1.0268199233716475,2025
405,주중,4,하차,0.6130268199233716,2025
405,주중,5,승차,83.26053639846744,2025
405,주중,5,하차,34.54022988505747,2025
405,주중,6,승차,119.4521072796935,2025
405,주중,6,하차,69.7088122605364,2025
405,주중,7,승차,257.0191570881226,2025
405,주중,7,하차,145.94252873563218,2025
405,주중,8,승차,297.11877394636014,2025
405,주중,8,하차,310.8582375478927,2025
405,주중,9,승차,231.69731800766283,2025
405,주중,9,하차,262.00766283524905,2025
405,주중,10,승차,260.88122605363986,2025
405,주중,10,하차,224.632183908046,2025
405,주중,11,승차,293.82758620689657,2025
405,주중,11,하차,248.71264367816093,2025
405,주중,12,승차,263.18390804597703,2025
405,주중,12,하차,247.51724137931035,2025
405,주중,13,승차,245.8544061302682,2025
405,주중,13,하차,287.4367816091954,2025
405,주중,14,승차,238.816091954023,2025
405,주중,14,하차,250.4750957854406,2025
405,주중,15,승차,245.2911877394636,2025
405,주중,15,하차,287.57471264367814,2025
405,주중,16,승차,229.90038314176246,2025
405,주중,16,하차,320.6858237547893,2025
405,주중,17,승차,278.4942528735632,2025
405,주중,17,하차,359.04597701149424,2025
405,주중,18,승차,210.8735632183908,2025
405,주중,18,하차,357.55555555555554,2025
405,주중,19,승차,109.90421455938697,2025
405,주중,19,하차,153.360153256705,2025
405,주중,20,승차,89.1264367816092,2025
405,주중,20,하차,99.87739463601532,2025
405,주중,21,승차,72.26053639846744,2025
405,주중,21,하차,67.59386973180077,2025
405,주중,22,승차,44.32950191570881,2025
405,주중,22,하차,45.934865900383144,2025
405,주중,23,승차,27.011494252873565,2025
405,주중,23,하차,26.99616858237548,2025
405,토,0,승차,5.288461538461538,2025
405,토,0,하차,15.0,2025
405,토,1,승차,0.019230769230769232,2025
405,토,1,하차,0.0,2025
405,토,2,승차,0.0,2025
405,토,2,하차,0.019230769230769232,2025
405,토,3,승차,0.0,2025
405,토,3,하차,0.0,2025
405,토,4,승차,0.9615384615384616,2025
405,토,4,하차,0.5769230769230769,2025
405,토,5,승차,73.46153846153847,2025
405,토,5,하차,30.576923076923077,2025
405,토,6,승차,78.88461538461539,2025
405,토,6,하차,53.34615384615385,2025
405,토,7,승차,123.76923076923077,2025
405,토,7,하차,77.26923076923077,2025
405,토,8,승차,156.03846153846155,2025
405,토,8,하차,135.57692307692307,2025
405,토,9,승차,162.5,2025
405,토,9,하차,142.5,2025
405,토,10,승차,194.78846153846155,2025
405,토,10,하차,154.3653846153846,2025
405,토,11,승차,223.34615384615384,2025
405,토,11,하차,201.28846153846155,2025
405,토,12,승차,226.92307692307693,2025
405,토,12,하차,230.6346153846154,2025
405,토,13,승차,213.09615384615384,2025
405,토,13,하차,214.34615384615384,2025
405,토,14,승차,168.34615384615384,2025
405,토,14,하차,200.40384615384616,2025
405,토,15,승차,174.15384615384616,2025
405,토,15,하차,203.44230769230768,2025
405,토,16,승차,173.78846153846155,2025
405,토,16,하차,272.15384615384613,2025
405,토,17,승차,179.23076923076923,2025
405,토,17,하차,296.84615384615387,2025
405,토,18,승차,132.48076923076923,2025
405,토,18,하차,209.28846153846155,2025
405,토,19,승차,111.46153846153847,2025
405,토,19,하차,120.53846153846153,2025
405,토,20,승차,91.0,2025
405,토,20,하차,88.61538461538461,2025
405,토,21,승차,70.38461538461539,2025
405,토,21,하차,64.28846153846153,2025
405,토,22,승차,49.32692307692308,2025
405,토,22,하차,47.53846153846154,2025
405,토,23,승차,29.192307692307693,2025
405,토,23,하차,34.86538461538461,2025
406,일,0,승차,2.8461538461538463,2025
406,일,0,하차,14.346153846153847,2025
406,일,1,승차,0.038461538461538464,2025
406,일,1,하차,0.09615384615384616,2025
406,일,2,승차,0.0,2025
406,일,2,하차,0.0,2025
406,일,3,승차,0.0,2025
406,일,3,하차,0.0,2025
406,일,4,승차,0.6153846153846154,2025
406,일,4,하차,1.2884615384615385,2025
406,일,5,승차,65.61538461538461,2025
406,일,5,하차,10.48076923076923,2025
406,일,6,승차,66.15384615384616,2025
406,일,6,하차,30.01923076923077,2025
406,일,7,승차,83.9423076923077,2025
406,일,7,하차,29.115384615384617,2025
406,일,8,승차,135.6346153846154,2025
406,일,8,하차,46.34615384615385,2025
406,일,9,승차,169.1346153846154,2025
406,일,9,하차,75.23076923076923,2025
406,일,10,승차,169.92307692307693,2025
406,일,10,하차,90.09615384615384,2025
406,일,11,승차,172.3653846153846,2025
406,일,11,하차,97.57692307692308,2025
406,일,12,승차,163.96153846153845,2025
406,일,12,하차,105.65384615384616,2025
406,일,13,승차,161.5,2025
406,일,13,하차,128.8846153846154,2025
406,일,14,승차,135.34615384615384,2025
406,일,14,하차,132.78846153846155,2025
406,일,15,승차,116.48076923076923,2025
406,일,15,하차,177.96153846153845,2025
406,일,16,승차,106.98076923076923,2025
406,일,16,하차,200.26923076923077,2025
406,일,17,승차,96.53846153846153,2025
406,일,17,하차,194.69230769230768,2025
406,일,18,승차,72.63461538461539,2025
406,일,18,하차,151.34615384615384,2025
406,일,19,승차,49.48076923076923,2025
406,일,19,하차,119.48076923076923,2025
406,일,20,승차,36.65384615384615,2025
406,일,20,하차,97.5,2025
406,일,21,승차,24.78846153846154,2025
406,일,21,하차,71.17307692307692,2025
406,일,22,승차,17.442307692307693,2025
406,일,22,하차,53.51923076923077,2025
406,일,23,승차,11.5,2025
406,일,23,하차,27.942307692307693,2025
406,주중,0,승차,3.3256704980842913,2025
406,주중,0,하차,18.00383141762452,2025
406,주중,1,승차,0.06130268199233716,2025
406,주중,1,하차,0.11494252873563218,2025
406,주중,2,승차,0.022988505747126436,2025
406,주중,2,하차,0.09578544061302682,2025
406,주중,3,승차,0.0,2025
406,주중,3,하차,0.01532567049808429,2025
406,주중,4,승차,0.7432950191570882,2025
406,주중,4,하차,1.3026819923371646,2025
406,주중,5,승차,105.67432950191571,2025
406,주중,5,하차,16.528735632183906,2025
406,주중,6,승차,148.7088122605364,2025
406,주중,6,하차,52.04597701149425,2025
406,주중,7,승차,340.81609195402297,2025
406,주중,7,하차,106.47892720306514,2025
406,주중,8,승차,443.4176245210728,2025
406,주중,8,하차,212.07662835249042,2025
406,주중,9,승차,282.7662835249042,2025
406,주중,9,하차,120.02681992337165,2025
406,주중,10,승차,230.04597701149424,2025
406,주중,10,하차,139.272030651341,2025
406,주중,11,승차,211.51724137931035,2025
406,주중,11,하차,179.47892720306513,2025
406,주중,12,승차,229.83908045977012,2025
406,주중,12,하차,173.03831417624522,2025
406,주중,13,승차,232.727969348659,2025
406,주중,13,하차,186.6206896551724,2025
406,주중,14,승차,182.3448275862069,2025
406,주중,14,하차,190.73563218390805,2025
406,주중,15,승차,162.72413793103448,2025
406,주중,15,하차,273.28735632183907,2025
406,주중,16,승차,185.22605363984675,2025
406,주중,16,하차,305.9808429118774,2025
406,주중,17,승차,204.98467432950193,2025
406,주중,17,하차,325.2490421455939,2025
406,주중,18,승차,172.639846743295,2025
406,주중,18,하차,367.18773946360153,2025
406,주중,19,승차,71.97318007662835,2025
406,주중,19,하차,178.9655172413793,2025
406,주중,20,승차,51.77777777777778,2025
406,주중,20,하차,124.00766283524904,2025
406,주중,21,승차,42.47892720306513,2025
406,주중,21,하차,92.44827586206897,2025
406,주중,22,승차,24.402298850574713,2025
406,주중,22,하차,66.24137931034483,2025
406,주중,23,승차,16.195402298850574,2025
406,주중,23,하차,40.57088122605364,2025
406,토,0,승차,3.6346153846153846,2025
406,토,0,하차,23.75,2025
406,토,1,승차,0.038461538461538464,2025
406,토,1,하차,0.0,2025
406,토,2,승차,0.0,2025
406,토,2,하차,0.1346153846153846,2025
406,토,3,승차,0.019230769230769232,2025
406,토,3,하차,0.038461538461538464,2025
406,토,4,승차,0.6153846153846154,2025
406,토,4,하차,1.1346153846153846,2025
406,토,5,승차,91.90384615384616,2025
406,토,5,하차,14.096153846153847,2025
406,토,6,승차,99.53846153846153,2025
406,토,6,하차,43.05769230769231,2025
406,토,7,승차,155.09615384615384,2025
406,토,7,하차,47.55769230769231,2025
406,토,8,승차,206.3653846153846,2025
406,토,8,하차,90.86538461538461,2025
406,토,9,승차,208.59615384615384,2025
406,토,9,하차,96.96153846153847,2025
406,토,10,승차,220.75,2025
406,토,10,하차,109.61538461538461,2025
406,토,11,승차,230.8846153846154,2025
406,토,11,하차,151.07692307692307,2025
406,토,12,승차,219.84615384615384,2025
406,토,12,하차,168.42307692307693,2025
406,토,13,승차,195.84615384615384,2025
406,토,13,하차,173.57692307692307,2025
406,토,14,승차,156.69230769230768,2025
406,토,14,하차,168.59615384615384,2025
406,토,15,승차,127.28846153846153,2025
406,토,15,하차,204.71153846153845,2025
406,토,16,승차,147.6346153846154,2025
406,토,16,하차,239.40384615384616,2025
406,토,17,승차,153.42307692307693,2025
406,토,17,하차,238.80769230769232,2025
406,토,18,승차,91.25,2025
406,토,18,하차,185.25,2025
406,토,19,승차,59.51923076923077,2025
406,토,19,하차,124.03846153846153,2025
406,토,20,승차,45.07692307692308,2025
406,토,20,하차,114.76923076923077,2025
406,토,21,승차,32.94230769230769,2025
406,토,21,하차,88.4423076923077,2025
406,토,22,승차,25.0,2025
406,토,22,하차,70.78846153846153,2025
406,토,23,승차,18.192307692307693,2025
406,토,23,하차,47.76923076923077,2025
407,일,0,승차,2.0384615384615383,2025
407,일,0,하차,5.903846153846154,2025
407,일,1,승차,0.038461538461538464,2025
407,일,1,하차,0.11538461538461539,2025
407,일,2,승차,0.0,2025
407,일,2,하차,0.0,2025
407,일,3,승차,0.0,2025
407,일,3,하차,0.0,2025
407,일,4,승차,0.6153846153846154,2025
407,일,4,하차,0.17307692307692307,2025
407,일,5,승차,40.61538461538461,2025
407,일,5,하차,11.51923076923077,2025
407,일,6,승차,43.55769230769231,2025
407,일,6,하차,36.23076923076923,2025
407,일,7,승차,53.92307692307692,2025
407,일,7,하차,32.53846153846154,2025
407,일,8,승차,83.76923076923077,2025
407,일,8,하차,39.32692307692308,2025
407,일,9,승차,100.32692307692308,2025
407,일,9,하차,64.15384615384616,2025
407,일,10,승차,114.61538461538461,2025
407,일,10,하차,80.57692307692308,2025
407,일,11,승차,127.61538461538461,2025
407,일,11,하차,87.4423076923077,2025
407,일,12,승차,128.26923076923077,2025
407,일,12,하차,87.38461538461539,2025
407,일,13,승차,119.98076923076923,2025
407,일,13,하차,108.5576923076923,2025
407,일,14,승차,97.61538461538461,2025
407,일,14,하차,117.92307692307692,2025
407,일,15,승차,83.61538461538461,2025
407,일,15,하차,146.90384615384616,2025
407,일,16,승차,85.9423076923077,2025
407,일,16,하차,152.17307692307693,2025
407,일,17,승차,77.84615384615384,2025
407,일,17,하차,138.6346153846154,2025
407,일,18,승차,65.48076923076923,2025
407,일,18,하차,110.73076923076923,2025
407,일,19,승차,44.34615384615385,2025
407,일,19,하차,83.86538461538461,2025
407,일,20,승차,40.17307692307692,2025
407,일,20,하차,62.65384615384615,2025
407,일,21,승차,25.25,2025
407,일,21,하차,39.23076923076923,2025
407,일,22,승차,17.98076923076923,2025
407,일,22,하차,27.423076923076923,2025
407,일,23,승차,14.596153846153847,2025
407,일,23,하차,15.173076923076923,2025
407,주중,0,승차,2.5057471264367814,2025
407,주중,0,하차,8.68199233716475,2025
407,주중,1,승차,0.07662835249042145,2025
407,주중,1,하차,0.07662835249042145,2025
407,주중,2,승차,0.022988505747126436,2025
407,주중,2,하차,0.16091954022988506,2025
407,주중,3,승차,0.0,2025
407,주중,3,하차,0.02681992337164751,2025
407,주중,4,승차,2.8007662835249043,2025
407,주중,4,하차,0.3333333333333333,2025
407,주중,5,승차,69.57854406130268,2025
407,주중,5,하차,19.0,2025
407,주중,6,승차,81.8735632183908,2025
407,주중,6,하차,61.888888888888886,2025
407,주중,7,승차,195.96168582375478,2025
407,주중,7,하차,190.19540229885058,2025
407,주중,8,승차,228.11494252873564,2025
407,주중,8,하차,257.4367816091954,2025
407,주중,9,승차,154.816091954023,2025
407,주중,9,하차,151.7816091954023,2025
407,주중,10,승차,159.29885057471265,2025
407,주중,10,하차,141.93103448275863,2025
407,주중,11,승차,169.35632183908046,2025
407,주중,11,하차,150.7969348659004,2025
407,주중,12,승차,173.21072796934865,2025
407,주중,12,하차,173.5632183908046,2025
407,주중,13,승차,175.38697318007664,2025
407,주중,13,하차,160.93869731800766,2025
407,주중,14,승차,159.71264367816093,2025
407,주중,14,하차,174.47892720306513,2025
407,주중,15,승차,142.37547892720306,2025
407,주중,15,하차,198.97318007662835,2025
407,주중,16,승차,146.77394636015325,2025
407,주중,16,하차,229.15325670498083,2025
407,주중,17,승차,242.20689655172413,2025
407,주중,17,하차,223.02681992337165,2025
407,주중,18,승차,215.06513409961687,2025
407,주중,18,하차,209.02681992337165,2025
407,주중,19,승차,69.06513409961686,2025
407,주중,19,하차,117.93103448275862,2025
407,주중,20,승차,49.4367816091954,2025
407,주중,20,하차,77.31800766283524,2025
407,주중,21,승차,35.73946360153257,2025
407,주중,21,하차,51.888888888888886,2025
407,주중,22,승차,23.71647509578544,2025
407,주중,22,하차,34.934865900383144,2025
407,주중,23,승차,18.153256704980844,2025
407,주중,23,하차,21.298850574712645,2025
407,토,0,승차,2.6346153846153846,2025
407,토,0,하차,9.25,2025
407,토,1,승차,0.019230769230769232,2025
407,토,1,하차,0.1346153846153846,2025
407,토,2,승차,0.0,2025
407,토,2,하차,0.057692307692307696,2025
407,토,3,승차,0.0,2025
407,토,3,하차,0.0,2025
407,토,4,승차,1.5,2025
407,토,4,하차,0.25,2025
407,토,5,승차,55.21153846153846,2025
407,토,5,하차,18.26923076923077,2025
407,토,6,승차,54.57692307692308,2025
407,토,6,하차,47.0,2025
407,토,7,승차,103.28846153846153,2025
407,토,7,하차,83.1923076923077,2025
407,토,8,승차,127.88461538461539,2025
407,토,8,하차,108.73076923076923,2025
407,토,9,승차,130.0,2025
407,토,9,하차,92.53846153846153,2025
407,토,10,승차,145.21153846153845,2025
407,토,10,하차,113.38461538461539,2025
407,토,11,승차,168.80769230769232,2025
407,토,11,하차,141.53846153846155,2025
407,토,12,승차,168.75,2025
407,토,12,하차,154.6346153846154,2025
407,토,13,승차,150.80769230769232,2025
407,토,13,하차,146.6153846153846,2025
407,토,14,승차,121.84615384615384,2025
407,토,14,하차,137.5,2025
407,토,15,승차,107.73076923076923,2025
407,토,15,하차,163.51923076923077,2025
407,토,16,승차,123.53846153846153,2025
407,토,16,하차,174.40384615384616,2025
407,토,17,승차,141.51923076923077,2025
407,토,17,하차,183.05769230769232,2025
407,토,18,승차,91.03846153846153,2025
407,토,18,하차,131.32692307692307,2025
407,토,19,승차,59.76923076923077,2025
407,토,19,하차,97.11538461538461,2025
407,토,20,승차,50.15384615384615,2025
407,토,20,하차,77.67307692307692,2025
407,토,21,승차,37.51923076923077,2025
407,토,21,하차,50.11538461538461,2025
407,토,22,승차,26.615384615384617,2025
407,토,22,하차,36.03846153846154,2025
407,토,23,승차,20.75,2025
407,토,23,하차,24.96153846153846,2025
408,일,0,승차,1.8653846153846154,2025
408,일,0,하차,4.403846153846154,2025
408,일,1,승차,0.038461538461538464,2025
408,일,1,하차,0.07692307692307693,2025
408,일,2,승차,0.057692307692307696,2025
408,일,2,하차,0.0,2025
408,일,3,승차,0.0,2025
408,일,3,하차,0.057692307692307696,2025
408,일,4,승차,0.9423076923076923,2025
408,일,4,하차,0.6923076923076923,2025
408,일,5,승차,18.807692307692307,2025
408,일,5,하차,9.461538461538462,2025
408,일,6,승차,23.173076923076923,2025
408,일,6,하차,23.903846153846153,2025
408,일,7,승차,37.07692307692308,2025
408,일,7,하차,24.442307692307693,2025
408,일,8,승차,41.55769230769231,2025
408,일,8,하차,36.01923076923077,2025
408,일,9,승차,60.19230769230769,2025
408,일,9,하차,34.25,2025
408,일,10,승차,65.5,2025
408,일,10,하차,37.34615384615385,2025
408,일,11,승차,68.1923076923077,2025
408,일,11,하차,34.34615384615385,2025
408,일,12,승차,66.40384615384616,2025
408,일,12,하차,39.80769230769231,2025
408,일,13,승차,65.46153846153847,2025
408,일,13,하차,47.0,2025
408,일,14,승차,57.75,2025
408,일,14,하차,53.88461538461539,2025
408,일,15,승차,52.40384615384615,2025
408,일,15,하차,54.17307692307692,2025
408,일,16,승차,57.53846153846154,2025
408,일,16,하차,65.21153846153847,2025
408,일,17,승차,55.98076923076923,2025
408,일,17,하차,57.51923076923077,2025
408,일,18,승차,36.21153846153846,2025
408,일,18,하차,49.05769230769231,2025
408,일,19,승차,25.76923076923077,2025
408,일,19,하차,39.69230769230769,2025
408,일,20,승차,18.307692307692307,2025
408,일,20,하차,23.153846153846153,2025
408,일,21,승차,9.961538461538462,2025
408,일,21,하차,20.78846153846154,2025
408,일,22,승차,7.826923076923077,2025
408,일,22,하차,12.23076923076923,2025
408,일,23,승차,4.326923076923077,2025
408,일,23,하차,9.057692307692308,2025
408,주중,0,승차,2.1417624521072796,2025
408,주중,0,하차,4.590038314176245,2025
408,주중,1,승차,0.10727969348659004,2025
408,주중,1,하차,0.08045977011494253,2025
408,주중,2,승차,0.0421455938697318,2025
408,주중,2,하차,0.05747126436781609,2025
408,주중,3,승차,0.011494252873563218,2025
408,주중,3,하차,0.04980842911877394,2025
408,주중,4,승차,2.467432950191571,2025
408,주중,4,하차,0.9157088122605364,2025
408,주중,5,승차,30.89272030651341,2025
408,주중,5,하차,27.486590038314176,2025
408,주중,6,승차,47.63984674329502,2025
408,주중,6,하차,90.31800766283524,2025
408,주중,7,승차,120.22605363984674,2025
408,주중,7,하차,297.40996168582376,2025
408,주중,8,승차,136.05747126436782,2025
408,주중,8,하차,369.191570881226,2025
408,주중,9,승차,108.1264367816092,2025
408,주중,9,하차,84.93486590038314,2025
408,주중,10,승차,81.29501915708812,2025
408,주중,10,하차,63.5632183908046,2025
408,주중,11,승차,100.7624521072797,2025
408,주중,11,하차,67.7088122605364,2025
408,주중,12,승차,142.01149425287358,2025
408,주중,12,하차,89.77394636015326,2025
408,주중,13,승차,124.31800766283524,2025
408,주중,13,하차,104.31417624521073,2025
408,주중,14,승차,94.74712643678161,2025
408,주중,14,하차,86.91570881226053,2025
408,주중,15,승차,107.183908045977,2025
408,주중,15,하차,81.1455938697318,2025
408,주중,16,승차,137.6168582375479,2025
408,주중,16,하차,106.80842911877394,2025
408,주중,17,승차,401.4750957854406,2025
408,주중,17,하차,113.98850574712644,2025
408,주중,18,승차,273.63984674329504,2025
408,주중,18,하차,106.89655172413794,2025
408,주중,19,승차,66.0536398467433,2025
408,주중,19,하차,55.59770114942529,2025
408,주중,20,승차,48.70498084291188,2025
408,주중,20,하차,30.275862068965516,2025
408,주중,21,승차,21.157088122605366,2025
408,주중,21,하차,27.32183908045977,2025
408,주중,22,승차,11.03831417624521,2025
408,주중,22,하차,17.038314176245212,2025
408,주중,23,승차,5.471264367816092,2025
408,주중,23,하차,10.329501915708812,2025
408,토,0,승차,1.8846153846153846,2025
408,토,0,하차,6.576923076923077,2025
408,토,1,승차,0.057692307692307696,2025
408,토,1,하차,0.0,2025
408,토,2,승차,0.019230769230769232,2025
408,토,2,하차,0.07692307692307693,2025
408,토,3,승차,0.0,2025
408,토,3,하차,0.09615384615384616,2025
408,토,4,승차,1.8653846153846154,2025
408,토,4,하차,0.75,2025
408,토,5,승차,27.115384615384617,2025
408,토,5,하차,17.115384615384617,2025
408,토,6,승차,31.53846153846154,2025
408,토,6,하차,43.0,2025
408,토,7,승차,62.40384615384615,2025
408,토,7,하차,84.0576923076923,2025
408,토,8,승차,66.57692307692308,2025
408,토,8,하차,80.09615384615384,2025
408,토,9,승차,77.40384615384616,2025
408,토,9,하차,48.53846153846154,2025
408,토,10,승차,82.71153846153847,2025
408,토,10,하차,51.94230769230769,2025
408,토,11,승차,96.67307692307692,2025
408,토,11,하차,55.61538461538461,2025
408,토,12,승차,99.53846153846153,2025
408,토,12,하차,60.17307692307692,2025
408,토,13,승차,85.42307692307692,2025
408,토,13,하차,70.5,2025
408,토,14,승차,76.11538461538461,2025
408,토,14,하차,58.17307692307692,2025
408,토,15,승차,81.34615384615384,2025
408,토,15,하차,63.09615384615385,2025
408,토,16,승차,94.86538461538461,2025
408,토,16,하차,74.13461538461539,2025
408,토,17,승차,126.53846153846153,2025
408,토,17,하차,74.4423076923077,2025
408,토,18,승차,56.65384615384615,2025
408,토,18,하차,51.19230769230769,2025
408,토,19,승차,31.057692307692307,2025
408,토,19,하차,41.65384615384615,2025
408,토,20,승차,22.596153846153847,2025
408,토,20,하차,30.71153846153846,2025
408,토,21,승차,13.461538461538462,2025
408,토,21,하차,30.076923076923077,2025
408,토,22,승차,10.01923076923077,2025
408,토,22,하차,17.46153846153846,2025
408,토,23,승차,5.961538461538462,2025
408,토,23,하차,11.653846153846153,2025
409,일,0,승차,6.403846153846154,2025
409,일,0,하차,6.384615384615385,2025
409,일,1,승차,0.1346153846153846,2025
409,일,1,하차,0.15384615384615385,2025
409,일,2,승차,0.07692307692307693,2025
409,일,2,하차,0.1346153846153846,2025
409,일,3,승차,0.0,2025
409,일,3,하차,0.07692307692307693,2025
409,일,4,승차,2.5576923076923075,2025
409,일,4,하차,2.1346153846153846,2025
409,일,5,승차,10.76923076923077,2025
409,일,5,하차,13.846153846153847,2025
409,일,6,승차,26.23076923076923,2025
409,일,6,하차,37.84615384615385,2025
409,일,7,승차,25.365384615384617,2025
409,일,7,하차,38.55769230769231,2025
409,일,8,승차,51.46153846153846,2025
409,일,8,하차,84.71153846153847,2025
409,일,9,승차,61.76923076923077,2025
409,일,9,하차,78.78846153846153,2025
409,일,10,승차,64.59615384615384,2025
409,일,10,하차,84.5576923076923,2025
409,일,11,승차,91.59615384615384,2025
409,일,11,하차,73.98076923076923,2025
409,일,12,승차,76.09615384615384,2025
409,일,12,하차,101.17307692307692,2025
409,일,13,승차,80.61538461538461,2025
409,일,13,하차,98.82692307692308,2025
409,일,14,승차,88.78846153846153,2025
409,일,14,하차,81.61538461538461,2025
409,일,15,승차,125.75,2025
409,일,15,하차,70.26923076923077,2025
409,일,16,승차,97.71153846153847,2025
409,일,16,하차,65.71153846153847,2025
409,일,17,승차,78.15384615384616,2025
409,일,17,하차,72.57692307692308,2025
409,일,18,승차,56.69230769230769,2025
409,일,18,하차,49.44230769230769,2025
409,일,19,승차,32.63461538461539,2025
409,일,19,하차,41.32692307692308,2025
409,일,20,승차,27.21153846153846,2025
409,일,20,하차,27.346153846153847,2025
409,일,21,승차,12.211538461538462,2025
409,일,21,하차,20.115384615384617,2025
409,일,22,승차,12.442307692307692,2025
409,일,22,하차,13.115384615384615,2025
409,일,23,승차,10.942307692307692,2025
409,일,23,하차,9.461538461538462,2025
409,주중,0,승차,6.850574712643678,2025
409,주중,0,하차,6.85823754789272,2025
409,주중,1,승차,0.07662835249042145,2025
409,주중,1,하차,0.09578544061302682,2025
409,주중,2,승차,0.04980842911877394,2025
409,주중,2,하차,0.1532567049808429,2025
409,주중,3,승차,0.02681992337164751,2025
409,주중,3,하차,0.09578544061302682,2025
409,주중,4,승차,3.6168582375478926,2025
409,주중,4,하차,2.4865900383141764,2025
409,주중,5,승차,19.42528735632184,2025
409,주중,5,하차,52.770114942528735,2025
409,주중,6,승차,61.67816091954023,2025
409,주중,6,하차,133.19157088122606,2025
409,주중,7,승차,104.03448275862068,2025
409,주중,7,하차,240.88505747126436,2025
409,주중,8,승차,142.63601532567048,2025
409,주중,8,하차,304.5095785440613,2025
409,주중,9,승차,108.78927203065135,2025
409,주중,9,하차,115.2911877394636,2025
409,주중,10,승차,128.83141762452107,2025
409,주중,10,하차,130.09195402298852,2025
409,주중,11,승차,148.39846743295018,2025
409,주중,11,하차,125.71264367816092,2025
409,주중,12,승차,140.66666666666666,2025
409,주중,12,하차,124.51340996168582,2025
409,주중,13,승차,129.3793103448276,2025
409,주중,13,하차,136.28735632183907,2025
409,주중,14,승차,133.06130268199234,2025
409,주중,14,하차,124.99616858237547,2025
409,주중,15,승차,145.3065134099617,2025
409,주중,15,하차,116.7624521072797,2025
409,주중,16,승차,153.31417624521072,2025
409,주중,16,하차,105.43295019157088,2025
409,주중,17,승차,231.23371647509578,2025
409,주중,17,하차,127.0727969348659,2025
409,주중,18,승차,206.03065134099617,2025
409,주중,18,하차,128.51340996168582,2025
409,주중,19,승차,59.582375478927204,2025
409,주중,19,하차,70.65517241379311,2025
409,주중,20,승차,56.96168582375479,2025
409,주중,20,하차,38.57088122605364,2025
409,주중,21,승차,28.743295019157088,2025
409,주중,21,하차,29.89272030651341,2025
409,주중,22,승차,14.440613026819923,2025
409,주중,22,하차,17.09961685823755,2025
409,주중,23,승차,11.49808429118774,2025
409,주중,23,하차,11.264367816091953,2025
409,토,0,승차,6.961538461538462,2025
409,토,0,하차,6.134615384615385,2025
409,토,1,승차,0.019230769230769232,2025
409,토,1,하차,0.019230769230769232,2025
409,토,2,승차,0.019230769230769232,2025
409,토,2,하차,0.4230769230769231,2025
409,토,3,승차,0.019230769230769232,2025
409,토,3,하차,0.1346153846153846,2025
409,토,4,승차,2.9038461538461537,2025
409,토,4,하차,2.0384615384615383,2025
409,토,5,승차,18.71153846153846,2025
409,토,5,하차,50.34615384615385,2025
409,토,6,승차,50.86538461538461,2025
409,토,6,하차,89.88461538461539,2025
409,토,7,승차,61.36538461538461,2025
409,토,7,하차,100.3076923076923,2025
409,토,8,승차,102.09615384615384,2025
409,토,8,하차,139.25,2025
409,토,9,승차,103.9423076923077,2025
409,토,9,하차,112.78846153846153,2025
409,토,10,승차,129.82692307692307,2025
409,토,10,하차,144.34615384615384,2025
409,토,11,승차,149.67307692307693,2025
409,토,11,하차,131.07692307692307,2025
409,토,12,승차,139.28846153846155,2025
409,토,12,하차,124.8076923076923,2025
409,토,13,승차,129.19230769230768,2025
409,토,13,하차,122.82692307692308,2025
409,토,14,승차,126.03846153846153,2025
409,토,14,하차,119.0,2025
409,토,15,승차,117.17307692307692,2025
409,토,15,하차,87.88461538461539,2025
409,토,16,승차,127.26923076923077,2025
409,토,16,하차,88.09615384615384,2025
409,토,17,승차,130.96153846153845,2025
409,토,17,하차,87.01923076923077,2025
409,토,18,승차,77.42307692307692,2025
409,토,18,하차,58.88461538461539,2025
409,토,19,승차,37.51923076923077,2025
409,토,19,하차,40.80769230769231,2025
409,토,20,승차,32.73076923076923,2025
409,토,20,하차,31.442307692307693,2025
409,토,21,승차,16.557692307692307,2025
409,토,21,하차,26.53846153846154,2025
409,토,22,승차,13.73076923076923,2025
409,토,22,하차,19.365384615384617,2025
409,토,23,승차,13.173076923076923,2025
409,토,23,하차,10.461538461538462,2025
410,일,0,승차,0.6923076923076923,2025
410,일,0,하차,0.5192307692307693,2025
410,일,1,승차,0.09615384615384616,2025
410,일,1,하차,0.1346153846153846,2025
410,일,2,승차,0.057692307692307696,2025
410,일,2,하차,0.038461538461538464,2025
410,일,3,승차,0.0,2025
410,일,3,하차,0.0,2025
410,일,4,승차,0.09615384615384616,2025
410,일,4,하차,0.23076923076923078,2025
410,일,5,승차,2.3846153846153846,2025
410,일,5,하차,2.2884615384615383,2025
410,일,6,승차,4.423076923076923,2025
410,일,6,하차,2.923076923076923,2025
410,일,7,승차,3.9038461538461537,2025
410,일,7,하차,2.1923076923076925,2025
410,일,8,승차,4.423076923076923,2025
410,일,8,하차,3.673076923076923,2025
410,일,9,승차,5.903846153846154,2025
410,일,9,하차,4.461538461538462,2025
410,일,10,승차,7.346153846153846,2025
410,일,10,하차,5.461538461538462,2025
410,일,11,승차,8.442307692307692,2025
410,일,11,하차,5.25,2025
410,일,12,승차,7.788461538461538,2025
410,일,12,하차,6.096153846153846,2025
410,일,13,승차,8.076923076923077,2025
410,일,13,하차,7.8076923076923075,2025
410,일,14,승차,9.403846153846153,2025
410,일,14,하차,7.365384615384615,2025
410,일,15,승차,10.961538461538462,2025
410,일,15,하차,7.0576923076923075,2025
410,일,16,승차,10.807692307692308,2025
410,일,16,하차,5.788461538461538,2025
410,일,17,승차,9.26923076923077,2025
410,일,17,하차,4.153846153846154,2025
410,일,18,승차,5.076923076923077,2025
410,일,18,하차,2.4615384615384617,2025
410,일,19,승차,3.1923076923076925,2025
410,일,19,하차,1.7307692307692308,2025
410,일,20,승차,1.2115384615384615,2025
410,일,20,하차,1.1538461538461537,2025
410,일,21,승차,0.6538461538461539,2025
410,일,21,하차,0.6346153846153846,2025
410,일,22,승차,0.4423076923076923,2025
410,일,22,하차,1.2884615384615385,2025
410,일,23,승차,0.5192307692307693,2025
410,일,23,하차,0.46153846153846156,2025
410,주중,0,승차,0.8352490421455939,2025
410,주중,0,하차,0.5440613026819924,2025
410,주중,1,승차,0.05747126436781609,2025
410,주중,1,하차,0.038314176245210725,2025
410,주중,2,승차,0.04980842911877394,2025
410,주중,2,하차,0.1417624521072797,2025
410,주중,3,승차,0.011494252873563218,2025
410,주중,3,하차,0.05747126436781609,2025
410,주중,4,승차,0.034482758620689655,2025
410,주중,4,하차,0.31800766283524906,2025
410,주중,5,승차,2.203065134099617,2025
410,주중,5,하차,3.9578544061302683,2025
410,주중,6,승차,4.823754789272031,2025
410,주중,6,하차,7.57088122605364,2025
410,주중,7,승차,9.10727969348659,2025
410,주중,7,하차,11.114942528735632,2025
410,주중,8,승차,9.17624521072797,2025
410,주중,8,하차,25.593869731800766,2025
410,주중,9,승차,8.11111111111111,2025
410,주중,9,하차,6.563218390804598,2025
410,주중,10,승차,9.187739463601533,2025
410,주중,10,하차,7.268199233716475,2025
410,주중,11,승차,14.64367816091954,2025
410,주중,11,하차,7.540229885057471,2025
410,주중,12,승차,8.39463601532567,2025
410,주중,12,하차,11.360153256704981,2025
410,주중,13,승차,8.628352490421456,2025
410,주중,13,하차,9.363984674329503,2025
410,주중,14,승차,14.210727969348659,2025
410,주중,14,하차,9.490421455938698,2025
410,주중,15,승차,32.78544061302682,2025
410,주중,15,하차,8.78544061302682,2025
410,주중,16,승차,17.81992337164751,2025
410,주중,16,하차,7.007662835249042,2025
410,주중,17,승차,15.950191570881225,2025
410,주중,17,하차,5.015325670498084,2025
410,주중,18,승차,8.724137931034482,2025
410,주중,18,하차,5.210727969348659,2025
410,주중,19,승차,3.7777777777777777,2025
410,주중,19,하차,2.0842911877394634,2025
410,주중,20,승차,2.7509578544061304,2025
410,주중,20,하차,1.4980842911877394,2025
410,주중,21,승차,1.8697318007662835,2025
410,주중,21,하차,0.9195402298850575,2025
410,주중,22,승차,0.7701149425287356,2025
410,주중,22,하차,0.89272030651341,2025
410,주중,23,승차,0.7049808429118773,2025
410,주중,23,하차,1.5555555555555556,2025
410,토,0,승차,0.7692307692307693,2025
410,토,0,하차,0.38461538461538464,2025
410,토,1,승차,0.07692307692307693,2025
410,토,1,하차,0.057692307692307696,2025
410,토,2,승차,0.019230769230769232,2025
410,토,2,하차,0.17307692307692307,2025
410,토,3,승차,0.0,2025
410,토,3,하차,0.019230769230769232,2025
410,토,4,승차,0.038461538461538464,2025
410,토,4,하차,0.23076923076923078,2025
410,토,5,승차,2.4423076923076925,2025
410,토,5,하차,3.0576923076923075,2025
410,토,6,승차,4.615384615384615,2025
410,토,6,하차,4.519230769230769,2025
410,토,7,승차,6.788461538461538,2025
410,토,7,하차,3.2115384615384617,2025
410,토,8,승차,5.326923076923077,2025
410,토,8,하차,4.75,2025
410,토,9,승차,7.653846153846154,2025
410,토,9,하차,5.096153846153846,2025
410,토,10,승차,8.807692307692308,2025
410,토,10,하차,6.673076923076923,2025
410,토,11,승차,10.673076923076923,2025
410,토,11,하차,6.730769230769231,2025
410,토,12,승차,8.865384615384615,2025
410,토,12,하차,7.423076923076923,2025
410,토,13,승차,8.326923076923077,2025
410,토,13,하차,8.365384615384615,2025
410,토,14,승차,10.153846153846153,2025
410,토,14,하차,6.8076923076923075,2025
410,토,15,승차,11.173076923076923,2025
410,토,15,하차,6.865384615384615,2025
410,토,16,승차,10.538461538461538,2025
410,토,16,하차,5.134615384615385,2025
410,토,17,승차,8.634615384615385,2025
410,토,17,하차,4.173076923076923,2025
410,토,18,승차,5.3076923076923075,2025
410,토,18,하차,3.0384615384615383,2025
410,토,19,승차,2.8461538461538463,2025
410,토,19,하차,1.7884615384615385,2025
410,토,20,승차,2.1923076923076925,2025
410,토,20,하차,1.3846153846153846,2025
410,토,21,승차,1.75,2025
410,토,21,하차,1.2307692307692308,2025
410,토,22,승차,0.36538461538461536,2025
410,토,22,하차,1.1538461538461537,2025
410,토,23,승차,0.36538461538461536,2025
410,토,23,하차,0.9423076923076923,2025
411,일,0,승차,1.5384615384615385,2025
411,일,0,하차,33.59615384615385,2025
411,일,1,승차,0.019230769230769232,2025
411,일,1,하차,0.019230769230769232,2025
411,일,2,승차,0.0,2025
411,일,2,하차,0.17307692307692307,2025
411,일,3,승차,0.0,2025
411,일,3,하차,0.0,2025
411,일,4,승차,2.1153846153846154,2025
411,일,4,하차,0.17307692307692307,2025
411,일,5,승차,38.28846153846154,2025
411,일,5,하차,5.596153846153846,2025
411,일,6,승차,49.71153846153846,2025
411,일,6,하차,41.28846153846154,2025
411,일,7,승차,62.32692307692308,2025
411,일,7,하차,39.46153846153846,2025
411,일,8,승차,95.07692307692308,2025
411,일,8,하차,54.53846153846154,2025
411,일,9,승차,130.46153846153845,2025
411,일,9,하차,56.94230769230769,2025
411,일,10,승차,144.84615384615384,2025
411,일,10,하차,68.01923076923077,2025
411,일,11,승차,151.03846153846155,2025
411,일,11,하차,75.26923076923077,2025
411,일,12,승차,141.8653846153846,2025
411,일,12,하차,80.26923076923077,2025
411,일,13,승차,122.82692307692308,2025
411,일,13,하차,108.11538461538461,2025
411,일,14,승차,122.5,2025
411,일,14,하차,110.88461538461539,2025
411,일,15,승차,118.5576923076923,2025
411,일,15,하차,148.07692307692307,2025
411,일,16,승차,116.88461538461539,2025
411,일,16,하차,138.30769230769232,2025
411,일,17,승차,100.8076923076923,2025
411,일,17,하차,133.98076923076923,2025
411,일,18,승차,71.59615384615384,2025
411,일,18,하차,127.86538461538461,2025
411,일,19,승차,43.73076923076923,2025
411,일,19,하차,101.32692307692308,2025
411,일,20,승차,32.46153846153846,2025
411,일,20,하차,94.61538461538461,2025
411,일,21,승차,21.826923076923077,2025
411,일,21,하차,75.61538461538461,2025
411,일,22,승차,13.51923076923077,2025
411,일,22,하차,69.8076923076923,2025
411,일,23,승차,7.5576923076923075,2025
411,일,23,하차,61.73076923076923,2025
411,주중,0,승차,1.5977011494252873,2025
411,주중,0,하차,35.68199233716475,2025
411,주중,1,승차,0.13026819923371646,2025
411,주중,1,하차,0.18773946360153257,2025
411,주중,2,승차,0.04597701149425287,2025
411,주중,2,하차,0.22988505747126436,2025
411,주중,3,승차,0.01532567049808429,2025
411,주중,3,하차,0.06513409961685823,2025
411,주중,4,승차,5.973180076628353,2025
411,주중,4,하차,0.20689655172413793,2025
411,주중,5,승차,80.7624521072797,2025
411,주중,5,하차,9.39080459770115,2025
411,주중,6,승차,104.63218390804597,2025
411,주중,6,하차,60.85823754789272,2025
411,주중,7,승차,224.84291187739464,2025
411,주중,7,하차,101.83908045977012,2025
411,주중,8,승차,270.37931034482756,2025
411,주중,8,하차,276.4597701149425,2025
411,주중,9,승차,187.93103448275863,2025
411,주중,9,하차,145.632183908046,2025
411,주중,10,승차,181.31034482758622,2025
411,주중,10,하차,145.4022988505747,2025
411,주중,11,승차,202.38697318007664,2025
411,주중,11,하차,161.62835249042146,2025
411,주중,12,승차,214.61302681992336,2025
411,주중,12,하차,194.4904214559387,2025
411,주중,13,승차,187.76628352490422,2025
411,주중,13,하차,169.544061302682,2025
411,주중,14,승차,192.5287356321839,2025
411,주중,14,하차,180.82758620689654,2025
411,주중,15,승차,204.5823754789272,2025
411,주중,15,하차,189.86206896551724,2025
411,주중,16,승차,253.76628352490422,2025
411,주중,16,하차,214.32950191570882,2025
411,주중,17,승차,221.00766283524905,2025
411,주중,17,하차,235.93103448275863,2025
411,주중,18,승차,166.40996168582376,2025
411,주중,18,하차,234.8927203065134,2025
411,주중,19,승차,62.20306513409962,2025
411,주중,19,하차,132.19540229885058,2025
411,주중,20,승차,44.15325670498084,2025
411,주중,20,하차,103.2183908045977,2025
411,주중,21,승차,32.1455938697318,2025
411,주중,21,하차,81.183908045977,2025
411,주중,22,승차,18.9272030651341,2025
411,주중,22,하차,74.51724137931035,2025
411,주중,23,승차,10.781609195402298,2025
411,주중,23,하차,62.63984674329502,2025
411,토,0,승차,1.3846153846153846,2025
411,토,0,하차,43.51923076923077,2025
411,토,1,승차,0.15384615384615385,2025
411,토,1,하차,0.038461538461538464,2025
411,토,2,승차,0.019230769230769232,2025
411,토,2,하차,0.17307692307692307,2025
411,토,3,승차,0.0,2025
411,토,3,하차,0.0,2025
411,토,4,승차,4.980769230769231,2025
411,토,4,하차,0.09615384615384616,2025
411,토,5,승차,64.01923076923077,2025
411,토,5,하차,8.211538461538462,2025
411,토,6,승차,69.38461538461539,2025
411,토,6,하차,50.90384615384615,2025
411,토,7,승차,115.84615384615384,2025
411,토,7,하차,53.03846153846154,2025
411,토,8,승차,157.05769230769232,2025
411,토,8,하차,130.30769230769232,2025
411,토,9,승차,172.59615384615384,2025
411,토,9,하차,103.75,2025
411,토,10,승차,184.82692307692307,2025
411,토,10,하차,101.6923076923077,2025
411,토,11,승차,198.48076923076923,2025
411,토,11,하차,126.01923076923077,2025
411,토,12,승차,195.53846153846155,2025
411,토,12,하차,132.09615384615384,2025
411,토,13,승차,162.69230769230768,2025
411,토,13,하차,156.07692307692307,2025
411,토,14,승차,146.84615384615384,2025
411,토,14,하차,133.84615384615384,2025
411,토,15,승차,145.44230769230768,2025
411,토,15,하차,162.53846153846155,2025
411,토,16,승차,178.5,2025
411,토,16,하차,162.80769230769232,2025
411,토,17,승차,169.09615384615384,2025
411,토,17,하차,167.75,2025
411,토,18,승차,109.09615384615384,2025
411,토,18,하차,135.71153846153845,2025
411,토,19,승차,57.01923076923077,2025
411,토,19,하차,106.15384615384616,2025
411,토,20,승차,41.38461538461539,2025
411,토,20,하차,98.11538461538461,2025
411,토,21,승차,28.71153846153846,2025
411,토,21,하차,86.0,2025
411,토,22,승차,18.28846153846154,2025
411,토,22,하차,80.65384615384616,2025
411,토,23,승차,11.538461538461538,2025
411,토,23,하차,76.51923076923077,2025
412,일,0,승차,3.1346153846153846,2025
412,일,0,하차,15.538461538461538,2025
412,일,1,승차,0.038461538461538464,2025
412,일,1,하차,0.057692307692307696,2025
412,일,2,승차,0.0,2025
412,일,2,하차,0.4423076923076923,2025
412,일,3,승차,0.0,2025
412,일,3,하차,0.019230769230769232,2025
412,일,4,승차,9.173076923076923,2025
412,일,4,하차,1.5192307692307692,2025
412,일,5,승차,50.21153846153846,2025
412,일,5,하차,4.038461538461538,2025
412,일,6,승차,56.51923076923077,2025
412,일,6,하차,36.53846153846154,2025
412,일,7,승차,72.96153846153847,2025
412,일,7,하차,37.55769230769231,2025
412,일,8,승차,110.42307692307692,2025
412,일,8,하차,53.51923076923077,2025
412,일,9,승차,151.65384615384616,2025
412,일,9,하차,68.34615384615384,2025
412,일,10,승차,158.15384615384616,2025
412,일,10,하차,98.09615384615384,2025
412,일,11,승차,161.84615384615384,2025
412,일,11,하차,83.46153846153847,2025
412,일,12,승차,170.1153846153846,2025
412,일,12,하차,99.78846153846153,2025
412,일,13,승차,144.09615384615384,2025
412,일,13,하차,113.63461538461539,2025
412,일,14,승차,117.23076923076923,2025
412,일,14,하차,133.17307692307693,2025
412,일,15,승차,112.40384615384616,2025
412,일,15,하차,138.26923076923077,2025
412,일,16,승차,104.48076923076923,2025
412,일,16,하차,161.1346153846154,2025
412,일,17,승차,87.73076923076923,2025
412,일,17,하차,146.73076923076923,2025
412,일,18,승차,68.1923076923077,2025
412,일,18,하차,126.75,2025
412,일,19,승차,49.09615384615385,2025
412,일,19,하차,83.34615384615384,2025
412,일,20,승차,32.36538461538461,2025
412,일,20,하차,66.63461538461539,2025
412,일,21,승차,22.442307692307693,2025
412,일,21,하차,60.46153846153846,2025
412,일,22,승차,15.096153846153847,2025
412,일,22,하차,38.11538461538461,2025
412,일,23,승차,9.557692307692308,2025
412,일,23,하차,29.634615384615383,2025
412,주중,0,승차,3.0191570881226055,2025
412,주중,0,하차,19.191570881226053,2025
412,주중,1,승차,0.09195402298850575,2025
412,주중,1,하차,0.12260536398467432,2025
412,주중,2,승차,0.038314176245210725,2025
412,주중,2,하차,0.13793103448275862,2025
412,주중,3,승차,0.011494252873563218,2025
412,주중,3,하차,0.034482758620689655,2025
412,주중,4,승차,12.846743295019158,2025
412,주중,4,하차,1.7164750957854407,2025
412,주중,5,승차,82.64367816091954,2025
412,주중,5,하차,4.697318007662835,2025
412,주중,6,승차,108.50574712643679,2025
412,주중,6,하차,54.18773946360153,2025
412,주중,7,승차,269.03065134099614,2025
412,주중,7,하차,81.5823754789272,2025
412,주중,8,승차,278.0727969348659,2025
412,주중,8,하차,159.22605363984675,2025
412,주중,9,승차,198.4904214559387,2025
412,주중,9,하차,101.34865900383141,2025
412,주중,10,승차,183.02681992337165,2025
412,주중,10,하차,129.33716475095787,2025
412,주중,11,승차,191.56704980842912,2025
412,주중,11,하차,152.55938697318007,2025
412,주중,12,승차,204.904214559387,2025
412,주중,12,하차,168.94252873563218,2025
412,주중,13,승차,188.44444444444446,2025
412,주중,13,하차,148.44444444444446,2025
412,주중,14,승차,155.04597701149424,2025
412,주중,14,하차,173.0191570881226,2025
412,주중,15,승차,142.44061302681993,2025
412,주중,15,하차,194.16858237547893,2025
412,주중,16,승차,139.88505747126436,2025
412,주중,16,하차,243.24137931034483,2025
412,주중,17,승차,160.19157088122606,2025
412,주중,17,하차,240.02681992337165,2025
412,주중,18,승차,139.088122605364,2025
412,주중,18,하차,228.16858237547893,2025
412,주중,19,승차,71.69731800766283,2025
412,주중,19,하차,127.9463601532567,2025
412,주중,20,승차,46.71647509578544,2025
412,주중,20,하차,76.10727969348659,2025
412,주중,21,승차,26.091954022988507,2025
412,주중,21,하차,74.81226053639847,2025
412,주중,22,승차,18.685823754789272,2025
412,주중,22,하차,48.616858237547895,2025
412,주중,23,승차,10.839080459770114,2025
412,주중,23,하차,33.67432950191571,2025
412,토,0,승차,3.269230769230769,2025
412,토,0,하차,25.71153846153846,2025
412,토,1,승차,0.09615384615384616,2025
412,토,1,하차,0.15384615384615385,2025
412,토,2,승차,0.0,2025
412,토,2,하차,0.11538461538461539,2025
412,토,3,승차,0.0,2025
412,토,3,하차,0.0,2025
412,토,4,승차,12.615384615384615,2025
412,토,4,하차,1.6153846153846154,2025
412,토,5,승차,75.63461538461539,2025
412,토,5,하차,5.076923076923077,2025
412,토,6,승차,75.53846153846153,2025
412,토,6,하차,43.32692307692308,2025
412,토,7,승차,129.98076923076923,2025
412,토,7,하차,55.30769230769231,2025
412,토,8,승차,155.42307692307693,2025
412,토,8,하차,86.26923076923077,2025
412,토,9,승차,186.09615384615384,2025
412,토,9,하차,105.11538461538461,2025
412,토,10,승차,205.46153846153845,2025
412,토,10,하차,114.63461538461539,2025
412,토,11,승차,208.23076923076923,2025
412,토,11,하차,141.15384615384616,2025
412,토,12,승차,198.1346153846154,2025
412,토,12,하차,149.90384615384616,2025
412,토,13,승차,179.46153846153845,2025
412,토,13,하차,156.17307692307693,2025
412,토,14,승차,140.6346153846154,2025
412,토,14,하차,153.0,2025
412,토,15,승차,130.23076923076923,2025
412,토,15,하차,169.75,2025
412,토,16,승차,144.3846153846154,2025
412,토,16,하차,194.8653846153846,2025
412,토,17,승차,147.21153846153845,2025
412,토,17,하차,182.48076923076923,2025
412,토,18,승차,99.65384615384616,2025
412,토,18,하차,137.48076923076923,2025
412,토,19,승차,65.42307692307692,2025
412,토,19,하차,94.21153846153847,2025
412,토,20,승차,42.78846153846154,2025
412,토,20,하차,74.82692307692308,2025
412,토,21,승차,28.134615384615383,2025
412,토,21,하차,77.92307692307692,2025
412,토,22,승차,21.403846153846153,2025
412,토,22,하차,55.03846153846154,2025
412,토,23,승차,13.076923076923077,2025
412,토,23,하차,45.88461538461539,2025
413,일,0,승차,2.6538461538461537,2025
413,일,0,하차,3.076923076923077,2025
413,일,1,승차,0.17307692307692307,2025
413,일,1,하차,0.07692307692307693,2025
413,일,2,승차,0.057692307692307696,2025
413,일,2,하차,0.09615384615384616,2025
413,일,3,승차,0.019230769230769232,2025
413,일,3,하차,0.11538461538461539,2025
413,일,4,승차,1.3846153846153846,2025
413,일,4,하차,1.5961538461538463,2025
413,일,5,승차,7.096153846153846,2025
413,일,5,하차,1.8846153846153846,2025
413,일,6,승차,14.346153846153847,2025
413,일,6,하차,18.192307692307693,2025
413,일,7,승차,19.98076923076923,2025
413,일,7,하차,14.23076923076923,2025
413,일,8,승차,29.942307692307693,2025
413,일,8,하차,20.01923076923077,2025
413,일,9,승차,38.71153846153846,2025
413,일,9,하차,20.634615384615383,2025
413,일,10,승차,34.0,2025
413,일,10,하차,22.865384615384617,2025
413,일,11,승차,35.36538461538461,2025
413,일,11,하차,20.365384615384617,2025
413,일,12,승차,31.78846153846154,2025
413,일,12,하차,22.692307692307693,2025
413,일,13,승차,31.153846153846153,2025
413,일,13,하차,22.46153846153846,2025
413,일,14,승차,29.423076923076923,2025
413,일,14,하차,26.173076923076923,2025
413,일,15,승차,28.25,2025
413,일,15,하차,24.326923076923077,2025
413,일,16,승차,28.115384615384617,2025
413,일,16,하차,24.615384615384617,2025
413,일,17,승차,23.96153846153846,2025
413,일,17,하차,21.942307692307693,2025
413,일,18,승차,15.923076923076923,2025
413,일,18,하차,19.346153846153847,2025
413,일,19,승차,11.384615384615385,2025
413,일,19,하차,17.153846153846153,2025
413,일,20,승차,7.576923076923077,2025
413,일,20,하차,12.307692307692308,2025
413,일,21,승차,4.480769230769231,2025
413,일,21,하차,9.038461538461538,2025
413,일,22,승차,4.25,2025
413,일,22,하차,8.076923076923077,2025
413,일,23,승차,2.4423076923076925,2025
413,일,23,하차,3.9615384615384617,2025
413,주중,0,승차,2.6590038314176243,2025
413,주중,0,하차,3.0766283524904217,2025
413,주중,1,승차,0.1417624521072797,2025
413,주중,1,하차,0.11877394636015326,2025
413,주중,2,승차,0.05363984674329502,2025
413,주중,2,하차,0.10344827586206896,2025
413,주중,3,승차,0.034482758620689655,2025
413,주중,3,하차,0.05363984674329502,2025
413,주중,4,승차,1.5325670498084292,2025
413,주중,4,하차,1.5632183908045978,2025
413,주중,5,승차,12.46360153256705,2025
413,주중,5,하차,2.0,2025
413,주중,6,승차,18.17624521072797,2025
413,주중,6,하차,22.655172413793103,2025
413,주중,7,승차,74.8199233716475,2025
413,주중,7,하차,46.808429118773944,2025
413,주중,8,승차,79.75478927203065,2025
413,주중,8,하차,59.60919540229885,2025
413,주중,9,승차,41.63984674329502,2025
413,주중,9,하차,20.908045977011493,2025
413,주중,10,승차,35.71264367816092,2025
413,주중,10,하차,24.942528735632184,2025
413,주중,11,승차,41.2911877394636,2025
413,주중,11,하차,33.911877394636015,2025
413,주중,12,승차,43.11494252873563,2025
413,주중,12,하차,26.130268199233715,2025
413,주중,13,승차,36.18390804597701,2025
413,주중,13,하차,30.731800766283524,2025
413,주중,14,승차,32.50191570881226,2025
413,주중,14,하차,26.229885057471265,2025
413,주중,15,승차,33.37547892720306,2025
413,주중,15,하차,32.7816091954023,2025
413,주중,16,승차,36.04597701149425,2025
413,주중,16,하차,31.862068965517242,2025
413,주중,17,승차,41.452107279693486,2025
413,주중,17,하차,40.030651340996165,2025
413,주중,18,승차,54.13026819923372,2025
413,주중,18,하차,41.89655172413793,2025
413,주중,19,승차,14.827586206896552,2025
413,주중,19,하차,23.421455938697317,2025
413,주중,20,승차,10.352490421455938,2025
413,주중,20,하차,14.10344827586207,2025
413,주중,21,승차,4.816091954022989,2025
413,주중,21,하차,12.862068965517242,2025
413,주중,22,승차,4.42911877394636,2025
413,주중,22,하차,9.421455938697317,2025
413,주중,23,승차,3.4482758620689653,2025
413,주중,23,하차,4.620689655172414,2025
413,토,0,승차,2.75,2025
413,토,0,하차,3.7884615384615383,2025
413,토,1,승차,0.07692307692307693,2025
413,토,1,하차,0.019230769230769232,2025
413,토,2,승차,0.057692307692307696,2025
413,토,2,하차,0.038461538461538464,2025
413,토,3,승차,0.038461538461538464,2025
413,토,3,하차,0.019230769230769232,2025
413,토,4,승차,1.4038461538461537,2025
413,토,4,하차,1.4230769230769231,2025
413,토,5,승차,11.26923076923077,2025
413,토,5,하차,2.5961538461538463,2025
413,토,6,승차,13.0,2025
413,토,6,하차,19.78846153846154,2025
413,토,7,승차,31.403846153846153,2025
413,토,7,하차,23.307692307692307,2025
413,토,8,승차,43.15384615384615,2025
413,토,8,하차,26.634615384615383,2025
413,토,9,승차,37.26923076923077,2025
413,토,9,하차,21.846153846153847,2025
413,토,10,승차,40.57692307692308,2025
413,토,10,하차,30.48076923076923,2025
413,토,11,승차,49.73076923076923,2025
413,토,11,하차,27.596153846153847,2025
413,토,12,승차,39.46153846153846,2025
413,토,12,하차,25.884615384615383,2025
413,토,13,승차,34.26923076923077,2025
413,토,13,하차,27.615384615384617,2025
413,토,14,승차,30.53846153846154,2025
413,토,14,하차,29.192307692307693,2025
413,토,15,승차,33.71153846153846,2025
413,토,15,하차,25.76923076923077,2025
413,토,16,승차,37.19230769230769,2025
413,토,16,하차,26.442307692307693,2025
413,토,17,승차,44.46153846153846,2025
413,토,17,하차,23.21153846153846,2025
413,토,18,승차,21.442307692307693,2025
413,토,18,하차,19.384615384615383,2025
413,토,19,승차,13.75,2025
413,토,19,하차,18.096153846153847,2025
413,토,20,승차,8.884615384615385,2025
413,토,20,하차,14.596153846153847,2025
413,토,21,승차,6.884615384615385,2025
413,토,21,하차,12.211538461538462,2025
413,토,22,승차,4.326923076923077,2025
413,토,22,하차,9.653846153846153,2025
413,토,23,승차,3.4038461538461537,2025
413,토,23,하차,5.961538461538462,2025
414,일,0,승차,0.5,2025
414,일,0,하차,13.076923076923077,2025
414,일,1,승차,0.07692307692307693,2025
414,일,1,하차,0.09615384615384616,2025
414,일,2,승차,0.0,2025
414,일,2,하차,0.11538461538461539,2025
414,일,3,승차,0.038461538461538464,2025
414,일,3,하차,0.038461538461538464,2025
414,일,4,승차,4.346153846153846,2025
414,일,4,하차,0.2692307692307692,2025
414,일,5,승차,26.115384615384617,2025
414,일,5,하차,2.2115384615384617,2025
414,일,6,승차,36.98076923076923,2025
414,일,6,하차,58.17307692307692,2025
414,일,7,승차,51.63461538461539,2025
414,일,7,하차,47.67307692307692,2025
414,일,8,승차,70.9423076923077,2025
414,일,8,하차,70.07692307692308,2025
414,일,9,승차,116.92307692307692,2025
414,일,9,하차,95.28846153846153,2025
414,일,10,승차,113.07692307692308,2025
414,일,10,하차,83.3076923076923,2025
414,일,11,승차,114.6923076923077,2025
414,일,11,하차,104.40384615384616,2025
414,일,12,승차,106.59615384615384,2025
414,일,12,하차,87.88461538461539,2025
414,일,13,승차,108.4423076923077,2025
414,일,13,하차,96.13461538461539,2025
414,일,14,승차,120.51923076923077,2025
414,일,14,하차,92.42307692307692,2025
414,일,15,승차,125.3076923076923,2025
414,일,15,하차,110.6923076923077,2025
414,일,16,승차,128.1153846153846,2025
414,일,16,하차,106.4423076923077,2025
414,일,17,승차,94.3076923076923,2025
414,일,17,하차,104.17307692307692,2025
414,일,18,승차,86.15384615384616,2025
414,일,18,하차,94.82692307692308,2025
414,일,19,승차,45.73076923076923,2025
414,일,19,하차,68.13461538461539,2025
414,일,20,승차,33.92307692307692,2025
414,일,20,하차,60.26923076923077,2025
414,일,21,승차,17.846153846153847,2025
414,일,21,하차,46.17307692307692,2025
414,일,22,승차,10.615384615384615,2025
414,일,22,하차,38.21153846153846,2025
414,일,23,승차,5.211538461538462,2025
414,일,23,하차,22.326923076923077,2025
414,주중,0,승차,0.48659003831417624,2025
414,주중,0,하차,18.03448275862069,2025
414,주중,1,승차,0.14942528735632185,2025
414,주중,1,하차,0.12260536398467432,2025
414,주중,2,승차,0.04597701149425287,2025
414,주중,2,하차,0.19157088122605365,2025
414,주중,3,승차,0.03065134099616858,2025
414,주중,3,하차,0.04980842911877394,2025
414,주중,4,승차,7.517241379310345,2025
414,주중,4,하차,0.3831417624521073,2025
414,주중,5,승차,36.689655172413794,2025
414,주중,5,하차,2.218390804597701,2025
414,주중,6,승차,62.701149425287355,2025
414,주중,6,하차,79.09578544061303,2025
414,주중,7,승차,190.4712643678161,2025
414,주중,7,하차,96.7624521072797,2025
414,주중,8,승차,199.39846743295018,2025
414,주중,8,하차,148.46743295019158,2025
414,주중,9,승차,150.34865900383141,2025
414,주중,9,하차,90.39080459770115,2025
414,주중,10,승차,128.29885057471265,2025
414,주중,10,하차,91.30268199233717,2025
414,주중,11,승차,135.55938697318007,2025
414,주중,11,하차,119.51340996168582,2025
414,주중,12,승차,129.17624521072796,2025
414,주중,12,하차,113.88122605363985,2025
414,주중,13,승차,128.13793103448276,2025
414,주중,13,하차,118.2911877394636,2025
414,주중,14,승차,124.4521072796935,2025
414,주중,14,하차,104.75862068965517,2025
414,주중,15,승차,131.455938697318,2025
414,주중,15,하차,135.8697318007663,2025
414,주중,16,승차,153.36398467432952,2025
414,주중,16,하차,134.3256704980843,2025
414,주중,17,승차,177.29885057471265,2025
414,주중,17,하차,172.69731800766283,2025
414,주중,18,승차,147.29501915708812,2025
414,주중,18,하차,180.360153256705,2025
414,주중,19,승차,50.01149425287356,2025
414,주중,19,하차,107.00383141762453,2025
414,주중,20,승차,37.77777777777778,2025
414,주중,20,하차,78.32183908045977,2025
414,주중,21,승차,19.256704980842912,2025
414,주중,21,하차,61.75478927203065,2025
414,주중,22,승차,10.329501915708812,2025
414,주중,22,하차,56.758620689655174,2025
414,주중,23,승차,5.911877394636015,2025
414,주중,23,하차,32.53256704980843,2025
414,토,0,승차,0.5769230769230769,2025
414,토,0,하차,20.76923076923077,2025
414,토,1,승차,0.057692307692307696,2025
414,토,1,하차,0.1346153846153846,2025
414,토,2,승차,0.11538461538461539,2025
414,토,2,하차,0.17307692307692307,2025
414,토,3,승차,0.0,2025
414,토,3,하차,0.0,2025
414,토,4,승차,6.826923076923077,2025
414,토,4,하차,0.38461538461538464,2025
414,토,5,승차,36.80769230769231,2025
414,토,5,하차,2.1153846153846154,2025
414,토,6,승차,40.07692307692308,2025
414,토,6,하차,65.38461538461539,2025
414,토,7,승차,87.5576923076923,2025
414,토,7,하차,56.90384615384615,2025
414,토,8,승차,109.61538461538461,2025
414,토,8,하차,85.8076923076923,2025
414,토,9,승차,132.94230769230768,2025
414,토,9,하차,86.40384615384616,2025
414,토,10,승차,132.44230769230768,2025
414,토,10,하차,95.67307692307692,2025
414,토,11,승차,153.03846153846155,2025
414,토,11,하차,120.65384615384616,2025
414,토,12,승차,134.0,2025
414,토,12,하차,103.73076923076923,2025
414,토,13,승차,133.82692307692307,2025
414,토,13,하차,112.42307692307692,2025
414,토,14,승차,131.01923076923077,2025
414,토,14,하차,107.25,2025
414,토,15,승차,138.32692307692307,2025
414,토,15,하차,118.73076923076923,2025
414,토,16,승차,151.96153846153845,2025
414,토,16,하차,117.86538461538461,2025
414,토,17,승차,133.8653846153846,2025
414,토,17,하차,130.51923076923077,2025
414,토,18,승차,99.90384615384616,2025
414,토,18,하차,106.92307692307692,2025
414,토,19,승차,50.19230769230769,2025
414,토,19,하차,74.59615384615384,2025
414,토,20,승차,38.48076923076923,2025
414,토,20,하차,75.98076923076923,2025
414,토,21,승차,22.153846153846153,2025
414,토,21,하차,61.40384615384615,2025
414,토,22,승차,12.826923076923077,2025
414,토,22,하차,56.90384615384615,2025
414,토,23,승차,7.423076923076923,2025
414,토,23,하차,40.09615384615385,2025
